path,label
train/anger/image0021840.jpg,7
train/anger/image0021846.jpg,6
train/anger/image0021851.jpg,3
train/anger/image0021865.jpg,6
train/anger/image0021869.jpg,6
train/anger/image0021881.jpg,6
train/anger/image0021888.jpg,6
train/anger/image0021889.jpg,6
train/anger/image0021893.jpg,6
train/anger/image0021894.jpg,6
train/anger/image0021900.jpg,6
train/anger/image0021907.jpg,6
train/anger/image0021923.jpg,6
train/anger/image0021925.jpg,7
train/anger/image0021941.jpg,3
train/anger/image0021945.jpg,6
train/anger/image0021948.jpg,6
train/anger/image0021951.jpg,0
train/anger/image0021955.jpg,6
train/anger/image0021959.jpg,2
train/anger/image0021963.jpg,6
train/anger/image0021964.jpg,6
train/anger/image0021977.jpg,6
train/anger/image0021982.jpg,6
train/anger/image0021983.jpg,6
train/anger/image0021987.jpg,2
train/anger/image0022009.jpg,6
train/anger/image0022012.jpg,7
train/anger/image0022017.jpg,6
train/anger/image0022023.jpg,6
train/anger/image0022026.jpg,0
train/anger/image0022042.jpg,6
train/anger/image0022045.jpg,6
train/anger/image0022051.jpg,6
train/anger/image0022071.jpg,5
train/anger/image0022085.jpg,0
train/anger/image0022092.jpg,6
train/anger/image0022096.jpg,6
train/anger/image0022103.jpg,7
train/anger/image0022105.jpg,3
train/anger/image0022116.jpg,5
train/anger/image0022125.jpg,6
train/anger/image0022134.jpg,1
train/anger/image0022138.jpg,6
train/anger/image0022139.jpg,5
train/anger/image0022154.jpg,6
train/anger/image0022156.jpg,5
train/anger/image0022165.jpg,6
train/anger/image0022178.jpg,6
train/anger/image0022189.jpg,0
train/anger/image0022190.jpg,6
train/anger/image0022204.jpg,6
train/anger/image0022209.jpg,0
train/anger/image0022216.jpg,6
train/anger/image0022223.jpg,6
train/anger/image0022225.jpg,3
train/anger/image0022250.jpg,5
train/anger/image0022253.jpg,6
train/anger/image0022258.jpg,6
train/anger/image0022267.jpg,6
train/anger/image0022273.jpg,6
train/anger/image0022277.jpg,2
train/anger/image0022279.jpg,0
train/anger/image0022281.jpg,2
train/anger/image0022286.jpg,0
train/anger/image0022289.jpg,5
train/anger/image0022294.jpg,6
train/anger/image0022307.jpg,5
train/anger/image0022313.jpg,6
train/anger/image0022323.jpg,6
train/anger/image0022327.jpg,6
train/anger/image0022332.jpg,6
train/anger/image0022335.jpg,3
train/anger/image0022377.jpg,0
train/anger/image0022381.jpg,6
train/anger/image0022383.jpg,7
train/anger/image0022392.jpg,6
train/anger/image0022393.jpg,6
train/anger/image0022399.jpg,3
train/anger/image0022401.jpg,6
train/anger/image0022418.jpg,4
train/anger/image0022433.jpg,6
train/anger/image0022439.jpg,6
train/anger/image0022441.jpg,6
train/anger/image0022443.jpg,6
train/anger/image0022455.jpg,6
train/anger/image0022456.jpg,6
train/anger/image0022460.jpg,6
train/anger/image0022477.jpg,0
train/anger/image0022486.jpg,6
train/anger/image0022500.jpg,5
train/anger/image0022507.jpg,6
train/anger/image0022523.jpg,6
train/anger/image0022532.jpg,6
train/anger/image0022534.jpg,6
train/anger/image0022537.jpg,0
train/anger/image0022552.jpg,6
train/anger/image0022557.jpg,6
train/anger/image0022562.jpg,6
train/anger/image0022563.jpg,0
train/anger/image0022573.jpg,3
train/anger/image0022595.jpg,5
train/anger/image0022600.jpg,0
train/anger/image0022605.jpg,6
train/anger/image0022607.jpg,6
train/anger/image0022616.jpg,6
train/anger/image0022621.jpg,6
train/anger/image0022626.jpg,3
train/anger/image0022631.jpg,6
train/anger/image0022635.jpg,6
train/anger/image0022637.jpg,6
train/anger/image0022650.jpg,6
train/anger/image0022656.jpg,6
train/anger/image0022665.jpg,6
train/anger/image0022667.jpg,6
train/anger/image0022676.jpg,6
train/anger/image0022679.jpg,4
train/anger/image0022681.jpg,6
train/anger/image0022688.jpg,5
train/anger/image0022691.jpg,6
train/anger/image0022694.jpg,6
train/anger/image0022695.jpg,3
train/anger/image0022696.jpg,6
train/anger/image0022709.jpg,6
train/anger/image0022713.jpg,6
train/anger/image0022725.jpg,4
train/anger/image0022728.jpg,3
train/anger/image0022730.jpg,7
train/anger/image0022753.jpg,3
train/anger/image0022756.jpg,6
train/anger/image0022769.jpg,6
train/anger/image0022777.jpg,6
train/anger/image0022781.jpg,6
train/anger/image0022783.jpg,6
train/anger/image0022787.jpg,6
train/anger/image0022799.jpg,5
train/anger/image0022800.jpg,6
train/anger/image0022810.jpg,6
train/anger/image0022815.jpg,6
train/anger/image0022828.jpg,5
train/anger/image0022836.jpg,6
train/anger/image0022839.jpg,6
train/anger/image0022840.jpg,5
train/anger/image0022841.jpg,4
train/anger/image0022847.jpg,6
train/anger/image0022862.jpg,6
train/anger/image0022876.jpg,7
train/anger/image0022877.jpg,6
train/anger/image0022884.jpg,6
train/anger/image0022886.jpg,6
train/anger/image0022897.jpg,6
train/anger/image0022901.jpg,5
train/anger/image0022911.jpg,6
train/anger/image0022918.jpg,6
train/anger/image0022924.jpg,5
train/anger/image0022942.jpg,6
train/anger/image0022944.jpg,5
train/anger/image0022955.jpg,6
train/anger/image0022966.jpg,6
train/anger/image0022969.jpg,3
train/anger/image0022973.jpg,6
train/anger/image0022975.jpg,6
train/anger/image0022976.jpg,4
train/anger/image0022988.jpg,6
train/anger/image0023000.jpg,0
train/anger/image0023005.jpg,6
train/anger/image0023006.jpg,6
train/anger/image0023007.jpg,6
train/anger/image0023010.jpg,6
train/anger/image0023013.jpg,6
train/anger/image0023014.jpg,6
train/anger/image0023016.jpg,2
train/anger/image0023018.jpg,2
train/anger/image0023021.jpg,6
train/anger/image0023028.jpg,6
train/anger/image0023061.jpg,5
train/anger/image0023066.jpg,6
train/anger/image0023068.jpg,6
train/anger/image0023077.jpg,6
train/anger/image0023083.jpg,2
train/anger/image0023084.jpg,6
train/anger/image0023085.jpg,6
train/anger/image0023101.jpg,6
train/anger/image0023109.jpg,6
train/anger/image0023111.jpg,6
train/anger/image0023113.jpg,6
train/anger/image0023120.jpg,6
train/anger/image0023127.jpg,0
train/anger/image0023132.jpg,6
train/anger/image0023134.jpg,6
train/anger/image0023141.jpg,6
train/anger/image0023160.jpg,2
train/anger/image0023161.jpg,6
train/anger/image0023167.jpg,5
train/anger/image0023174.jpg,5
train/anger/image0023187.jpg,6
train/anger/image0023191.jpg,6
train/anger/image0023193.jpg,6
train/anger/image0023196.jpg,6
train/anger/image0023197.jpg,6
train/anger/image0023201.jpg,6
train/anger/image0023212.jpg,6
train/anger/image0023221.jpg,6
train/anger/image0023228.jpg,6
train/anger/image0023247.jpg,6
train/anger/image0023259.jpg,6
train/anger/image0023264.jpg,6
train/anger/image0023272.jpg,6
train/anger/image0023275.jpg,5
train/anger/image0023289.jpg,6
train/anger/image0023308.jpg,6
train/anger/image0023326.jpg,4
train/anger/image0023347.jpg,6
train/anger/image0023350.jpg,6
train/anger/image0023362.jpg,5
train/anger/image0023366.jpg,5
train/anger/image0023378.jpg,5
train/anger/image0023379.jpg,6
train/anger/image0023391.jpg,6
train/anger/image0023393.jpg,6
train/anger/image0023396.jpg,6
train/anger/image0023397.jpg,5
train/anger/image0023403.jpg,6
train/anger/image0023421.jpg,6
train/anger/image0023427.jpg,5
train/anger/image0023428.jpg,2
train/anger/image0023438.jpg,6
train/anger/image0023447.jpg,6
train/anger/image0023470.jpg,6
train/anger/image0023471.jpg,6
train/anger/image0023479.jpg,6
train/anger/image0023484.jpg,6
train/anger/image0023489.jpg,0
train/anger/image0023515.jpg,6
train/anger/image0023527.jpg,6
train/anger/image0023528.jpg,6
train/anger/image0023531.jpg,2
train/anger/image0023561.jpg,6
train/anger/image0023563.jpg,6
train/anger/image0023566.jpg,2
train/anger/image0023581.jpg,6
train/anger/image0023601.jpg,0
train/anger/image0023605.jpg,5
train/anger/image0023616.jpg,6
train/anger/image0023617.jpg,6
train/anger/image0023618.jpg,6
train/anger/image0023624.jpg,6
train/anger/image0023634.jpg,4
train/anger/image0023639.jpg,6
train/anger/image0023644.jpg,6
train/anger/image0023665.jpg,6
train/anger/image0023666.jpg,6
train/anger/image0023690.jpg,6
train/anger/image0023691.jpg,6
train/anger/image0023698.jpg,6
train/anger/image0023702.jpg,7
train/anger/image0023705.jpg,2
train/anger/image0023709.jpg,6
train/anger/image0023717.jpg,6
train/anger/image0023731.jpg,6
train/anger/image0023733.jpg,6
train/anger/image0023753.jpg,6
train/anger/image0023755.jpg,6
train/anger/image0023756.jpg,5
train/anger/image0023759.jpg,6
train/anger/image0023764.jpg,2
train/anger/image0023765.jpg,6
train/anger/image0023780.jpg,6
train/anger/image0023782.jpg,6
train/anger/image0023792.jpg,4
train/anger/image0023797.jpg,5
train/anger/image0023806.jpg,6
train/anger/image0023823.jpg,6
train/anger/image0023827.jpg,6
train/anger/image0023829.jpg,6
train/anger/image0023832.jpg,6
train/anger/image0023852.jpg,7
train/anger/image0023870.jpg,6
train/anger/image0023875.jpg,7
train/anger/image0023878.jpg,7
train/anger/image0023899.jpg,6
train/anger/image0023942.jpg,7
train/anger/image0023944.jpg,0
train/anger/image0023960.jpg,3
train/anger/image0023965.jpg,6
train/anger/image0023981.jpg,5
train/anger/image0023987.jpg,5
train/anger/image0023992.jpg,6
train/anger/image0024003.jpg,6
train/anger/image0024011.jpg,6
train/anger/image0024023.jpg,6
train/anger/image0024026.jpg,6
train/anger/image0024027.jpg,6
train/anger/image0024038.jpg,0
train/anger/image0024040.jpg,6
train/anger/image0024047.jpg,6
train/anger/image0024055.jpg,6
train/anger/image0024058.jpg,6
train/anger/image0024072.jpg,6
train/anger/image0024073.jpg,5
train/anger/image0024085.jpg,3
train/anger/image0024092.jpg,6
train/anger/image0024110.jpg,6
train/anger/image0024113.jpg,6
train/anger/image0024128.jpg,6
train/anger/image0024133.jpg,5
train/anger/image0024149.jpg,6
train/anger/image0024153.jpg,4
train/anger/image0024155.jpg,6
train/anger/image0024157.jpg,6
train/anger/image0024160.jpg,6
train/anger/image0024161.jpg,6
train/anger/image0024175.jpg,5
train/anger/image0024179.jpg,6
train/anger/image0024190.jpg,0
train/anger/image0024193.jpg,6
train/anger/image0024198.jpg,5
train/anger/image0024202.jpg,6
train/anger/image0024203.jpg,2
train/anger/image0024213.jpg,6
train/anger/image0024223.jpg,6
train/anger/image0024240.jpg,6
train/anger/image0024244.jpg,6
train/anger/image0024258.jpg,6
train/anger/image0024260.jpg,6
train/anger/image0024261.jpg,6
train/anger/image0024269.jpg,6
train/anger/image0024272.jpg,6
train/anger/image0024273.jpg,3
train/anger/image0024275.jpg,6
train/anger/image0024278.jpg,6
train/anger/image0024280.jpg,4
train/anger/image0024303.jpg,6
train/anger/image0024305.jpg,6
train/anger/image0024308.jpg,6
train/anger/image0024325.jpg,6
train/anger/image0024327.jpg,6
train/anger/image0024329.jpg,6
train/anger/image0024343.jpg,6
train/anger/image0024350.jpg,2
train/anger/image0024353.jpg,2
train/anger/image0024370.jpg,6
train/anger/image0024376.jpg,6
train/anger/image0024378.jpg,6
train/anger/image0024385.jpg,0
train/anger/image0024396.jpg,6
train/anger/image0024402.jpg,3
train/anger/image0024410.jpg,6
train/anger/image0024417.jpg,3
train/anger/image0024425.jpg,5
train/anger/image0024444.jpg,6
train/anger/image0024446.jpg,3
train/anger/image0024450.jpg,4
train/anger/image0024469.jpg,6
train/anger/image0024478.jpg,6
train/anger/image0024496.jpg,6
train/anger/image0024514.jpg,6
train/anger/image0024516.jpg,6
train/anger/image0024521.jpg,6
train/anger/image0024537.jpg,5
train/anger/image0024543.jpg,6
train/anger/image0024547.jpg,6
train/anger/image0024551.jpg,6
train/anger/image0024560.jpg,6
train/anger/image0024567.jpg,6
train/anger/image0024578.jpg,5
train/anger/image0024579.jpg,6
train/anger/image0024583.jpg,6
train/anger/image0024586.jpg,0
train/anger/image0024592.jpg,2
train/anger/image0024603.jpg,0
train/anger/image0024610.jpg,6
train/anger/image0024612.jpg,6
train/anger/image0024632.jpg,6
train/anger/image0024634.jpg,6
train/anger/image0024636.jpg,6
train/anger/image0024643.jpg,5
train/anger/image0024646.jpg,6
train/anger/image0024649.jpg,6
train/anger/image0024658.jpg,5
train/anger/image0024660.jpg,4
train/anger/image0024661.jpg,6
train/anger/image0024674.jpg,6
train/anger/image0024677.jpg,6
train/anger/image0024685.jpg,2
train/anger/image0024704.jpg,7
train/anger/image0024711.jpg,6
train/anger/image0024713.jpg,7
train/anger/image0024728.jpg,2
train/anger/image0024732.jpg,6
train/anger/image0024750.jpg,6
train/anger/image0024753.jpg,6
train/anger/image0024756.jpg,6
train/anger/image0024769.jpg,0
train/anger/image0024773.jpg,3
train/anger/image0024784.jpg,6
train/anger/image0024810.jpg,6
train/anger/image0024816.jpg,0
train/anger/image0024820.jpg,3
train/anger/image0024830.jpg,6
train/anger/image0024836.jpg,0
train/anger/image0024840.jpg,6
train/anger/image0024857.jpg,6
train/anger/image0024862.jpg,5
train/anger/image0024865.jpg,6
train/anger/image0024878.jpg,3
train/anger/image0024886.jpg,6
train/anger/image0024920.jpg,0
train/anger/image0024936.jpg,6
train/anger/image0024939.jpg,6
train/anger/image0024941.jpg,5
train/anger/image0024943.jpg,6
train/anger/image0024975.jpg,5
train/anger/image0024979.jpg,6
train/anger/image0024990.jpg,6
train/anger/image0024998.jpg,6
train/anger/image0025009.jpg,7
train/anger/image0025019.jpg,6
train/anger/image0025021.jpg,5
train/anger/image0025045.jpg,6
train/anger/image0025048.jpg,6
train/anger/image0025056.jpg,6
train/anger/image0025062.jpg,6
train/anger/image0025072.jpg,6
train/anger/image0025079.jpg,6
train/anger/image0025081.jpg,6
train/anger/image0025093.jpg,6
train/anger/image0025097.jpg,5
train/anger/image0025099.jpg,6
train/anger/image0025117.jpg,2
train/anger/image0025126.jpg,6
train/anger/image0025142.jpg,6
train/anger/image0025144.jpg,6
train/anger/image0025155.jpg,6
train/anger/image0025156.jpg,6
train/anger/image0025168.jpg,6
train/anger/image0025170.jpg,6
train/anger/image0025183.jpg,0
train/anger/image0025184.jpg,3
train/anger/image0025186.jpg,6
train/anger/image0025188.jpg,7
train/anger/image0025211.jpg,6
train/anger/image0025216.jpg,6
train/anger/image0025236.jpg,6
train/anger/image0025241.jpg,3
train/anger/image0025254.jpg,5
train/anger/image0025255.jpg,6
train/anger/image0025258.jpg,5
train/anger/image0025262.jpg,2
train/anger/image0025266.jpg,6
train/anger/image0025276.jpg,6
train/anger/image0025281.jpg,6
train/anger/image0025288.jpg,6
train/anger/image0025298.jpg,5
train/anger/image0025307.jpg,6
train/anger/image0025315.jpg,6
train/anger/image0025326.jpg,6
train/anger/image0025347.jpg,2
train/anger/image0025350.jpg,5
train/anger/image0025355.jpg,3
train/anger/image0025374.jpg,6
train/anger/image0025386.jpg,2
train/anger/image0025390.jpg,6
train/anger/image0025393.jpg,6
train/anger/image0025403.jpg,6
train/anger/image0025410.jpg,5
train/anger/image0025420.jpg,6
train/anger/image0025421.jpg,3
train/anger/image0025427.jpg,6
train/anger/image0025428.jpg,6
train/anger/image0025440.jpg,6
train/anger/image0025459.jpg,6
train/anger/image0025468.jpg,4
train/anger/image0025474.jpg,6
train/anger/image0025485.jpg,6
train/anger/image0025487.jpg,2
train/anger/image0025491.jpg,6
train/anger/image0025498.jpg,6
train/anger/image0025499.jpg,6
train/anger/image0025506.jpg,6
train/anger/image0025528.jpg,2
train/anger/image0025541.jpg,5
train/anger/image0025547.jpg,7
train/anger/image0025554.jpg,5
train/anger/image0025559.jpg,6
train/anger/image0025562.jpg,5
train/anger/image0025576.jpg,4
train/anger/image0025577.jpg,6
train/anger/image0025578.jpg,6
train/anger/image0025579.jpg,6
train/anger/image0025581.jpg,2
train/anger/image0025582.jpg,6
train/anger/image0025587.jpg,6
train/anger/image0025593.jpg,6
train/anger/image0025619.jpg,6
train/anger/image0025624.jpg,6
train/anger/image0025626.jpg,6
train/anger/image0025630.jpg,2
train/anger/image0025635.jpg,6
train/anger/image0025639.jpg,5
train/anger/image0025642.jpg,6
train/anger/image0025650.jpg,6
train/anger/image0025651.jpg,6
train/anger/image0025655.jpg,5
train/anger/image0025657.jpg,6
train/anger/image0025661.jpg,6
train/anger/image0025674.jpg,7
train/anger/image0025685.jpg,0
train/anger/image0025695.jpg,6
train/anger/image0025699.jpg,6
train/anger/image0025700.jpg,6
train/anger/image0025722.jpg,6
train/anger/image0025723.jpg,6
train/anger/image0025734.jpg,6
train/anger/image0025741.jpg,4
train/anger/image0025743.jpg,0
train/anger/image0025749.jpg,5
train/anger/image0025751.jpg,6
train/anger/image0025754.jpg,5
train/anger/image0025755.jpg,6
train/anger/image0025770.jpg,7
train/anger/image0025782.jpg,6
train/anger/image0025798.jpg,5
train/anger/image0025799.jpg,6
train/anger/image0025804.jpg,6
train/anger/image0025817.jpg,6
train/anger/image0025819.jpg,0
train/anger/image0025829.jpg,6
train/anger/image0025840.jpg,6
train/anger/image0025852.jpg,5
train/anger/image0025853.jpg,6
train/anger/image0025856.jpg,0
train/anger/image0025860.jpg,6
train/anger/image0025863.jpg,0
train/anger/image0025868.jpg,6
train/anger/image0025869.jpg,6
train/anger/image0025879.jpg,6
train/anger/image0025884.jpg,6
train/anger/image0025887.jpg,6
train/anger/image0025901.jpg,6
train/anger/image0025904.jpg,6
train/anger/image0025922.jpg,6
train/anger/image0025923.jpg,6
train/anger/image0025924.jpg,6
train/anger/image0025929.jpg,6
train/anger/image0025948.jpg,3
train/anger/image0025968.jpg,6
train/anger/image0025990.jpg,6
train/anger/image0025996.jpg,5
train/anger/image0026001.jpg,6
train/anger/image0026008.jpg,6
train/anger/image0026012.jpg,6
train/anger/image0026016.jpg,6
train/anger/image0026017.jpg,6
train/anger/image0026022.jpg,6
train/anger/image0026025.jpg,6
train/anger/image0026028.jpg,6
train/anger/image0026036.jpg,6
train/anger/image0026075.jpg,6
train/anger/image0026076.jpg,6
train/anger/image0026081.jpg,5
train/anger/image0026083.jpg,6
train/anger/image0026091.jpg,6
train/anger/image0026102.jpg,6
train/anger/image0026112.jpg,6
train/anger/image0026118.jpg,5
train/anger/image0026121.jpg,6
train/anger/image0026124.jpg,0
train/anger/image0026127.jpg,3
train/anger/image0026143.jpg,4
train/anger/image0026154.jpg,2
train/anger/image0026163.jpg,2
train/anger/image0026173.jpg,6
train/anger/image0026181.jpg,6
train/anger/image0026186.jpg,6
train/anger/image0026190.jpg,6
train/anger/image0026192.jpg,6
train/anger/image0026194.jpg,6
train/anger/image0026213.jpg,6
train/anger/image0026221.jpg,7
train/anger/image0026227.jpg,3
train/anger/image0026250.jpg,3
train/anger/image0026253.jpg,4
train/anger/image0026261.jpg,6
train/anger/image0026269.jpg,6
train/anger/image0026273.jpg,5
train/anger/image0026280.jpg,5
train/anger/image0026281.jpg,3
train/anger/image0026285.jpg,6
train/anger/image0026288.jpg,4
train/anger/image0026293.jpg,6
train/anger/image0026299.jpg,6
train/anger/image0026304.jpg,6
train/anger/image0026309.jpg,6
train/anger/image0026324.jpg,5
train/anger/image0026334.jpg,6
train/anger/image0026338.jpg,3
train/anger/image0026344.jpg,6
train/anger/image0026348.jpg,6
train/anger/image0026349.jpg,6
train/anger/image0026372.jpg,6
train/anger/image0026381.jpg,3
train/anger/image0026389.jpg,5
train/anger/image0026394.jpg,0
train/anger/image0026397.jpg,3
train/anger/image0026404.jpg,5
train/anger/image0026409.jpg,0
train/anger/image0026410.jpg,6
train/anger/image0026425.jpg,4
train/anger/image0026428.jpg,6
train/anger/image0026441.jpg,6
train/anger/image0026453.jpg,6
train/anger/image0026461.jpg,6
train/anger/image0026465.jpg,6
train/anger/image0026470.jpg,6
train/anger/image0026473.jpg,6
train/anger/image0026481.jpg,5
train/anger/image0026483.jpg,6
train/anger/image0026485.jpg,6
train/anger/image0026493.jpg,6
train/anger/image0026505.jpg,6
train/anger/image0026509.jpg,6
train/anger/image0026516.jpg,6
train/anger/image0026536.jpg,5
train/anger/image0026543.jpg,6
train/anger/image0026549.jpg,0
train/anger/image0026557.jpg,6
train/anger/image0026558.jpg,6
train/anger/image0026560.jpg,6
train/anger/image0026573.jpg,6
train/anger/image0026574.jpg,6
train/anger/image0026575.jpg,6
train/anger/image0026586.jpg,6
train/anger/image0026587.jpg,5
train/anger/image0026591.jpg,6
train/anger/image0026596.jpg,6
train/anger/image0026600.jpg,6
train/anger/image0026607.jpg,6
train/anger/image0026609.jpg,6
train/anger/image0026613.jpg,6
train/anger/image0026618.jpg,6
train/anger/image0026625.jpg,6
train/anger/image0026635.jpg,6
train/anger/image0026643.jpg,6
train/anger/image0026650.jpg,6
train/anger/image0026663.jpg,5
train/anger/image0026667.jpg,2
train/anger/image0026674.jpg,6
train/anger/image0026677.jpg,6
train/anger/image0026680.jpg,6
train/anger/image0026681.jpg,5
train/anger/image0026689.jpg,6
train/anger/image0026690.jpg,6
train/anger/image0026692.jpg,6
train/anger/image0026703.jpg,6
train/anger/image0026705.jpg,2
train/anger/image0026707.jpg,5
train/anger/image0026710.jpg,6
train/anger/image0026716.jpg,6
train/anger/image0026717.jpg,6
train/anger/image0026718.jpg,6
train/anger/image0026728.jpg,6
train/anger/image0026733.jpg,5
train/anger/image0026741.jpg,6
train/anger/image0026745.jpg,6
train/anger/image0026747.jpg,6
train/anger/image0026748.jpg,2
train/anger/image0026764.jpg,6
train/anger/image0026769.jpg,6
train/anger/image0026773.jpg,6
train/anger/image0026774.jpg,6
train/anger/image0026778.jpg,5
train/anger/image0026786.jpg,5
train/anger/image0026797.jpg,6
train/anger/image0026798.jpg,4
train/anger/image0026804.jpg,6
train/anger/image0026806.jpg,6
train/anger/image0026807.jpg,5
train/anger/image0026810.jpg,5
train/anger/image0026815.jpg,5
train/anger/image0026816.jpg,6
train/anger/image0026817.jpg,6
train/anger/image0026818.jpg,6
train/anger/image0026819.jpg,6
train/anger/image0026820.jpg,6
train/anger/image0026821.jpg,6
train/anger/image0026823.jpg,0
train/anger/image0026827.jpg,1
train/anger/image0026830.jpg,0
train/anger/image0026831.jpg,5
train/anger/image0026832.jpg,6
train/anger/image0026835.jpg,6
train/anger/image0026836.jpg,3
train/anger/image0026844.jpg,6
train/anger/image0026847.jpg,4
train/anger/image0026851.jpg,6
train/anger/image0026853.jpg,6
train/anger/image0026855.jpg,6
train/anger/image0026859.jpg,6
train/anger/image0026860.jpg,7
train/anger/image0026862.jpg,4
train/anger/image0026872.jpg,6
train/anger/image0026875.jpg,6
train/anger/image0026881.jpg,3
train/anger/image0026883.jpg,6
train/anger/image0026887.jpg,0
train/anger/image0026902.jpg,7
train/anger/image0026911.jpg,6
train/anger/image0026913.jpg,6
train/anger/image0026914.jpg,7
train/anger/image0026926.jpg,6
train/anger/image0026927.jpg,6
train/anger/image0026941.jpg,6
train/anger/image0026944.jpg,6
train/anger/image0026949.jpg,6
train/anger/image0026954.jpg,5
train/anger/image0026956.jpg,3
train/anger/image0026965.jpg,6
train/anger/image0026966.jpg,5
train/anger/image0026970.jpg,6
train/anger/image0026971.jpg,6
train/anger/image0026975.jpg,6
train/anger/image0026981.jpg,0
train/anger/image0027000.jpg,5
train/anger/image0027007.jpg,6
train/anger/image0027011.jpg,6
train/anger/image0027013.jpg,6
train/anger/image0027018.jpg,3
train/anger/image0027024.jpg,0
train/anger/image0027031.jpg,6
train/anger/image0027032.jpg,6
train/anger/image0027033.jpg,6
train/anger/image0027035.jpg,6
train/anger/image0027038.jpg,6
train/anger/image0027041.jpg,6
train/anger/image0027042.jpg,6
train/anger/image0027062.jpg,6
train/anger/image0027063.jpg,5
train/anger/image0027070.jpg,6
train/anger/image0027072.jpg,6
train/anger/image0027074.jpg,0
train/anger/image0027082.jpg,6
train/anger/image0027095.jpg,6
train/anger/image0027097.jpg,6
train/anger/image0027104.jpg,2
train/anger/image0027107.jpg,6
train/anger/image0027121.jpg,6
train/anger/image0027122.jpg,6
train/anger/image0027125.jpg,0
train/anger/image0027139.jpg,6
train/anger/image0027142.jpg,5
train/anger/image0027145.jpg,6
train/anger/image0027152.jpg,5
train/anger/image0027154.jpg,6
train/anger/image0027173.jpg,7
train/anger/image0027175.jpg,6
train/anger/image0027190.jpg,6
train/anger/image0027202.jpg,6
train/anger/image0027209.jpg,6
train/anger/image0027210.jpg,0
train/anger/image0027218.jpg,6
train/anger/image0027224.jpg,6
train/anger/image0027225.jpg,5
train/anger/image0027232.jpg,6
train/anger/image0027245.jpg,6
train/anger/image0027247.jpg,6
train/anger/image0027253.jpg,0
train/anger/image0027254.jpg,3
train/anger/image0027265.jpg,6
train/anger/image0027266.jpg,2
train/anger/image0027267.jpg,4
train/anger/image0027268.jpg,6
train/anger/image0027269.jpg,6
train/anger/image0027278.jpg,5
train/anger/image0027283.jpg,3
train/anger/image0027294.jpg,6
train/anger/image0027295.jpg,6
train/anger/image0027299.jpg,6
train/anger/image0027300.jpg,6
train/anger/image0027303.jpg,6
train/anger/image0027307.jpg,6
train/anger/image0027311.jpg,3
train/anger/image0027314.jpg,6
train/anger/image0027316.jpg,3
train/anger/image0027317.jpg,6
train/anger/image0027335.jpg,3
train/anger/image0027338.jpg,6
train/anger/image0027343.jpg,6
train/anger/image0027344.jpg,5
train/anger/image0027348.jpg,6
train/anger/image0027349.jpg,5
train/anger/image0027364.jpg,3
train/anger/image0027375.jpg,6
train/anger/image0027379.jpg,0
train/anger/image0027383.jpg,6
train/anger/image0027397.jpg,6
train/anger/image0027399.jpg,2
train/anger/image0027402.jpg,7
train/anger/image0027419.jpg,6
train/anger/image0027427.jpg,6
train/anger/image0027433.jpg,0
train/anger/image0027435.jpg,6
train/anger/image0027438.jpg,6
train/anger/image0027439.jpg,6
train/anger/image0027444.jpg,6
train/anger/image0027446.jpg,6
train/anger/image0027448.jpg,6
train/anger/image0027450.jpg,6
train/anger/image0027453.jpg,0
train/anger/image0027454.jpg,6
train/anger/image0027457.jpg,6
train/anger/image0027459.jpg,6
train/anger/image0027464.jpg,6
train/anger/image0027468.jpg,6
train/anger/image0027472.jpg,6
train/anger/image0027475.jpg,6
train/anger/image0027476.jpg,6
train/anger/image0027477.jpg,6
train/anger/image0027483.jpg,6
train/anger/image0027484.jpg,6
train/anger/image0027485.jpg,5
train/anger/image0027496.jpg,6
train/anger/image0027501.jpg,2
train/anger/image0027502.jpg,6
train/anger/image0027504.jpg,6
train/anger/image0027508.jpg,6
train/anger/image0027509.jpg,2
train/anger/image0027515.jpg,5
train/anger/image0027517.jpg,2
train/anger/image0027537.jpg,5
train/anger/image0027545.jpg,4
train/anger/image0027550.jpg,6
train/anger/image0027554.jpg,6
train/anger/image0027564.jpg,6
train/anger/image0027568.jpg,6
train/anger/image0027580.jpg,6
train/anger/image0027583.jpg,6
train/anger/image0027589.jpg,6
train/anger/image0027593.jpg,6
train/anger/image0027605.jpg,7
train/anger/image0027610.jpg,6
train/anger/image0027616.jpg,1
train/anger/image0027625.jpg,7
train/anger/image0027628.jpg,6
train/anger/image0027634.jpg,6
train/anger/image0027637.jpg,0
train/anger/image0027648.jpg,5
train/anger/image0027656.jpg,6
train/anger/image0027658.jpg,5
train/anger/image0027660.jpg,6
train/anger/image0027662.jpg,6
train/anger/image0027665.jpg,6
train/anger/image0027670.jpg,6
train/anger/image0027679.jpg,6
train/anger/image0027687.jpg,6
train/anger/image0027692.jpg,6
train/anger/image0027698.jpg,6
train/anger/image0027699.jpg,3
train/anger/image0027700.jpg,7
train/anger/image0027703.jpg,6
train/anger/image0027716.jpg,6
train/anger/image0027717.jpg,4
train/anger/image0027721.jpg,6
train/anger/image0027723.jpg,6
train/anger/image0027734.jpg,6
train/anger/image0027743.jpg,6
train/anger/image0027746.jpg,6
train/anger/image0027752.jpg,6
train/anger/image0027763.jpg,6
train/anger/image0027765.jpg,6
train/anger/image0027783.jpg,6
train/anger/image0027790.jpg,6
train/anger/image0027797.jpg,6
train/anger/image0027803.jpg,5
train/anger/image0027809.jpg,6
train/anger/image0027816.jpg,6
train/anger/image0027831.jpg,4
train/anger/image0027841.jpg,7
train/anger/image0027850.jpg,5
train/anger/image0027855.jpg,6
train/anger/image0027858.jpg,5
train/anger/image0027865.jpg,6
train/anger/image0027870.jpg,6
train/anger/image0027872.jpg,6
train/anger/image0027874.jpg,5
train/anger/image0027882.jpg,6
train/anger/image0027893.jpg,0
train/anger/image0027898.jpg,6
train/anger/image0027901.jpg,6
train/anger/image0027903.jpg,6
train/anger/image0027909.jpg,6
train/anger/image0027917.jpg,6
train/anger/image0027920.jpg,0
train/anger/image0027923.jpg,0
train/anger/image0027943.jpg,5
train/anger/image0027944.jpg,5
train/anger/image0027947.jpg,6
train/anger/image0027949.jpg,5
train/anger/image0027955.jpg,6
train/anger/image0027957.jpg,6
train/anger/image0027972.jpg,6
train/anger/image0027987.jpg,2
train/anger/image0027991.jpg,5
train/anger/image0028000.jpg,6
train/anger/image0028004.jpg,6
train/anger/image0028005.jpg,6
train/anger/image0028009.jpg,6
train/anger/image0028023.jpg,5
train/anger/image0028024.jpg,6
train/anger/image0028025.jpg,6
train/anger/image0028026.jpg,6
train/anger/image0028031.jpg,0
train/anger/image0028037.jpg,2
train/anger/image0028039.jpg,6
train/anger/image0028042.jpg,6
train/anger/image0028043.jpg,3
train/anger/image0028044.jpg,5
train/anger/image0028063.jpg,6
train/anger/image0028071.jpg,6
train/anger/image0028075.jpg,6
train/anger/image0028078.jpg,3
train/anger/image0028083.jpg,5
train/anger/image0028085.jpg,6
train/anger/image0028086.jpg,6
train/anger/image0028092.jpg,6
train/anger/image0028095.jpg,6
train/anger/image0028097.jpg,6
train/anger/image0028099.jpg,6
train/anger/image0028100.jpg,1
train/anger/image0028116.jpg,7
train/anger/image0028121.jpg,4
train/anger/image0028124.jpg,6
train/anger/image0028129.jpg,5
train/anger/image0028131.jpg,6
train/anger/image0028132.jpg,6
train/anger/image0028133.jpg,2
train/anger/image0028136.jpg,6
train/anger/image0028139.jpg,6
train/anger/image0028152.jpg,6
train/anger/image0028154.jpg,3
train/anger/image0028158.jpg,6
train/anger/image0028161.jpg,5
train/anger/image0028166.jpg,6
train/anger/image0028169.jpg,6
train/anger/image0028174.jpg,6
train/anger/image0028175.jpg,1
train/anger/image0028176.jpg,5
train/anger/image0028194.jpg,6
train/anger/image0028197.jpg,6
train/anger/image0028201.jpg,3
train/anger/image0028202.jpg,5
train/anger/image0028205.jpg,4
train/anger/image0028210.jpg,6
train/anger/image0028212.jpg,6
train/anger/image0028222.jpg,6
train/anger/image0028225.jpg,6
train/anger/image0028229.jpg,6
train/anger/image0028232.jpg,6
train/anger/image0028235.jpg,5
train/anger/image0028243.jpg,4
train/anger/image0028246.jpg,6
train/anger/image0028251.jpg,6
train/anger/image0028252.jpg,3
train/anger/image0028255.jpg,6
train/anger/image0028267.jpg,4
train/anger/image0028273.jpg,2
train/anger/image0028279.jpg,6
train/anger/image0028285.jpg,2
train/anger/image0028289.jpg,6
train/anger/image0028290.jpg,6
train/anger/image0028330.jpg,6
train/anger/image0028331.jpg,6
train/anger/image0028332.jpg,6
train/anger/image0028338.jpg,0
train/anger/image0028339.jpg,6
train/anger/image0028340.jpg,2
train/anger/image0028341.jpg,7
train/anger/image0028344.jpg,6
train/anger/image0028349.jpg,6
train/anger/image0028356.jpg,6
train/anger/image0028360.jpg,6
train/anger/image0028361.jpg,0
train/anger/image0028362.jpg,6
train/anger/image0028368.jpg,6
train/anger/image0028372.jpg,4
train/anger/image0028373.jpg,5
train/anger/image0028374.jpg,6
train/anger/image0028384.jpg,6
train/anger/image0028393.jpg,6
train/anger/image0028394.jpg,5
train/anger/image0028397.jpg,3
train/anger/image0028399.jpg,0
train/anger/image0028400.jpg,6
train/anger/image0028401.jpg,6
train/anger/image0028409.jpg,6
train/anger/image0028418.jpg,6
train/anger/image0028426.jpg,6
train/anger/image0028435.jpg,2
train/anger/image0028441.jpg,6
train/anger/image0028455.jpg,0
train/anger/image0028458.jpg,6
train/anger/image0028481.jpg,6
train/anger/image0028482.jpg,6
train/anger/image0028483.jpg,6
train/anger/image0028503.jpg,6
train/anger/image0028506.jpg,5
train/anger/image0028512.jpg,0
train/anger/image0028514.jpg,6
train/anger/image0028515.jpg,6
train/anger/image0028517.jpg,6
train/anger/image0028518.jpg,6
train/anger/image0028521.jpg,5
train/anger/image0028537.jpg,6
train/anger/image0028540.jpg,3
train/anger/image0028549.jpg,2
train/anger/image0028550.jpg,5
train/anger/image0028561.jpg,0
train/anger/image0028562.jpg,0
train/anger/image0028563.jpg,6
train/anger/image0028566.jpg,2
train/anger/image0028572.jpg,7
train/anger/image0028585.jpg,6
train/anger/image0028592.jpg,6
train/anger/image0028595.jpg,6
train/anger/image0028597.jpg,6
train/anger/image0028599.jpg,5
train/anger/image0028606.jpg,6
train/anger/image0028607.jpg,0
train/anger/image0028616.jpg,6
train/anger/image0028619.jpg,6
train/anger/image0028627.jpg,6
train/anger/image0028638.jpg,6
train/anger/image0028646.jpg,0
train/anger/image0028656.jpg,5
train/anger/image0028657.jpg,6
train/anger/image0028661.jpg,6
train/anger/image0028664.jpg,6
train/anger/image0028671.jpg,6
train/anger/image0028678.jpg,6
train/anger/image0028684.jpg,5
train/anger/image0028685.jpg,5
train/anger/image0028690.jpg,6
train/anger/image0028696.jpg,5
train/anger/image0028709.jpg,5
train/anger/image0028721.jpg,5
train/anger/image0028727.jpg,7
train/anger/image0028729.jpg,6
train/anger/image0028730.jpg,6
train/anger/image0028745.jpg,6
train/anger/image0028746.jpg,5
train/anger/image0028754.jpg,2
train/anger/image0028763.jpg,6
train/anger/image0028764.jpg,3
train/anger/image0028802.jpg,5
train/anger/image0028803.jpg,6
train/anger/image0028808.jpg,2
train/anger/image0028815.jpg,6
train/anger/image0028822.jpg,6
train/anger/image0028825.jpg,6
train/anger/image0028831.jpg,3
train/anger/image0028833.jpg,4
train/anger/image0028837.jpg,6
train/anger/image0028839.jpg,3
train/anger/image0028840.jpg,6
train/anger/image0028841.jpg,5
train/anger/image0028843.jpg,6
train/anger/image0028858.jpg,6
train/anger/image0028859.jpg,6
train/anger/image0028870.jpg,6
train/anger/image0028875.jpg,7
train/anger/image0028880.jpg,0
train/anger/image0028889.jpg,6
train/anger/image0028891.jpg,4
train/anger/image0028894.jpg,6
train/anger/image0028899.jpg,6
train/anger/image0028901.jpg,6
train/anger/image0028913.jpg,6
train/anger/image0028916.jpg,5
train/anger/image0028918.jpg,6
train/anger/image0028926.jpg,3
train/anger/image0028928.jpg,6
train/anger/image0028930.jpg,6
train/anger/image0028936.jpg,3
train/anger/image0028937.jpg,6
train/anger/image0028947.jpg,6
train/anger/image0028961.jpg,5
train/anger/image0028965.jpg,6
train/anger/image0028974.jpg,6
train/anger/image0028975.jpg,6
train/anger/image0028977.jpg,6
train/anger/image0028982.jpg,6
train/anger/image0028989.jpg,2
train/anger/image0028991.jpg,5
train/anger/image0028993.jpg,3
train/anger/image0029003.jpg,6
train/anger/image0029006.jpg,6
train/anger/image0029009.jpg,5
train/anger/image0029015.jpg,5
train/anger/image0029022.jpg,6
train/anger/image0029027.jpg,5
train/anger/image0029033.jpg,0
train/anger/image0029079.jpg,6
train/anger/image0029088.jpg,6
train/anger/image0029093.jpg,2
train/anger/image0029099.jpg,7
train/anger/image0029107.jpg,6
train/anger/image0029110.jpg,6
train/anger/image0029117.jpg,4
train/anger/image0029127.jpg,6
train/anger/image0029130.jpg,5
train/anger/image0029132.jpg,6
train/anger/image0029134.jpg,6
train/anger/image0029157.jpg,6
train/anger/image0029165.jpg,6
train/anger/image0029174.jpg,6
train/anger/image0029178.jpg,6
train/anger/image0029182.jpg,2
train/anger/image0029184.jpg,2
train/anger/image0029185.jpg,6
train/anger/image0029186.jpg,6
train/anger/image0029188.jpg,6
train/anger/image0029201.jpg,5
train/anger/image0029208.jpg,5
train/anger/image0029216.jpg,6
train/anger/image0029220.jpg,2
train/anger/image0029222.jpg,6
train/anger/image0029228.jpg,0
train/anger/image0029230.jpg,6
train/anger/image0029236.jpg,6
train/anger/image0029237.jpg,6
train/anger/image0029254.jpg,6
train/anger/image0029255.jpg,6
train/anger/image0029267.jpg,5
train/anger/image0029268.jpg,6
train/anger/image0029271.jpg,6
train/anger/image0029293.jpg,6
train/anger/image0029296.jpg,6
train/anger/image0029306.jpg,2
train/anger/image0029307.jpg,6
train/anger/image0029317.jpg,7
train/anger/image0029318.jpg,6
train/anger/image0029323.jpg,6
train/anger/image0029330.jpg,7
train/anger/image0029334.jpg,6
train/anger/image0029345.jpg,6
train/anger/image0029346.jpg,6
train/anger/image0029352.jpg,5
train/anger/image0029353.jpg,6
train/anger/image0029360.jpg,6
train/anger/image0029365.jpg,0
train/anger/image0029369.jpg,6
train/anger/image0029370.jpg,4
train/anger/image0029372.jpg,2
train/anger/image0029373.jpg,6
train/anger/image0029379.jpg,0
train/anger/image0029383.jpg,6
train/anger/image0029398.jpg,3
train/anger/image0029405.jpg,6
train/anger/image0029411.jpg,6
train/anger/image0029416.jpg,6
train/anger/image0029438.jpg,6
train/anger/image0029442.jpg,5
train/anger/image0029456.jpg,6
train/anger/image0029469.jpg,6
train/anger/image0029492.jpg,6
train/anger/image0029494.jpg,6
train/anger/image0029497.jpg,5
train/anger/image0029507.jpg,6
train/anger/image0029516.jpg,6
train/anger/image0029518.jpg,5
train/anger/image0029549.jpg,4
train/anger/image0029553.jpg,5
train/anger/image0029558.jpg,6
train/anger/image0029562.jpg,6
train/anger/image0029565.jpg,6
train/anger/image0029576.jpg,3
train/anger/image0029586.jpg,6
train/anger/image0029588.jpg,6
train/anger/image0029594.jpg,1
train/anger/image0029618.jpg,6
train/anger/image0029619.jpg,6
train/anger/image0029628.jpg,6
train/anger/image0029633.jpg,6
train/anger/image0029635.jpg,6
train/anger/image0029638.jpg,6
train/anger/image0029641.jpg,6
train/anger/image0029651.jpg,6
train/anger/image0029652.jpg,3
train/anger/image0029658.jpg,6
train/anger/image0029663.jpg,2
train/anger/image0029667.jpg,6
train/anger/image0029673.jpg,5
train/anger/image0029674.jpg,5
train/anger/image0029677.jpg,5
train/anger/image0029679.jpg,6
train/anger/image0029684.jpg,6
train/anger/image0029689.jpg,6
train/anger/image0029696.jpg,5
train/anger/image0029700.jpg,6
train/anger/image0029709.jpg,6
train/anger/image0029714.jpg,6
train/anger/image0029716.jpg,0
train/anger/image0029717.jpg,6
train/anger/image0029726.jpg,6
train/anger/image0029729.jpg,6
train/anger/image0029735.jpg,6
train/anger/image0029753.jpg,6
train/anger/image0029754.jpg,6
train/anger/image0029761.jpg,6
train/anger/image0029766.jpg,4
train/anger/image0029768.jpg,6
train/anger/image0029770.jpg,2
train/anger/image0029773.jpg,6
train/anger/image0029788.jpg,0
train/anger/image0029791.jpg,5
train/anger/image0029797.jpg,6
train/anger/image0029801.jpg,6
train/anger/image0029806.jpg,6
train/anger/image0029810.jpg,2
train/anger/image0029815.jpg,6
train/anger/image0029817.jpg,2
train/anger/image0029818.jpg,7
train/anger/image0029819.jpg,6
train/anger/image0029835.jpg,5
train/anger/image0029836.jpg,6
train/anger/image0029847.jpg,5
train/anger/image0029853.jpg,6
train/anger/image0029857.jpg,4
train/anger/image0029860.jpg,7
train/anger/image0029864.jpg,6
train/anger/image0029880.jpg,6
train/anger/image0029882.jpg,6
train/anger/image0029892.jpg,5
train/anger/image0029894.jpg,6
train/anger/image0029895.jpg,6
train/anger/image0029896.jpg,6
train/anger/image0029899.jpg,6
train/anger/image0029904.jpg,7
train/anger/image0029923.jpg,4
train/anger/image0029928.jpg,6
train/anger/image0029930.jpg,6
train/anger/image0029950.jpg,6
train/anger/image0029959.jpg,6
train/anger/image0029977.jpg,0
train/anger/image0029990.jpg,4
train/anger/image0030018.jpg,6
train/anger/image0030021.jpg,6
train/anger/image0030022.jpg,6
train/anger/image0030028.jpg,5
train/anger/image0030030.jpg,6
train/anger/image0030032.jpg,6
train/anger/image0030037.jpg,6
train/anger/image0030046.jpg,6
train/anger/image0030048.jpg,5
train/anger/image0030051.jpg,4
train/anger/image0030053.jpg,6
train/anger/image0030063.jpg,5
train/anger/image0030069.jpg,5
train/anger/image0030080.jpg,6
train/anger/image0030086.jpg,0
train/anger/image0030088.jpg,6
train/anger/image0030095.jpg,6
train/anger/image0030102.jpg,0
train/anger/image0030107.jpg,5
train/anger/image0030109.jpg,6
train/anger/image0030118.jpg,6
train/anger/image0030119.jpg,6
train/anger/image0030121.jpg,6
train/anger/image0030124.jpg,6
train/anger/image0030130.jpg,0
train/anger/image0030136.jpg,4
train/anger/image0030141.jpg,6
train/anger/image0030142.jpg,6
train/anger/image0030154.jpg,5
train/anger/image0030155.jpg,6
train/anger/image0030158.jpg,6
train/anger/image0030162.jpg,6
train/anger/image0030164.jpg,0
train/anger/image0030166.jpg,6
train/anger/image0030169.jpg,7
train/anger/image0030171.jpg,6
train/anger/image0030173.jpg,6
train/anger/image0030182.jpg,6
train/anger/image0030192.jpg,6
train/anger/image0030197.jpg,4
train/anger/image0030204.jpg,7
train/anger/image0030215.jpg,0
train/anger/image0030216.jpg,6
train/anger/image0030217.jpg,6
train/anger/image0030223.jpg,5
train/anger/image0030227.jpg,6
train/anger/image0030237.jpg,3
train/anger/image0030243.jpg,6
train/anger/image0030257.jpg,6
train/anger/image0030258.jpg,6
train/anger/image0030271.jpg,6
train/anger/image0030272.jpg,6
train/anger/image0030273.jpg,6
train/anger/image0030277.jpg,3
train/anger/image0030283.jpg,6
train/anger/image0030284.jpg,5
train/anger/image0030289.jpg,6
train/anger/image0030292.jpg,6
train/anger/image0030298.jpg,2
train/anger/image0030300.jpg,4
train/anger/image0030301.jpg,6
train/anger/image0030304.jpg,6
train/anger/image0030318.jpg,5
train/anger/image0030332.jpg,6
train/anger/image0030338.jpg,6
train/anger/image0030340.jpg,5
train/anger/image0030362.jpg,3
train/anger/image0030364.jpg,3
train/anger/image0030369.jpg,6
train/anger/image0030374.jpg,6
train/anger/image0030375.jpg,6
train/anger/image0030382.jpg,5
train/anger/image0030392.jpg,6
train/anger/image0030401.jpg,6
train/anger/image0030407.jpg,6
train/anger/image0030411.jpg,6
train/anger/image0030417.jpg,6
train/anger/image0030424.jpg,6
train/anger/image0030426.jpg,6
train/anger/image0030429.jpg,3
train/anger/image0030435.jpg,6
train/anger/image0030447.jpg,6
train/anger/image0030450.jpg,6
train/anger/image0030458.jpg,6
train/anger/image0030459.jpg,6
train/anger/image0030467.jpg,6
train/anger/image0030468.jpg,6
train/anger/image0030475.jpg,6
train/anger/image0030476.jpg,6
train/anger/image0030477.jpg,6
train/anger/image0030483.jpg,6
train/anger/image0030492.jpg,2
train/anger/image0030493.jpg,7
train/anger/image0030497.jpg,6
train/anger/image0030498.jpg,6
train/anger/image0030500.jpg,5
train/anger/image0030504.jpg,0
train/anger/image0030506.jpg,6
train/anger/image0030513.jpg,6
train/anger/image0030527.jpg,2
train/anger/image0030532.jpg,6
train/anger/image0030534.jpg,6
train/anger/image0030536.jpg,6
train/anger/image0030538.jpg,6
train/anger/image0030541.jpg,6
train/anger/image0030543.jpg,0
train/anger/image0030547.jpg,6
train/anger/image0030553.jpg,5
train/anger/image0030562.jpg,6
train/anger/image0030564.jpg,6
train/anger/image0030566.jpg,4
train/anger/image0030570.jpg,2
train/anger/image0030574.jpg,6
train/anger/image0030575.jpg,6
train/anger/image0030576.jpg,6
train/anger/image0030581.jpg,7
train/anger/image0030583.jpg,6
train/anger/image0030586.jpg,6
train/anger/image0030587.jpg,6
train/anger/image0030590.jpg,6
train/anger/image0030595.jpg,6
train/anger/image0030604.jpg,6
train/anger/image0030605.jpg,6
train/anger/image0030610.jpg,6
train/anger/image0030615.jpg,0
train/anger/image0030617.jpg,6
train/anger/image0030618.jpg,6
train/anger/image0030619.jpg,6
train/anger/image0030624.jpg,6
train/anger/image0030626.jpg,6
train/anger/image0030628.jpg,6
train/anger/image0030632.jpg,4
train/anger/image0030636.jpg,5
train/anger/image0030638.jpg,7
train/anger/image0030640.jpg,0
train/anger/image0030642.jpg,6
train/anger/image0030668.jpg,6
train/anger/image0030673.jpg,6
train/anger/image0030677.jpg,6
train/anger/image0030679.jpg,6
train/anger/image0030683.jpg,6
train/anger/image0030688.jpg,6
train/anger/image0030690.jpg,6
train/anger/image0030693.jpg,6
train/anger/image0030695.jpg,6
train/anger/image0030702.jpg,3
train/anger/image0030706.jpg,6
train/anger/image0030714.jpg,5
train/anger/image0030715.jpg,6
train/anger/image0030718.jpg,5
train/anger/image0030719.jpg,6
train/anger/image0030722.jpg,4
train/anger/image0030725.jpg,6
train/anger/image0030727.jpg,6
train/anger/image0030731.jpg,6
train/anger/image0030737.jpg,6
train/anger/image0030739.jpg,6
train/anger/image0030742.jpg,6
train/anger/image0030745.jpg,5
train/anger/image0030746.jpg,5
train/anger/image0030751.jpg,6
train/anger/image0030763.jpg,6
train/contempt/image0035984.jpg,7
train/contempt/image0035991.jpg,0
train/contempt/image0036002.jpg,4
train/contempt/image0036007.jpg,7
train/contempt/image0036014.jpg,0
train/contempt/image0036019.jpg,7
train/contempt/image0036021.jpg,7
train/contempt/image0036025.jpg,7
train/contempt/image0036026.jpg,5
train/contempt/image0036037.jpg,6
train/contempt/image0036038.jpg,7
train/contempt/image0036039.jpg,7
train/contempt/image0036056.jpg,7
train/contempt/image0036058.jpg,0
train/contempt/image0036068.jpg,7
train/contempt/image0036070.jpg,7
train/contempt/image0036075.jpg,7
train/contempt/image0036080.jpg,7
train/contempt/image0036087.jpg,7
train/contempt/image0036090.jpg,1
train/contempt/image0036093.jpg,7
train/contempt/image0036095.jpg,7
train/contempt/image0036096.jpg,7
train/contempt/image0036098.jpg,7
train/contempt/image0036100.jpg,1
train/contempt/image0036112.jpg,1
train/contempt/image0036117.jpg,7
train/contempt/image0036120.jpg,7
train/contempt/image0036130.jpg,6
train/contempt/image0036136.jpg,7
train/contempt/image0036144.jpg,0
train/contempt/image0036146.jpg,1
train/contempt/image0036150.jpg,7
train/contempt/image0036152.jpg,7
train/contempt/image0036172.jpg,5
train/contempt/image0036176.jpg,7
train/contempt/image0036184.jpg,7
train/contempt/image0036187.jpg,7
train/contempt/image0036189.jpg,7
train/contempt/image0036193.jpg,7
train/contempt/image0036196.jpg,2
train/contempt/image0036197.jpg,7
train/contempt/image0036199.jpg,7
train/contempt/image0036201.jpg,7
train/contempt/image0036203.jpg,7
train/contempt/image0036209.jpg,7
train/contempt/image0036213.jpg,7
train/contempt/image0036222.jpg,4
train/contempt/image0036225.jpg,0
train/contempt/image0036227.jpg,6
train/contempt/image0036230.jpg,1
train/contempt/image0036242.jpg,3
train/contempt/image0036243.jpg,7
train/contempt/image0036251.jpg,3
train/contempt/image0036256.jpg,7
train/contempt/image0036264.jpg,3
train/contempt/image0036265.jpg,7
train/contempt/image0036270.jpg,3
train/contempt/image0036271.jpg,7
train/contempt/image0036278.jpg,7
train/contempt/image0036288.jpg,0
train/contempt/image0036290.jpg,5
train/contempt/image0036291.jpg,7
train/contempt/image0036299.jpg,7
train/contempt/image0036300.jpg,7
train/contempt/image0036306.jpg,0
train/contempt/image0036308.jpg,7
train/contempt/image0036313.jpg,0
train/contempt/image0036314.jpg,1
train/contempt/image0036319.jpg,7
train/contempt/image0036323.jpg,7
train/contempt/image0036326.jpg,1
train/contempt/image0036339.jpg,7
train/contempt/image0036344.jpg,7
train/contempt/image0036346.jpg,1
train/contempt/image0036350.jpg,7
train/contempt/image0036354.jpg,7
train/contempt/image0036355.jpg,0
train/contempt/image0036369.jpg,7
train/contempt/image0036387.jpg,7
train/contempt/image0036392.jpg,5
train/contempt/image0036396.jpg,7
train/contempt/image0036404.jpg,7
train/contempt/image0036407.jpg,7
train/contempt/image0036414.jpg,7
train/contempt/image0036415.jpg,7
train/contempt/image0036419.jpg,7
train/contempt/image0036423.jpg,7
train/contempt/image0036426.jpg,7
train/contempt/image0036435.jpg,7
train/contempt/image0036441.jpg,7
train/contempt/image0036453.jpg,5
train/contempt/image0036455.jpg,7
train/contempt/image0036460.jpg,0
train/contempt/image0036464.jpg,4
train/contempt/image0036478.jpg,7
train/contempt/image0036481.jpg,3
train/contempt/image0036488.jpg,0
train/contempt/image0036493.jpg,7
train/contempt/image0036494.jpg,1
train/contempt/image0036497.jpg,7
train/contempt/image0036511.jpg,4
train/contempt/image0036514.jpg,7
train/contempt/image0036515.jpg,7
train/contempt/image0036516.jpg,7
train/contempt/image0036518.jpg,7
train/contempt/image0036520.jpg,7
train/contempt/image0036529.jpg,7
train/contempt/image0036536.jpg,4
train/contempt/image0036542.jpg,7
train/contempt/image0036546.jpg,7
train/contempt/image0036548.jpg,7
train/contempt/image0036551.jpg,7
train/contempt/image0036554.jpg,7
train/contempt/image0036555.jpg,6
train/contempt/image0036556.jpg,7
train/contempt/image0036561.jpg,7
train/contempt/image0036563.jpg,7
train/contempt/image0036572.jpg,0
train/contempt/image0036585.jpg,5
train/contempt/image0036586.jpg,7
train/contempt/image0036587.jpg,6
train/contempt/image0036591.jpg,7
train/contempt/image0036593.jpg,7
train/contempt/image0036604.jpg,0
train/contempt/image0036608.jpg,7
train/contempt/image0036610.jpg,7
train/contempt/image0036614.jpg,7
train/contempt/image0036617.jpg,7
train/contempt/image0036621.jpg,1
train/contempt/image0036625.jpg,7
train/contempt/image0036626.jpg,7
train/contempt/image0036628.jpg,7
train/contempt/image0036630.jpg,6
train/contempt/image0036634.jpg,7
train/contempt/image0036636.jpg,7
train/contempt/image0036642.jpg,5
train/contempt/image0036643.jpg,7
train/contempt/image0036653.jpg,1
train/contempt/image0036656.jpg,7
train/contempt/image0036665.jpg,7
train/contempt/image0036675.jpg,7
train/contempt/image0036700.jpg,7
train/contempt/image0036701.jpg,7
train/contempt/image0036704.jpg,7
train/contempt/image0036707.jpg,1
train/contempt/image0036710.jpg,7
train/contempt/image0036711.jpg,7
train/contempt/image0036726.jpg,0
train/contempt/image0036733.jpg,5
train/contempt/image0036738.jpg,1
train/contempt/image0036744.jpg,7
train/contempt/image0036747.jpg,7
train/contempt/image0036748.jpg,1
train/contempt/image0036750.jpg,7
train/contempt/image0036755.jpg,7
train/contempt/image0036765.jpg,6
train/contempt/image0036774.jpg,7
train/contempt/image0036779.jpg,7
train/contempt/image0036781.jpg,2
train/contempt/image0036798.jpg,3
train/contempt/image0036805.jpg,7
train/contempt/image0036813.jpg,7
train/contempt/image0036814.jpg,7
train/contempt/image0036821.jpg,0
train/contempt/image0036833.jpg,7
train/contempt/image0036834.jpg,1
train/contempt/image0036841.jpg,7
train/contempt/image0036849.jpg,7
train/contempt/image0036851.jpg,7
train/contempt/image0036852.jpg,7
train/contempt/image0036855.jpg,7
train/contempt/image0036862.jpg,7
train/contempt/image0036865.jpg,7
train/contempt/image0036869.jpg,3
train/contempt/image0036889.jpg,6
train/contempt/image0036896.jpg,7
train/contempt/image0036905.jpg,7
train/contempt/image0036908.jpg,7
train/contempt/image0036921.jpg,7
train/contempt/image0036922.jpg,7
train/contempt/image0036928.jpg,7
train/contempt/image0036937.jpg,7
train/contempt/image0036941.jpg,7
train/contempt/image0036942.jpg,7
train/contempt/image0036947.jpg,7
train/contempt/image0036958.jpg,7
train/contempt/image0036969.jpg,7
train/contempt/image0036973.jpg,7
train/contempt/image0036976.jpg,0
train/contempt/image0036979.jpg,0
train/contempt/image0036985.jpg,7
train/contempt/image0036989.jpg,0
train/contempt/image0036995.jpg,0
train/contempt/image0036996.jpg,3
train/contempt/image0036999.jpg,1
train/contempt/image0037000.jpg,7
train/contempt/image0037002.jpg,1
train/contempt/image0037015.jpg,7
train/contempt/image0037016.jpg,7
train/contempt/image0037018.jpg,7
train/contempt/image0037025.jpg,6
train/contempt/image0037026.jpg,5
train/contempt/image0037027.jpg,7
train/contempt/image0037031.jpg,7
train/contempt/image0037033.jpg,7
train/contempt/image0037045.jpg,7
train/contempt/image0037046.jpg,7
train/contempt/image0037049.jpg,7
train/contempt/image0037051.jpg,7
train/contempt/image0037054.jpg,7
train/contempt/image0037055.jpg,6
train/contempt/image0037062.jpg,0
train/contempt/image0037064.jpg,7
train/contempt/image0037067.jpg,7
train/contempt/image0037069.jpg,7
train/contempt/image0037071.jpg,7
train/contempt/image0037072.jpg,7
train/contempt/image0037074.jpg,7
train/contempt/image0037077.jpg,7
train/contempt/image0037091.jpg,7
train/contempt/image0037094.jpg,7
train/contempt/image0037104.jpg,7
train/contempt/image0037106.jpg,5
train/contempt/image0037109.jpg,5
train/contempt/image0037119.jpg,7
train/contempt/image0037129.jpg,1
train/contempt/image0037131.jpg,7
train/contempt/image0037134.jpg,7
train/contempt/image0037136.jpg,7
train/contempt/image0037146.jpg,6
train/contempt/image0037150.jpg,7
train/contempt/image0037153.jpg,7
train/contempt/image0037157.jpg,7
train/contempt/image0037163.jpg,7
train/contempt/image0037170.jpg,1
train/contempt/image0037194.jpg,7
train/contempt/image0037197.jpg,5
train/contempt/image0037217.jpg,7
train/contempt/image0037236.jpg,6
train/contempt/image0037246.jpg,7
train/contempt/image0037249.jpg,7
train/contempt/image0037258.jpg,7
train/contempt/image0037259.jpg,7
train/contempt/image0037260.jpg,7
train/contempt/image0037265.jpg,7
train/contempt/image0037277.jpg,7
train/contempt/image0037281.jpg,7
train/contempt/image0037298.jpg,6
train/contempt/image0037299.jpg,7
train/contempt/image0037305.jpg,3
train/contempt/image0037306.jpg,7
train/contempt/image0037315.jpg,7
train/contempt/image0037318.jpg,7
train/contempt/image0037322.jpg,7
train/contempt/image0037330.jpg,7
train/contempt/image0037334.jpg,7
train/contempt/image0037335.jpg,7
train/contempt/image0037344.jpg,7
train/contempt/image0037347.jpg,7
train/contempt/image0037348.jpg,7
train/contempt/image0037360.jpg,7
train/contempt/image0037361.jpg,0
train/contempt/image0037370.jpg,7
train/contempt/image0037374.jpg,7
train/contempt/image0037378.jpg,0
train/contempt/image0037388.jpg,7
train/contempt/image0037389.jpg,7
train/contempt/image0037393.jpg,7
train/contempt/image0037394.jpg,7
train/contempt/image0037395.jpg,1
train/contempt/image0037397.jpg,2
train/contempt/image0037403.jpg,7
train/contempt/image0037410.jpg,5
train/contempt/image0037411.jpg,0
train/contempt/image0037414.jpg,7
train/contempt/image0037426.jpg,7
train/contempt/image0037428.jpg,7
train/contempt/image0037431.jpg,2
train/contempt/image0037433.jpg,7
train/contempt/image0037443.jpg,0
train/contempt/image0037451.jpg,0
train/contempt/image0037459.jpg,1
train/contempt/image0037461.jpg,6
train/contempt/image0037469.jpg,7
train/contempt/image0037470.jpg,7
train/contempt/image0037477.jpg,3
train/contempt/image0037480.jpg,7
train/contempt/image0037497.jpg,7
train/contempt/image0037500.jpg,7
train/contempt/image0037508.jpg,7
train/contempt/image0037514.jpg,7
train/contempt/image0037515.jpg,7
train/contempt/image0037517.jpg,0
train/contempt/image0037518.jpg,5
train/contempt/image0037522.jpg,7
train/contempt/image0037523.jpg,1
train/contempt/image0037524.jpg,7
train/contempt/image0037525.jpg,7
train/contempt/image0037535.jpg,7
train/contempt/image0037547.jpg,6
train/contempt/image0037551.jpg,7
train/contempt/image0037561.jpg,3
train/contempt/image0037563.jpg,3
train/contempt/image0037568.jpg,7
train/contempt/image0037575.jpg,7
train/contempt/image0037577.jpg,7
train/contempt/image0037588.jpg,7
train/contempt/image0037592.jpg,7
train/contempt/image0037593.jpg,0
train/contempt/image0037595.jpg,7
train/contempt/image0037596.jpg,1
train/contempt/image0037598.jpg,7
train/contempt/image0037600.jpg,7
train/contempt/image0037610.jpg,7
train/contempt/image0037615.jpg,7
train/contempt/image0037619.jpg,7
train/contempt/image0037621.jpg,1
train/contempt/image0037633.jpg,7
train/contempt/image0037638.jpg,7
train/contempt/image0037652.jpg,7
train/contempt/image0037654.jpg,5
train/contempt/image0037666.jpg,7
train/contempt/image0037669.jpg,7
train/contempt/image0037672.jpg,1
train/contempt/image0037674.jpg,7
train/contempt/image0037677.jpg,7
train/contempt/image0037678.jpg,7
train/contempt/image0037687.jpg,1
train/contempt/image0037696.jpg,7
train/contempt/image0037701.jpg,5
train/contempt/image0037706.jpg,5
train/contempt/image0037709.jpg,1
train/contempt/image0037715.jpg,5
train/contempt/image0037716.jpg,7
train/contempt/image0037719.jpg,7
train/contempt/image0037721.jpg,7
train/contempt/image0037724.jpg,7
train/contempt/image0037749.jpg,2
train/contempt/image0037753.jpg,7
train/contempt/image0037756.jpg,0
train/contempt/image0037757.jpg,7
train/contempt/image0037763.jpg,7
train/contempt/image0037764.jpg,0
train/contempt/image0037765.jpg,7
train/contempt/image0037766.jpg,7
train/contempt/image0037772.jpg,3
train/contempt/image0037774.jpg,7
train/contempt/image0037797.jpg,7
train/contempt/image0037804.jpg,2
train/contempt/image0037805.jpg,7
train/contempt/image0037807.jpg,7
train/contempt/image0037810.jpg,7
train/contempt/image0037813.jpg,7
train/contempt/image0037814.jpg,0
train/contempt/image0037815.jpg,7
train/contempt/image0037816.jpg,1
train/contempt/image0037820.jpg,7
train/contempt/image0037821.jpg,7
train/contempt/image0037824.jpg,0
train/contempt/image0037840.jpg,7
train/contempt/image0037841.jpg,7
train/contempt/image0037853.jpg,7
train/contempt/image0037874.jpg,7
train/contempt/image0037879.jpg,7
train/contempt/image0037883.jpg,5
train/contempt/image0037894.jpg,7
train/contempt/image0037895.jpg,1
train/contempt/image0037898.jpg,6
train/contempt/image0037900.jpg,7
train/contempt/image0037905.jpg,7
train/contempt/image0037910.jpg,2
train/contempt/image0037914.jpg,7
train/contempt/image0037917.jpg,7
train/contempt/image0037921.jpg,3
train/contempt/image0037923.jpg,7
train/contempt/image0037931.jpg,6
train/contempt/image0037943.jpg,7
train/contempt/image0037948.jpg,7
train/contempt/image0037955.jpg,7
train/contempt/image0037958.jpg,7
train/contempt/image0037966.jpg,0
train/contempt/image0037969.jpg,7
train/contempt/image0037970.jpg,7
train/contempt/image0037982.jpg,7
train/contempt/image0037983.jpg,7
train/contempt/image0037989.jpg,5
train/contempt/image0037993.jpg,7
train/contempt/image0037998.jpg,7
train/contempt/image0038007.jpg,5
train/contempt/image0038008.jpg,7
train/contempt/image0038009.jpg,7
train/contempt/image0038011.jpg,5
train/contempt/image0038016.jpg,7
train/contempt/image0038023.jpg,0
train/contempt/image0038024.jpg,1
train/contempt/image0038031.jpg,7
train/contempt/image0038032.jpg,7
train/contempt/image0038038.jpg,0
train/contempt/image0038043.jpg,1
train/contempt/image0038045.jpg,7
train/contempt/image0038046.jpg,2
train/contempt/image0038051.jpg,3
train/contempt/image0038053.jpg,7
train/contempt/image0038062.jpg,3
train/contempt/image0038066.jpg,1
train/contempt/image0038070.jpg,3
train/contempt/image0038072.jpg,7
train/contempt/image0038078.jpg,7
train/contempt/image0038083.jpg,7
train/contempt/image0038086.jpg,7
train/contempt/image0038091.jpg,7
train/contempt/image0038093.jpg,7
train/contempt/image0038105.jpg,6
train/contempt/image0038107.jpg,7
train/contempt/image0038120.jpg,1
train/contempt/image0038125.jpg,5
train/contempt/image0038126.jpg,0
train/contempt/image0038129.jpg,7
train/contempt/image0038139.jpg,1
train/contempt/image0038146.jpg,7
train/contempt/image0038153.jpg,1
train/contempt/image0038157.jpg,7
train/contempt/image0038158.jpg,7
train/contempt/image0038164.jpg,0
train/contempt/image0038165.jpg,7
train/contempt/image0038167.jpg,7
train/contempt/image0038169.jpg,7
train/contempt/image0038175.jpg,0
train/contempt/image0038178.jpg,0
train/contempt/image0038183.jpg,0
train/contempt/image0038185.jpg,7
train/contempt/image0038191.jpg,7
train/contempt/image0038194.jpg,1
train/contempt/image0038208.jpg,0
train/contempt/image0038218.jpg,7
train/contempt/image0038221.jpg,0
train/contempt/image0038222.jpg,7
train/contempt/image0038225.jpg,3
train/contempt/image0038227.jpg,1
train/contempt/image0038231.jpg,7
train/contempt/image0038232.jpg,7
train/contempt/image0038236.jpg,7
train/contempt/image0038238.jpg,7
train/contempt/image0038243.jpg,7
train/contempt/image0038244.jpg,7
train/contempt/image0038248.jpg,7
train/contempt/image0038252.jpg,7
train/contempt/image0038254.jpg,7
train/contempt/image0038264.jpg,0
train/contempt/image0038279.jpg,0
train/contempt/image0038283.jpg,1
train/contempt/image0038285.jpg,7
train/contempt/image0038300.jpg,7
train/contempt/image0038308.jpg,7
train/contempt/image0038312.jpg,7
train/contempt/image0038322.jpg,7
train/contempt/image0038324.jpg,7
train/contempt/image0038326.jpg,7
train/contempt/image0038327.jpg,7
train/contempt/image0038334.jpg,7
train/contempt/image0038352.jpg,6
train/contempt/image0038356.jpg,7
train/contempt/image0038358.jpg,7
train/contempt/image0038363.jpg,0
train/contempt/image0038367.jpg,1
train/contempt/image0038371.jpg,7
train/contempt/image0038372.jpg,2
train/contempt/image0038378.jpg,0
train/contempt/image0038380.jpg,7
train/contempt/image0038381.jpg,7
train/contempt/image0038394.jpg,7
train/contempt/image0038397.jpg,7
train/contempt/image0038398.jpg,7
train/contempt/image0038403.jpg,7
train/contempt/image0038404.jpg,7
train/contempt/image0038411.jpg,5
train/contempt/image0038413.jpg,7
train/contempt/image0038418.jpg,1
train/contempt/image0038423.jpg,7
train/contempt/image0038427.jpg,7
train/contempt/image0038439.jpg,1
train/contempt/image0038446.jpg,2
train/contempt/image0038455.jpg,7
train/contempt/image0038460.jpg,7
train/contempt/image0038466.jpg,7
train/contempt/image0038469.jpg,1
train/contempt/image0038471.jpg,6
train/contempt/image0038473.jpg,7
train/contempt/image0038474.jpg,7
train/contempt/image0038478.jpg,1
train/contempt/image0038493.jpg,7
train/contempt/image0038494.jpg,7
train/contempt/image0038497.jpg,7
train/contempt/image0038506.jpg,7
train/contempt/image0038507.jpg,1
train/contempt/image0038509.jpg,7
train/contempt/image0038510.jpg,7
train/contempt/image0038516.jpg,7
train/contempt/image0038522.jpg,7
train/contempt/image0038532.jpg,7
train/contempt/image0038534.jpg,0
train/contempt/image0038535.jpg,7
train/contempt/image0038538.jpg,7
train/contempt/image0038539.jpg,0
train/contempt/image0038542.jpg,7
train/contempt/image0038546.jpg,7
train/contempt/image0038548.jpg,7
train/contempt/image0038551.jpg,7
train/contempt/image0038578.jpg,7
train/contempt/image0038587.jpg,7
train/contempt/image0038590.jpg,1
train/contempt/image0038591.jpg,3
train/contempt/image0038609.jpg,7
train/contempt/image0038621.jpg,0
train/contempt/image0038626.jpg,1
train/contempt/image0038630.jpg,7
train/contempt/image0038645.jpg,7
train/contempt/image0038646.jpg,7
train/contempt/image0038648.jpg,7
train/contempt/image0038650.jpg,7
train/contempt/image0038656.jpg,7
train/contempt/image0038663.jpg,7
train/contempt/image0038667.jpg,7
train/contempt/image0038678.jpg,7
train/contempt/image0038688.jpg,7
train/contempt/image0038689.jpg,7
train/contempt/image0038697.jpg,7
train/contempt/image0038700.jpg,7
train/contempt/image0038705.jpg,7
train/contempt/image0038707.jpg,6
train/contempt/image0038709.jpg,7
train/contempt/image0038713.jpg,7
train/contempt/image0038730.jpg,0
train/contempt/image0038733.jpg,7
train/contempt/image0038736.jpg,3
train/contempt/image0038741.jpg,7
train/contempt/image0038749.jpg,7
train/contempt/image0038767.jpg,7
train/contempt/image0038771.jpg,7
train/contempt/image0038774.jpg,7
train/contempt/image0038775.jpg,7
train/contempt/image0038787.jpg,7
train/contempt/image0038789.jpg,7
train/contempt/image0038815.jpg,7
train/contempt/image0038821.jpg,6
train/contempt/image0038822.jpg,7
train/contempt/image0038829.jpg,7
train/contempt/image0038831.jpg,7
train/contempt/image0038834.jpg,7
train/contempt/image0038836.jpg,6
train/contempt/image0038837.jpg,1
train/contempt/image0038843.jpg,7
train/contempt/image0038849.jpg,7
train/contempt/image0038851.jpg,7
train/contempt/image0038858.jpg,7
train/contempt/image0038859.jpg,1
train/contempt/image0038862.jpg,0
train/contempt/image0038865.jpg,5
train/contempt/image0038866.jpg,2
train/contempt/image0038871.jpg,0
train/contempt/image0038875.jpg,7
train/contempt/image0038880.jpg,3
train/contempt/image0038888.jpg,2
train/contempt/image0038891.jpg,7
train/contempt/image0038900.jpg,7
train/contempt/image0038905.jpg,7
train/contempt/image0038917.jpg,1
train/contempt/image0038920.jpg,1
train/contempt/image0038924.jpg,6
train/contempt/image0038930.jpg,7
train/contempt/image0038935.jpg,0
train/contempt/image0038937.jpg,7
train/contempt/image0038948.jpg,1
train/contempt/image0038949.jpg,7
train/contempt/image0038957.jpg,7
train/contempt/image0038964.jpg,7
train/contempt/image0038971.jpg,7
train/contempt/image0038979.jpg,1
train/contempt/image0038983.jpg,7
train/contempt/image0038991.jpg,0
train/contempt/image0038992.jpg,7
train/contempt/image0038999.jpg,7
train/contempt/image0039018.jpg,2
train/contempt/image0039019.jpg,7
train/contempt/image0039024.jpg,7
train/contempt/image0039027.jpg,7
train/contempt/image0039031.jpg,7
train/contempt/image0039034.jpg,7
train/contempt/image0039040.jpg,7
train/contempt/image0039044.jpg,7
train/contempt/image0039046.jpg,5
train/contempt/image0039047.jpg,7
train/contempt/image0039050.jpg,7
train/contempt/image0039057.jpg,1
train/contempt/image0039060.jpg,7
train/contempt/image0039079.jpg,7
train/contempt/image0039081.jpg,1
train/contempt/image0039083.jpg,1
train/contempt/image0039085.jpg,7
train/contempt/image0039099.jpg,7
train/contempt/image0039105.jpg,7
train/contempt/image0039106.jpg,7
train/contempt/image0039108.jpg,6
train/contempt/image0039112.jpg,7
train/contempt/image0039121.jpg,1
train/contempt/image0039126.jpg,0
train/contempt/image0039131.jpg,2
train/contempt/image0039134.jpg,7
train/contempt/image0039136.jpg,3
train/contempt/image0039138.jpg,0
train/contempt/image0039151.jpg,7
train/contempt/image0039153.jpg,0
train/contempt/image0039161.jpg,7
train/contempt/image0039164.jpg,7
train/contempt/image0039165.jpg,7
train/contempt/image0039167.jpg,7
train/contempt/image0039182.jpg,7
train/contempt/image0039185.jpg,7
train/contempt/image0039201.jpg,0
train/contempt/image0039204.jpg,1
train/contempt/image0039209.jpg,0
train/contempt/image0039210.jpg,7
train/contempt/image0039215.jpg,7
train/contempt/image0039219.jpg,6
train/contempt/image0039225.jpg,7
train/contempt/image0039231.jpg,7
train/contempt/image0039232.jpg,7
train/contempt/image0039235.jpg,7
train/contempt/image0039236.jpg,7
train/contempt/image0039243.jpg,7
train/contempt/image0039253.jpg,7
train/contempt/image0039258.jpg,5
train/contempt/image0039259.jpg,7
train/contempt/image0039261.jpg,0
train/contempt/image0039269.jpg,7
train/contempt/image0039270.jpg,1
train/contempt/image0039275.jpg,1
train/contempt/image0039276.jpg,0
train/contempt/image0039279.jpg,7
train/contempt/image0039292.jpg,0
train/contempt/image0039293.jpg,7
train/contempt/image0039296.jpg,0
train/contempt/image0039304.jpg,7
train/contempt/image0039306.jpg,7
train/contempt/image0039308.jpg,7
train/contempt/image0039311.jpg,7
train/contempt/image0039323.jpg,1
train/contempt/image0039327.jpg,7
train/contempt/image0039341.jpg,7
train/contempt/image0039346.jpg,7
train/contempt/image0039359.jpg,7
train/contempt/image0039364.jpg,6
train/contempt/image0039373.jpg,7
train/contempt/image0039374.jpg,7
train/contempt/image0039395.jpg,7
train/contempt/image0039398.jpg,7
train/contempt/image0039400.jpg,0
train/contempt/image0039406.jpg,7
train/contempt/image0039409.jpg,7
train/contempt/image0039410.jpg,7
train/contempt/image0039412.jpg,7
train/contempt/image0039413.jpg,7
train/contempt/image0039421.jpg,7
train/contempt/image0039422.jpg,7
train/contempt/image0039427.jpg,0
train/contempt/image0039430.jpg,7
train/contempt/image0039437.jpg,7
train/contempt/image0039449.jpg,7
train/contempt/image0039450.jpg,7
train/contempt/image0039451.jpg,6
train/contempt/image0039456.jpg,7
train/contempt/image0039458.jpg,3
train/contempt/image0039468.jpg,7
train/contempt/image0039475.jpg,7
train/contempt/image0039477.jpg,7
train/contempt/image0039481.jpg,7
train/contempt/image0039486.jpg,5
train/contempt/image0039502.jpg,7
train/contempt/image0039507.jpg,7
train/contempt/image0039512.jpg,7
train/contempt/image0039522.jpg,3
train/contempt/image0039530.jpg,7
train/contempt/image0039539.jpg,3
train/contempt/image0039553.jpg,7
train/contempt/image0039566.jpg,7
train/contempt/image0039573.jpg,3
train/contempt/image0039574.jpg,7
train/contempt/image0039576.jpg,7
train/contempt/image0039577.jpg,7
train/contempt/image0039578.jpg,7
train/contempt/image0039580.jpg,7
train/contempt/image0039584.jpg,7
train/contempt/image0039587.jpg,7
train/contempt/image0039596.jpg,0
train/contempt/image0039598.jpg,7
train/contempt/image0039600.jpg,7
train/contempt/image0039601.jpg,7
train/contempt/image0039618.jpg,7
train/contempt/image0039621.jpg,0
train/contempt/image0039627.jpg,7
train/contempt/image0039637.jpg,2
train/contempt/image0039638.jpg,7
train/contempt/image0039650.jpg,7
train/contempt/image0039654.jpg,1
train/contempt/image0039658.jpg,7
train/contempt/image0039668.jpg,7
train/contempt/image0039673.jpg,7
train/contempt/image0039678.jpg,7
train/contempt/image0039680.jpg,7
train/contempt/image0039681.jpg,7
train/contempt/image0039682.jpg,7
train/contempt/image0039683.jpg,7
train/contempt/image0039685.jpg,7
train/contempt/image0039687.jpg,7
train/contempt/image0039688.jpg,0
train/contempt/image0039696.jpg,7
train/contempt/image0039703.jpg,7
train/contempt/image0039710.jpg,6
train/contempt/image0039724.jpg,6
train/contempt/image0039736.jpg,1
train/contempt/image0039737.jpg,5
train/contempt/image0039749.jpg,7
train/contempt/image0039751.jpg,7
train/contempt/image0039757.jpg,7
train/contempt/image0039760.jpg,7
train/contempt/image0039763.jpg,2
train/contempt/image0039764.jpg,7
train/contempt/image0039768.jpg,7
train/contempt/image0039772.jpg,1
train/contempt/image0039775.jpg,7
train/contempt/image0039785.jpg,7
train/contempt/image0039791.jpg,7
train/contempt/image0039801.jpg,7
train/contempt/image0039802.jpg,7
train/contempt/image0039805.jpg,7
train/contempt/image0039810.jpg,6
train/contempt/image0039811.jpg,7
train/contempt/image0039828.jpg,7
train/contempt/image0039831.jpg,7
train/contempt/image0039832.jpg,7
train/contempt/image0039835.jpg,7
train/contempt/image0039838.jpg,1
train/contempt/image0039844.jpg,7
train/contempt/image0039846.jpg,7
train/contempt/image0039853.jpg,1
train/contempt/image0039856.jpg,3
train/contempt/image0039861.jpg,7
train/contempt/image0039866.jpg,7
train/contempt/image0039869.jpg,6
train/contempt/image0039877.jpg,7
train/contempt/image0039879.jpg,7
train/contempt/image0039881.jpg,7
train/contempt/image0039887.jpg,0
train/contempt/image0039890.jpg,7
train/contempt/image0039891.jpg,7
train/contempt/image0039900.jpg,7
train/contempt/image0039904.jpg,7
train/contempt/image0039913.jpg,7
train/contempt/image0039914.jpg,7
train/contempt/image0039918.jpg,0
train/contempt/image0039920.jpg,7
train/contempt/image0039932.jpg,0
train/contempt/image0039953.jpg,7
train/contempt/image0039957.jpg,7
train/contempt/image0039961.jpg,7
train/contempt/image0039968.jpg,7
train/contempt/image0039969.jpg,1
train/contempt/image0039985.jpg,7
train/contempt/image0039989.jpg,1
train/contempt/image0039993.jpg,7
train/contempt/image0039997.jpg,7
train/contempt/image0040000.jpg,7
train/contempt/image0040001.jpg,7
train/contempt/image0040004.jpg,4
train/contempt/image0040008.jpg,7
train/contempt/image0040013.jpg,7
train/contempt/image0040024.jpg,0
train/contempt/image0040038.jpg,1
train/contempt/image0040041.jpg,7
train/contempt/image0040043.jpg,0
train/contempt/image0040055.jpg,7
train/contempt/image0040060.jpg,7
train/contempt/image0040066.jpg,7
train/contempt/image0040070.jpg,7
train/contempt/image0040075.jpg,7
train/contempt/image0040082.jpg,6
train/contempt/image0040086.jpg,7
train/contempt/image0040096.jpg,7
train/contempt/image0040098.jpg,7
train/contempt/image0040099.jpg,7
train/contempt/image0040101.jpg,7
train/contempt/image0040102.jpg,7
train/contempt/image0040103.jpg,7
train/contempt/image0040105.jpg,7
train/contempt/image0040114.jpg,7
train/contempt/image0040118.jpg,7
train/contempt/image0040120.jpg,7
train/contempt/image0040130.jpg,7
train/contempt/image0040147.jpg,7
train/contempt/image0040153.jpg,0
train/contempt/image0040156.jpg,7
train/contempt/image0040166.jpg,3
train/contempt/image0040174.jpg,7
train/contempt/image0040178.jpg,2
train/contempt/image0040186.jpg,7
train/contempt/image0040187.jpg,7
train/contempt/image0040199.jpg,7
train/contempt/image0040202.jpg,7
train/contempt/image0040203.jpg,5
train/contempt/image0040207.jpg,1
train/contempt/image0040213.jpg,6
train/contempt/image0040216.jpg,7
train/contempt/image0040223.jpg,7
train/contempt/image0040225.jpg,0
train/contempt/image0040230.jpg,7
train/contempt/image0040232.jpg,7
train/contempt/image0040236.jpg,7
train/contempt/image0040237.jpg,6
train/contempt/image0040240.jpg,0
train/contempt/image0040253.jpg,6
train/contempt/image0040255.jpg,5
train/contempt/image0040258.jpg,7
train/contempt/image0040261.jpg,0
train/contempt/image0040267.jpg,7
train/contempt/image0040270.jpg,7
train/contempt/image0040272.jpg,7
train/contempt/image0040286.jpg,0
train/contempt/image0040290.jpg,7
train/contempt/image0040293.jpg,7
train/contempt/image0040300.jpg,7
train/contempt/image0040303.jpg,6
train/contempt/image0040313.jpg,7
train/contempt/image0040318.jpg,0
train/contempt/image0040342.jpg,7
train/contempt/image0040347.jpg,7
train/contempt/image0040348.jpg,2
train/contempt/image0040351.jpg,7
train/contempt/image0040353.jpg,0
train/contempt/image0040355.jpg,7
train/contempt/image0040358.jpg,7
train/contempt/image0040360.jpg,3
train/contempt/image0040362.jpg,7
train/contempt/image0040364.jpg,7
train/contempt/image0040371.jpg,7
train/contempt/image0040382.jpg,7
train/contempt/image0040383.jpg,7
train/contempt/image0040386.jpg,7
train/contempt/image0040390.jpg,0
train/contempt/image0040395.jpg,7
train/contempt/image0040398.jpg,7
train/contempt/image0040407.jpg,7
train/contempt/image0040408.jpg,7
train/contempt/image0040421.jpg,7
train/contempt/image0040422.jpg,7
train/contempt/image0040430.jpg,7
train/contempt/image0040439.jpg,7
train/contempt/image0040453.jpg,7
train/contempt/image0040458.jpg,7
train/contempt/image0040476.jpg,7
train/contempt/image0040477.jpg,7
train/contempt/image0040487.jpg,7
train/contempt/image0040488.jpg,1
train/contempt/image0040490.jpg,6
train/contempt/image0040492.jpg,7
train/contempt/image0040495.jpg,7
train/contempt/image0040498.jpg,1
train/contempt/image0040501.jpg,7
train/contempt/image0040518.jpg,1
train/contempt/image0040519.jpg,6
train/contempt/image0040526.jpg,7
train/contempt/image0040549.jpg,7
train/contempt/image0040551.jpg,7
train/contempt/image0040557.jpg,7
train/contempt/image0040560.jpg,7
train/contempt/image0040562.jpg,7
train/contempt/image0040572.jpg,7
train/contempt/image0040573.jpg,7
train/contempt/image0040577.jpg,7
train/contempt/image0040584.jpg,0
train/contempt/image0040619.jpg,7
train/contempt/image0040623.jpg,7
train/contempt/image0040625.jpg,7
train/contempt/image0040626.jpg,7
train/contempt/image0040628.jpg,7
train/contempt/image0040632.jpg,5
train/contempt/image0040639.jpg,7
train/contempt/image0040640.jpg,7
train/contempt/image0040642.jpg,7
train/contempt/image0040647.jpg,7
train/contempt/image0040652.jpg,7
train/contempt/image0040653.jpg,7
train/contempt/image0040656.jpg,7
train/contempt/image0040659.jpg,7
train/contempt/image0040660.jpg,7
train/contempt/image0040668.jpg,5
train/contempt/image0040675.jpg,6
train/contempt/image0040676.jpg,7
train/contempt/image0040682.jpg,7
train/contempt/image0040683.jpg,7
train/contempt/image0040685.jpg,7
train/contempt/image0040687.jpg,1
train/contempt/image0040689.jpg,7
train/contempt/image0040695.jpg,7
train/contempt/image0040705.jpg,7
train/contempt/image0040713.jpg,1
train/contempt/image0040715.jpg,7
train/contempt/image0040721.jpg,7
train/contempt/image0040723.jpg,5
train/contempt/image0040732.jpg,7
train/contempt/image0040734.jpg,5
train/contempt/image0040735.jpg,7
train/contempt/image0040747.jpg,7
train/contempt/image0040749.jpg,7
train/contempt/image0040769.jpg,3
train/contempt/image0040785.jpg,7
train/contempt/image0040789.jpg,7
train/contempt/image0040797.jpg,0
train/contempt/image0040799.jpg,7
train/contempt/image0040800.jpg,7
train/contempt/image0040803.jpg,7
train/contempt/image0040807.jpg,0
train/contempt/image0040814.jpg,1
train/contempt/image0040819.jpg,7
train/contempt/image0040824.jpg,7
train/contempt/image0040825.jpg,7
train/contempt/image0040832.jpg,7
train/contempt/image0040834.jpg,6
train/contempt/image0040835.jpg,7
train/contempt/image0040842.jpg,1
train/contempt/image0040846.jpg,5
train/contempt/image0040847.jpg,7
train/contempt/image0040849.jpg,1
train/contempt/image0040853.jpg,7
train/contempt/image0040857.jpg,7
train/contempt/image0040860.jpg,7
train/contempt/image0040865.jpg,6
train/contempt/image0040871.jpg,0
train/contempt/image0040873.jpg,7
train/contempt/image0040876.jpg,7
train/contempt/image0040877.jpg,7
train/contempt/image0040891.jpg,7
train/contempt/image0040897.jpg,6
train/contempt/image0040898.jpg,7
train/contempt/image0040903.jpg,1
train/contempt/image0040904.jpg,6
train/contempt/image0040908.jpg,7
train/contempt/image0040909.jpg,7
train/contempt/image0040910.jpg,7
train/contempt/image0040911.jpg,7
train/contempt/image0040919.jpg,7
train/contempt/image0040920.jpg,7
train/contempt/image0040930.jpg,7
train/contempt/image0040931.jpg,7
train/contempt/image0040937.jpg,7
train/contempt/image0040939.jpg,1
train/contempt/image0040943.jpg,2
train/contempt/image0040948.jpg,7
train/contempt/image0040956.jpg,3
train/contempt/image0040958.jpg,7
train/contempt/image0040965.jpg,7
train/contempt/image0040969.jpg,7
train/contempt/image0040970.jpg,7
train/contempt/image0040974.jpg,0
train/contempt/image0040975.jpg,7
train/contempt/image0040977.jpg,7
train/contempt/image0040978.jpg,6
train/contempt/image0040980.jpg,7
train/contempt/image0040981.jpg,5
train/contempt/image0040987.jpg,3
train/contempt/image0040989.jpg,3
train/contempt/image0040990.jpg,3
train/contempt/image0040992.jpg,7
train/contempt/image0040993.jpg,0
train/contempt/image0040994.jpg,7
train/contempt/image0040995.jpg,1
train/contempt/image0040997.jpg,7
train/contempt/image0041000.jpg,7
train/contempt/image0041005.jpg,3
train/contempt/image0041010.jpg,7
train/contempt/image0041011.jpg,7
train/contempt/image0041012.jpg,0
train/contempt/image0041013.jpg,7
train/contempt/image0041019.jpg,7
train/contempt/image0041020.jpg,3
train/contempt/image0041022.jpg,7
train/contempt/image0041023.jpg,7
train/contempt/image0041024.jpg,0
train/contempt/image0041027.jpg,7
train/contempt/image0041029.jpg,7
train/contempt/image0041032.jpg,7
train/contempt/image0041034.jpg,7
train/contempt/image0041040.jpg,5
train/contempt/image0041041.jpg,7
train/contempt/image0041045.jpg,7
train/contempt/image0041048.jpg,6
train/contempt/image0041049.jpg,7
train/contempt/image0041050.jpg,7
train/contempt/image0041051.jpg,6
train/contempt/image0041052.jpg,7
train/contempt/image0041054.jpg,7
train/contempt/image0041058.jpg,7
train/contempt/image0041062.jpg,2
train/contempt/image0041078.jpg,0
train/contempt/image0041080.jpg,6
train/contempt/image0041082.jpg,7
train/contempt/image0041086.jpg,7
train/contempt/image0041088.jpg,7
train/contempt/image0041090.jpg,7
train/contempt/image0041097.jpg,7
train/contempt/image0041100.jpg,7
train/contempt/image0041104.jpg,2
train/contempt/image0041105.jpg,0
train/contempt/image0041114.jpg,7
train/contempt/image0041116.jpg,2
train/contempt/image0041120.jpg,7
train/contempt/image0041125.jpg,7
train/contempt/image0041126.jpg,6
train/contempt/image0041129.jpg,0
train/contempt/image0041130.jpg,7
train/contempt/image0041132.jpg,5
train/contempt/image0041133.jpg,7
train/contempt/image0041136.jpg,7
train/contempt/image0041141.jpg,1
train/contempt/image0041144.jpg,7
train/contempt/image0041146.jpg,7
train/contempt/image0041148.jpg,7
train/contempt/image0041149.jpg,7
train/contempt/image0041152.jpg,5
train/contempt/image0041153.jpg,7
train/contempt/image0041157.jpg,1
train/contempt/image0041158.jpg,7
train/contempt/image0041159.jpg,7
train/contempt/image0041162.jpg,7
train/contempt/image0041163.jpg,7
train/contempt/image0041166.jpg,7
train/contempt/image0041172.jpg,0
train/contempt/image0041175.jpg,7
train/contempt/image0041179.jpg,7
train/contempt/image0041183.jpg,7
train/contempt/image0041184.jpg,1
train/contempt/image0041185.jpg,7
train/contempt/image0041187.jpg,1
train/contempt/image0041196.jpg,7
train/contempt/image0041202.jpg,7
train/contempt/image0041204.jpg,7
train/contempt/image0041205.jpg,7
train/contempt/image0041209.jpg,7
train/contempt/image0041211.jpg,7
train/contempt/image0041212.jpg,0
train/contempt/image0041222.jpg,7
train/contempt/image0041223.jpg,7
train/contempt/image0041225.jpg,3
train/contempt/image0041229.jpg,7
train/contempt/image0041233.jpg,7
train/contempt/image0041235.jpg,0
train/contempt/image0041236.jpg,7
train/contempt/image0041242.jpg,3
train/contempt/image0041245.jpg,7
train/contempt/image0041247.jpg,7
train/contempt/image0041248.jpg,7
train/contempt/image0041253.jpg,1
train/contempt/image0041257.jpg,7
train/contempt/image0041263.jpg,7
train/contempt/image0041265.jpg,2
train/contempt/image0041268.jpg,7
train/contempt/image0041271.jpg,7
train/contempt/image0041272.jpg,7
train/contempt/image0041279.jpg,5
train/contempt/image0041281.jpg,7
train/contempt/image0041283.jpg,7
train/contempt/image0041284.jpg,1
train/contempt/image0041289.jpg,7
train/contempt/image0041290.jpg,7
train/contempt/image0041292.jpg,7
train/contempt/image0041295.jpg,7
train/contempt/image0041299.jpg,6
train/contempt/image0041300.jpg,0
train/contempt/image0041303.jpg,7
train/contempt/image0041308.jpg,7
train/contempt/image0041315.jpg,3
train/contempt/image0041318.jpg,7
train/contempt/image0041319.jpg,6
train/contempt/image0041320.jpg,3
train/contempt/image0041321.jpg,6
train/contempt/image0041324.jpg,0
train/contempt/image0041325.jpg,7
train/contempt/image0041328.jpg,6
train/contempt/image0041329.jpg,7
train/contempt/image0041332.jpg,7
train/contempt/image0041335.jpg,7
train/contempt/image0041340.jpg,7
train/contempt/image0041343.jpg,7
train/contempt/image0041344.jpg,7
train/contempt/image0041350.jpg,0
train/contempt/image0041356.jpg,7
train/contempt/image0041357.jpg,7
train/contempt/image0041358.jpg,3
train/contempt/image0041360.jpg,0
train/contempt/image0041365.jpg,7
train/contempt/image0041367.jpg,0
train/contempt/image0041374.jpg,7
train/contempt/image0041377.jpg,7
train/contempt/image0041378.jpg,7
train/contempt/image0041380.jpg,7
train/contempt/image0041381.jpg,7
train/contempt/image0041386.jpg,6
train/contempt/image0041387.jpg,0
train/contempt/image0041391.jpg,7
train/contempt/image0041397.jpg,7
train/contempt/image0041399.jpg,7
train/contempt/image0041400.jpg,7
train/contempt/image0041407.jpg,7
train/contempt/image0041411.jpg,7
train/contempt/image0041412.jpg,3
train/contempt/image0041413.jpg,7
train/contempt/image0041418.jpg,7
train/contempt/image0041419.jpg,7
train/contempt/image0041420.jpg,7
train/contempt/image0041421.jpg,7
train/contempt/image0041424.jpg,7
train/contempt/image0041427.jpg,7
train/contempt/image0041428.jpg,7
train/contempt/image0041429.jpg,7
train/contempt/image0041440.jpg,2
train/contempt/image0041443.jpg,7
train/contempt/image0041444.jpg,1
train/contempt/image0041446.jpg,7
train/contempt/image0041454.jpg,7
train/contempt/image0041455.jpg,1
train/contempt/image0041457.jpg,1
train/contempt/image0041461.jpg,0
train/contempt/image0041462.jpg,7
train/contempt/image0041463.jpg,7
train/contempt/image0041464.jpg,3
train/contempt/image0041467.jpg,0
train/contempt/image0041474.jpg,1
train/contempt/image0041475.jpg,7
train/contempt/image0041493.jpg,7
train/contempt/image0041497.jpg,3
train/contempt/image0041498.jpg,7
train/contempt/image0041500.jpg,7
train/contempt/image0041501.jpg,7
train/contempt/image0041504.jpg,7
train/contempt/image0041505.jpg,7
train/contempt/image0041506.jpg,7
train/contempt/image0041507.jpg,6
train/contempt/image0041509.jpg,7
train/contempt/image0041512.jpg,7
train/contempt/image0041513.jpg,7
train/contempt/image0041515.jpg,7
train/contempt/image0041516.jpg,0
train/contempt/image0041519.jpg,7
train/contempt/image0041522.jpg,0
train/contempt/image0041525.jpg,7
train/contempt/image0041536.jpg,3
train/contempt/image0041537.jpg,7
train/contempt/image0041542.jpg,7
train/contempt/image0041543.jpg,7
train/contempt/image0041546.jpg,1
train/contempt/image0041549.jpg,7
train/contempt/image0041553.jpg,1
train/contempt/image0041555.jpg,7
train/contempt/image0041557.jpg,6
train/contempt/image0041564.jpg,7
train/contempt/image0041569.jpg,6
train/contempt/image0041571.jpg,7
train/contempt/image0041573.jpg,7
train/contempt/image0041574.jpg,7
train/contempt/image0041576.jpg,0
train/contempt/image0041578.jpg,1
train/contempt/image0041579.jpg,7
train/contempt/image0041580.jpg,7
train/contempt/image0041583.jpg,7
train/contempt/image0041590.jpg,7
train/contempt/image0041592.jpg,7
train/contempt/image0041593.jpg,7
train/contempt/image0041594.jpg,7
train/contempt/image0041598.jpg,3
train/contempt/image0041604.jpg,7
train/contempt/image0041606.jpg,6
train/contempt/image0041612.jpg,7
train/contempt/image0041613.jpg,7
train/contempt/image0041616.jpg,7
train/contempt/image0041618.jpg,7
train/contempt/image0041620.jpg,7
train/contempt/image0041621.jpg,7
train/contempt/image0041622.jpg,7
train/contempt/image0041630.jpg,7
train/contempt/image0041631.jpg,6
train/contempt/image0041635.jpg,7
train/contempt/image0041636.jpg,5
train/contempt/image0041638.jpg,0
train/contempt/image0041643.jpg,7
train/contempt/image0041644.jpg,1
train/contempt/image0041653.jpg,7
train/contempt/image0041656.jpg,7
train/contempt/image0041667.jpg,7
train/contempt/image0041676.jpg,1
train/contempt/image0041677.jpg,7
train/contempt/image0041680.jpg,7
train/contempt/image0041683.jpg,4
train/contempt/image0041686.jpg,7
train/contempt/image0041688.jpg,7
train/contempt/image0041689.jpg,6
train/contempt/image0041692.jpg,7
train/contempt/image0041696.jpg,7
train/contempt/image0041701.jpg,7
train/contempt/image0041704.jpg,7
train/contempt/image0041707.jpg,3
train/contempt/image0041708.jpg,7
train/contempt/image0041710.jpg,7
train/contempt/image0041712.jpg,7
train/contempt/image0041713.jpg,2
train/contempt/image0041714.jpg,7
train/contempt/image0041717.jpg,7
train/contempt/image0041718.jpg,0
train/contempt/image0041721.jpg,1
train/contempt/image0041731.jpg,7
train/contempt/image0041733.jpg,5
train/contempt/image0041735.jpg,7
train/contempt/image0041738.jpg,7
train/contempt/image0041739.jpg,1
train/contempt/image0041743.jpg,7
train/contempt/image0041744.jpg,7
train/contempt/image0041751.jpg,2
train/contempt/image0041757.jpg,7
train/contempt/image0041758.jpg,7
train/contempt/image0041760.jpg,2
train/contempt/image0041764.jpg,7
train/contempt/image0041767.jpg,5
train/contempt/image0041771.jpg,2
train/contempt/image0041781.jpg,7
train/contempt/image0041784.jpg,6
train/contempt/image0041790.jpg,7
train/contempt/image0041792.jpg,1
train/contempt/image0041793.jpg,7
train/contempt/image0041795.jpg,7
train/contempt/image0041797.jpg,7
train/contempt/image0041800.jpg,7
train/contempt/image0041801.jpg,7
train/contempt/image0041802.jpg,7
train/contempt/image0041809.jpg,7
train/contempt/image0041811.jpg,7
train/contempt/image0041814.jpg,7
train/contempt/image0041815.jpg,7
train/contempt/image0041822.jpg,3
train/contempt/image0041825.jpg,7
train/contempt/image0041826.jpg,7
train/contempt/image0041827.jpg,6
train/contempt/image0041828.jpg,7
train/contempt/image0041831.jpg,7
train/contempt/image0041834.jpg,7
train/contempt/image0041836.jpg,7
train/contempt/image0041837.jpg,7
train/contempt/image0041844.jpg,3
train/contempt/image0041846.jpg,7
train/contempt/image0041853.jpg,7
train/contempt/image0041854.jpg,7
train/contempt/image0041857.jpg,6
train/contempt/image0041858.jpg,7
train/contempt/image0041859.jpg,0
train/contempt/image0041864.jpg,7
train/contempt/image0041868.jpg,7
train/contempt/image0041871.jpg,6
train/contempt/image0041874.jpg,7
train/contempt/image0041876.jpg,1
train/contempt/image0041881.jpg,7
train/contempt/image0041888.jpg,7
train/contempt/image0041890.jpg,7
train/contempt/image0041894.jpg,7
train/contempt/image0041895.jpg,6
train/contempt/image0041903.jpg,7
train/contempt/image0041905.jpg,7
train/contempt/image0041908.jpg,7
train/contempt/image0041913.jpg,7
train/contempt/image0041914.jpg,7
train/contempt/image0041915.jpg,7
train/contempt/image0041916.jpg,6
train/contempt/image0041917.jpg,7
train/contempt/image0041923.jpg,7
train/contempt/image0041929.jpg,7
train/contempt/image0041930.jpg,7
train/contempt/image0041931.jpg,7
train/contempt/image0041932.jpg,0
train/contempt/image0041934.jpg,6
train/contempt/image0041939.jpg,7
train/contempt/image0041941.jpg,6
train/contempt/image0041943.jpg,7
train/contempt/image0041951.jpg,4
train/contempt/image0041954.jpg,1
train/contempt/image0041955.jpg,6
train/contempt/image0041956.jpg,7
train/contempt/image0041957.jpg,7
train/contempt/image0041958.jpg,7
train/contempt/image0041959.jpg,7
train/contempt/image0041961.jpg,1
train/contempt/image0041968.jpg,1
train/contempt/image0041969.jpg,1
train/contempt/image0041973.jpg,7
train/contempt/image0041976.jpg,7
train/contempt/image0041980.jpg,7
train/contempt/image0041984.jpg,7
train/contempt/image0041987.jpg,7
train/contempt/image0041991.jpg,7
train/contempt/image0041994.jpg,7
train/contempt/image0041998.jpg,7
train/contempt/image0042001.jpg,1
train/contempt/image0042002.jpg,7
train/contempt/image0042003.jpg,7
train/contempt/image0042005.jpg,2
train/contempt/image0042008.jpg,7
train/contempt/image0042011.jpg,7
train/contempt/image0042013.jpg,7
train/contempt/image0042014.jpg,7
train/contempt/image0042015.jpg,7
train/contempt/image0042017.jpg,3
train/contempt/image0042025.jpg,7
train/contempt/image0042029.jpg,7
train/contempt/image0042035.jpg,7
train/contempt/image0042036.jpg,7
train/contempt/image0042037.jpg,3
train/contempt/image0042038.jpg,7
train/contempt/image0042040.jpg,7
train/contempt/image0042044.jpg,7
train/contempt/image0042045.jpg,7
train/contempt/image0042047.jpg,7
train/contempt/image0042053.jpg,7
train/contempt/image0042056.jpg,5
train/contempt/image0042058.jpg,7
train/contempt/image0042059.jpg,2
train/contempt/image0042062.jpg,7
train/contempt/image0042063.jpg,7
train/contempt/image0042064.jpg,7
train/contempt/image0042065.jpg,7
train/contempt/image0042067.jpg,7
train/contempt/image0042070.jpg,7
train/contempt/image0042079.jpg,7
train/contempt/image0042082.jpg,3
train/contempt/image0042085.jpg,7
train/contempt/image0042088.jpg,7
train/contempt/image0042094.jpg,7
train/contempt/image0042098.jpg,7
train/contempt/image0042101.jpg,7
train/contempt/image0042102.jpg,7
train/contempt/image0042103.jpg,6
train/contempt/image0042104.jpg,0
train/contempt/image0042108.jpg,7
train/contempt/image0042115.jpg,5
train/contempt/image0042116.jpg,7
train/contempt/image0042119.jpg,7
train/contempt/image0042123.jpg,0
train/contempt/image0042127.jpg,7
train/contempt/image0042129.jpg,7
train/contempt/image0042130.jpg,1
train/contempt/image0042139.jpg,7
train/contempt/image0042140.jpg,7
train/contempt/image0042146.jpg,7
train/contempt/image0042165.jpg,7
train/contempt/image0042168.jpg,7
train/contempt/image0042170.jpg,7
train/contempt/image0042171.jpg,7
train/contempt/image0042173.jpg,3
train/contempt/image0042175.jpg,7
train/contempt/image0042178.jpg,7
train/contempt/image0042179.jpg,7
train/contempt/image0042180.jpg,1
train/contempt/image0042183.jpg,7
train/contempt/image0042184.jpg,2
train/contempt/image0042185.jpg,1
train/contempt/image0042186.jpg,7
train/contempt/image0042188.jpg,0
train/contempt/image0042192.jpg,3
train/contempt/image0042195.jpg,7
train/contempt/image0042197.jpg,7
train/contempt/image0042198.jpg,1
train/contempt/image0042202.jpg,7
train/contempt/image0042203.jpg,5
train/contempt/image0042206.jpg,7
train/contempt/image0042208.jpg,7
train/contempt/image0042209.jpg,7
train/contempt/image0042211.jpg,7
train/contempt/image0042213.jpg,7
train/contempt/image0042216.jpg,7
train/contempt/image0042218.jpg,5
train/contempt/image0042220.jpg,7
train/contempt/image0042223.jpg,7
train/contempt/image0042226.jpg,7
train/contempt/image0042230.jpg,3
train/contempt/image0042231.jpg,7
train/contempt/image0042236.jpg,1
train/contempt/image0042239.jpg,7
train/contempt/image0042244.jpg,1
train/contempt/image0042248.jpg,6
train/contempt/image0042249.jpg,7
train/contempt/image0042251.jpg,0
train/contempt/image0042257.jpg,6
train/contempt/image0042260.jpg,7
train/contempt/image0042264.jpg,6
train/contempt/image0042267.jpg,5
train/contempt/image0042268.jpg,7
train/contempt/image0042279.jpg,6
train/contempt/image0042280.jpg,7
train/contempt/image0042281.jpg,7
train/contempt/image0042283.jpg,7
train/contempt/image0042286.jpg,6
train/contempt/image0042290.jpg,7
train/contempt/image0042295.jpg,1
train/contempt/image0042296.jpg,7
train/contempt/image0042298.jpg,7
train/contempt/image0042300.jpg,7
train/contempt/image0042307.jpg,7
train/contempt/image0042311.jpg,7
train/contempt/image0042313.jpg,7
train/contempt/image0042316.jpg,7
train/contempt/image0042317.jpg,0
train/contempt/image0042321.jpg,7
train/contempt/image0042322.jpg,7
train/contempt/image0042324.jpg,7
train/contempt/image0042329.jpg,7
train/contempt/image0042337.jpg,7
train/contempt/image0042340.jpg,7
train/contempt/image0042341.jpg,7
train/contempt/image0042342.jpg,1
train/contempt/image0042350.jpg,6
train/contempt/image0042351.jpg,7
train/contempt/image0042355.jpg,7
train/contempt/image0042359.jpg,7
train/contempt/image0042361.jpg,1
train/contempt/image0042363.jpg,7
train/contempt/image0042365.jpg,0
train/contempt/image0042366.jpg,7
train/contempt/image0042371.jpg,7
train/contempt/image0042375.jpg,7
train/contempt/image0042376.jpg,0
train/contempt/image0042377.jpg,2
train/contempt/image0042379.jpg,7
train/contempt/image0042384.jpg,2
train/contempt/image0042385.jpg,1
train/contempt/image0042387.jpg,7
train/contempt/image0042392.jpg,7
train/contempt/image0042401.jpg,7
train/contempt/image0042404.jpg,2
train/contempt/image0042405.jpg,7
train/contempt/image0042407.jpg,0
train/contempt/image0042415.jpg,7
train/contempt/image0042418.jpg,7
train/contempt/image0042419.jpg,7
train/contempt/image0042422.jpg,7
train/contempt/image0042427.jpg,7
train/contempt/image0042428.jpg,7
train/contempt/image0042430.jpg,7
train/contempt/image0042433.jpg,7
train/contempt/image0042434.jpg,7
train/contempt/image0042445.jpg,7
train/contempt/image0042450.jpg,7
train/contempt/image0042451.jpg,0
train/contempt/image0042454.jpg,7
train/contempt/image0042455.jpg,4
train/contempt/image0042458.jpg,7
train/contempt/image0042459.jpg,7
train/contempt/image0042460.jpg,0
train/contempt/image0042461.jpg,6
train/contempt/image0042469.jpg,5
train/contempt/image0042470.jpg,7
train/contempt/image0042471.jpg,7
train/contempt/image0042472.jpg,5
train/contempt/image0042474.jpg,7
train/contempt/image0042475.jpg,7
train/contempt/image0042477.jpg,1
train/contempt/image0042478.jpg,7
train/contempt/image0042485.jpg,7
train/contempt/image0042487.jpg,7
train/contempt/image0042488.jpg,7
train/contempt/image0042496.jpg,7
train/contempt/image0042499.jpg,7
train/contempt/image0042500.jpg,0
train/contempt/image0042507.jpg,7
train/contempt/image0042508.jpg,7
train/contempt/image0042509.jpg,1
train/contempt/image0042510.jpg,0
train/contempt/image0042513.jpg,7
train/contempt/image0042515.jpg,0
train/contempt/image0042516.jpg,7
train/contempt/image0042522.jpg,7
train/contempt/image0042527.jpg,1
train/contempt/image0042528.jpg,7
train/contempt/image0042529.jpg,7
train/contempt/image0042533.jpg,7
train/contempt/image0042537.jpg,7
train/contempt/image0042540.jpg,7
train/contempt/image0042543.jpg,7
train/contempt/image0042545.jpg,7
train/contempt/image0042548.jpg,0
train/contempt/image0042551.jpg,1
train/contempt/image0042552.jpg,7
train/contempt/image10000099.jpg,7
train/disgust/image0036975.jpg,5
train/disgust/image0036981.jpg,2
train/disgust/image0036992.jpg,5
train/disgust/image0037017.jpg,0
train/disgust/image0037032.jpg,6
train/disgust/image0037042.jpg,5
train/disgust/image0037043.jpg,5
train/disgust/image0037048.jpg,6
train/disgust/image0037050.jpg,2
train/disgust/image0037053.jpg,5
train/disgust/image0037068.jpg,5
train/disgust/image0037070.jpg,0
train/disgust/image0037078.jpg,5
train/disgust/image0037084.jpg,5
train/disgust/image0037090.jpg,5
train/disgust/image0037092.jpg,5
train/disgust/image0037097.jpg,5
train/disgust/image0037099.jpg,5
train/disgust/image0037116.jpg,5
train/disgust/image0037125.jpg,3
train/disgust/image0037132.jpg,6
train/disgust/image0037140.jpg,5
train/disgust/image0037142.jpg,7
train/disgust/image0037152.jpg,5
train/disgust/image0037159.jpg,5
train/disgust/image0037167.jpg,5
train/disgust/image0037168.jpg,5
train/disgust/image0037172.jpg,7
train/disgust/image0037175.jpg,5
train/disgust/image0037178.jpg,2
train/disgust/image0037180.jpg,5
train/disgust/image0037183.jpg,2
train/disgust/image0037200.jpg,5
train/disgust/image0037201.jpg,5
train/disgust/image0037214.jpg,5
train/disgust/image0037216.jpg,5
train/disgust/image0037221.jpg,5
train/disgust/image0037230.jpg,5
train/disgust/image0037232.jpg,3
train/disgust/image0037235.jpg,6
train/disgust/image0037238.jpg,6
train/disgust/image0037247.jpg,5
train/disgust/image0037257.jpg,0
train/disgust/image0037262.jpg,5
train/disgust/image0037271.jpg,3
train/disgust/image0037279.jpg,5
train/disgust/image0037283.jpg,5
train/disgust/image0037290.jpg,5
train/disgust/image0037291.jpg,5
train/disgust/image0037293.jpg,5
train/disgust/image0037294.jpg,5
train/disgust/image0037301.jpg,6
train/disgust/image0037302.jpg,5
train/disgust/image0037303.jpg,5
train/disgust/image0037319.jpg,5
train/disgust/image0037321.jpg,4
train/disgust/image0037328.jpg,5
train/disgust/image0037329.jpg,5
train/disgust/image0037333.jpg,5
train/disgust/image0037336.jpg,6
train/disgust/image0037338.jpg,3
train/disgust/image0037339.jpg,5
train/disgust/image0037341.jpg,5
train/disgust/image0037345.jpg,5
train/disgust/image0037358.jpg,5
train/disgust/image0037365.jpg,5
train/disgust/image0037367.jpg,4
train/disgust/image0037368.jpg,5
train/disgust/image0037372.jpg,6
train/disgust/image0037377.jpg,5
train/disgust/image0037381.jpg,5
train/disgust/image0037386.jpg,5
train/disgust/image0037387.jpg,0
train/disgust/image0037390.jpg,5
train/disgust/image0037391.jpg,5
train/disgust/image0037400.jpg,5
train/disgust/image0037401.jpg,5
train/disgust/image0037404.jpg,6
train/disgust/image0037423.jpg,5
train/disgust/image0037440.jpg,5
train/disgust/image0037441.jpg,6
train/disgust/image0037442.jpg,1
train/disgust/image0037444.jpg,5
train/disgust/image0037449.jpg,5
train/disgust/image0037452.jpg,5
train/disgust/image0037462.jpg,5
train/disgust/image0037464.jpg,6
train/disgust/image0037474.jpg,2
train/disgust/image0037475.jpg,5
train/disgust/image0037479.jpg,5
train/disgust/image0037493.jpg,5
train/disgust/image0037495.jpg,5
train/disgust/image0037496.jpg,6
train/disgust/image0037505.jpg,5
train/disgust/image0037526.jpg,6
train/disgust/image0037528.jpg,5
train/disgust/image0037541.jpg,5
train/disgust/image0037542.jpg,5
train/disgust/image0037543.jpg,5
train/disgust/image0037553.jpg,6
train/disgust/image0037555.jpg,5
train/disgust/image0037557.jpg,6
train/disgust/image0037581.jpg,6
train/disgust/image0037599.jpg,5
train/disgust/image0037602.jpg,5
train/disgust/image0037616.jpg,5
train/disgust/image0037618.jpg,5
train/disgust/image0037624.jpg,5
train/disgust/image0037634.jpg,5
train/disgust/image0037658.jpg,5
train/disgust/image0037670.jpg,5
train/disgust/image0037680.jpg,6
train/disgust/image0037683.jpg,5
train/disgust/image0037689.jpg,5
train/disgust/image0037697.jpg,7
train/disgust/image0037698.jpg,5
train/disgust/image0037708.jpg,5
train/disgust/image0037717.jpg,5
train/disgust/image0037722.jpg,5
train/disgust/image0037728.jpg,5
train/disgust/image0037741.jpg,6
train/disgust/image0037745.jpg,5
train/disgust/image0037748.jpg,5
train/disgust/image0037775.jpg,5
train/disgust/image0037779.jpg,5
train/disgust/image0037782.jpg,5
train/disgust/image0037792.jpg,5
train/disgust/image0037798.jpg,5
train/disgust/image0037803.jpg,6
train/disgust/image0037806.jpg,5
train/disgust/image0037833.jpg,5
train/disgust/image0037849.jpg,5
train/disgust/image0037864.jpg,5
train/disgust/image0037876.jpg,5
train/disgust/image0037878.jpg,6
train/disgust/image0037889.jpg,5
train/disgust/image0037897.jpg,5
train/disgust/image0037904.jpg,5
train/disgust/image0037907.jpg,5
train/disgust/image0037932.jpg,5
train/disgust/image0037942.jpg,5
train/disgust/image0037945.jpg,5
train/disgust/image0037950.jpg,6
train/disgust/image0037957.jpg,5
train/disgust/image0037967.jpg,3
train/disgust/image0037973.jpg,5
train/disgust/image0037974.jpg,5
train/disgust/image0037978.jpg,2
train/disgust/image0037988.jpg,5
train/disgust/image0037995.jpg,5
train/disgust/image0037999.jpg,6
train/disgust/image0038001.jpg,3
train/disgust/image0038004.jpg,5
train/disgust/image0038010.jpg,5
train/disgust/image0038017.jpg,5
train/disgust/image0038029.jpg,5
train/disgust/image0038034.jpg,5
train/disgust/image0038037.jpg,5
train/disgust/image0038048.jpg,5
train/disgust/image0038055.jpg,1
train/disgust/image0038063.jpg,5
train/disgust/image0038065.jpg,5
train/disgust/image0038067.jpg,3
train/disgust/image0038069.jpg,5
train/disgust/image0038075.jpg,5
train/disgust/image0038076.jpg,1
train/disgust/image0038080.jpg,5
train/disgust/image0038081.jpg,5
train/disgust/image0038082.jpg,5
train/disgust/image0038087.jpg,5
train/disgust/image0038097.jpg,6
train/disgust/image0038102.jpg,5
train/disgust/image0038108.jpg,0
train/disgust/image0038112.jpg,5
train/disgust/image0038123.jpg,0
train/disgust/image0038127.jpg,5
train/disgust/image0038128.jpg,5
train/disgust/image0038138.jpg,5
train/disgust/image0038147.jpg,2
train/disgust/image0038152.jpg,5
train/disgust/image0038163.jpg,5
train/disgust/image0038173.jpg,5
train/disgust/image0038174.jpg,5
train/disgust/image0038177.jpg,5
train/disgust/image0038179.jpg,5
train/disgust/image0038187.jpg,5
train/disgust/image0038188.jpg,3
train/disgust/image0038199.jpg,1
train/disgust/image0038200.jpg,2
train/disgust/image0038202.jpg,6
train/disgust/image0038205.jpg,6
train/disgust/image0038224.jpg,5
train/disgust/image0038229.jpg,5
train/disgust/image0038239.jpg,1
train/disgust/image0038240.jpg,5
train/disgust/image0038242.jpg,3
train/disgust/image0038253.jpg,5
train/disgust/image0038258.jpg,1
train/disgust/image0038266.jpg,5
train/disgust/image0038268.jpg,5
train/disgust/image0038272.jpg,6
train/disgust/image0038276.jpg,5
train/disgust/image0038282.jpg,5
train/disgust/image0038284.jpg,5
train/disgust/image0038286.jpg,5
train/disgust/image0038288.jpg,5
train/disgust/image0038289.jpg,5
train/disgust/image0038292.jpg,5
train/disgust/image0038295.jpg,5
train/disgust/image0038296.jpg,5
train/disgust/image0038301.jpg,6
train/disgust/image0038302.jpg,5
train/disgust/image0038303.jpg,5
train/disgust/image0038304.jpg,5
train/disgust/image0038311.jpg,5
train/disgust/image0038319.jpg,5
train/disgust/image0038323.jpg,5
train/disgust/image0038331.jpg,5
train/disgust/image0038339.jpg,5
train/disgust/image0038340.jpg,6
train/disgust/image0038342.jpg,5
train/disgust/image0038346.jpg,5
train/disgust/image0038353.jpg,4
train/disgust/image0038365.jpg,5
train/disgust/image0038369.jpg,5
train/disgust/image0038390.jpg,5
train/disgust/image0038391.jpg,2
train/disgust/image0038406.jpg,6
train/disgust/image0038416.jpg,5
train/disgust/image0038417.jpg,5
train/disgust/image0038428.jpg,6
train/disgust/image0038433.jpg,5
train/disgust/image0038434.jpg,5
train/disgust/image0038437.jpg,5
train/disgust/image0038440.jpg,5
train/disgust/image0038442.jpg,5
train/disgust/image0038447.jpg,5
train/disgust/image0038456.jpg,5
train/disgust/image0038457.jpg,5
train/disgust/image0038458.jpg,6
train/disgust/image0038472.jpg,5
train/disgust/image0038476.jpg,5
train/disgust/image0038477.jpg,5
train/disgust/image0038481.jpg,5
train/disgust/image0038482.jpg,6
train/disgust/image0038488.jpg,5
train/disgust/image0038499.jpg,5
train/disgust/image0038513.jpg,5
train/disgust/image0038514.jpg,5
train/disgust/image0038518.jpg,5
train/disgust/image0038519.jpg,6
train/disgust/image0038524.jpg,0
train/disgust/image0038530.jpg,6
train/disgust/image0038547.jpg,1
train/disgust/image0038552.jpg,5
train/disgust/image0038558.jpg,6
train/disgust/image0038559.jpg,7
train/disgust/image0038561.jpg,5
train/disgust/image0038562.jpg,6
train/disgust/image0038566.jpg,5
train/disgust/image0038568.jpg,5
train/disgust/image0038570.jpg,5
train/disgust/image0038572.jpg,5
train/disgust/image0038575.jpg,5
train/disgust/image0038576.jpg,5
train/disgust/image0038582.jpg,3
train/disgust/image0038586.jpg,5
train/disgust/image0038588.jpg,2
train/disgust/image0038597.jpg,5
train/disgust/image0038599.jpg,5
train/disgust/image0038602.jpg,5
train/disgust/image0038604.jpg,5
train/disgust/image0038614.jpg,5
train/disgust/image0038615.jpg,4
train/disgust/image0038618.jpg,5
train/disgust/image0038619.jpg,5
train/disgust/image0038623.jpg,5
train/disgust/image0038624.jpg,5
train/disgust/image0038628.jpg,3
train/disgust/image0038641.jpg,3
train/disgust/image0038651.jpg,6
train/disgust/image0038654.jpg,5
train/disgust/image0038655.jpg,3
train/disgust/image0038657.jpg,5
train/disgust/image0038659.jpg,5
train/disgust/image0038661.jpg,6
train/disgust/image0038662.jpg,5
train/disgust/image0038668.jpg,5
train/disgust/image0038670.jpg,5
train/disgust/image0038675.jpg,5
train/disgust/image0038676.jpg,5
train/disgust/image0038679.jpg,5
train/disgust/image0038681.jpg,5
train/disgust/image0038683.jpg,5
train/disgust/image0038687.jpg,3
train/disgust/image0038690.jpg,5
train/disgust/image0038696.jpg,0
train/disgust/image0038699.jpg,5
train/disgust/image0038704.jpg,3
train/disgust/image0038711.jpg,7
train/disgust/image0038715.jpg,5
train/disgust/image0038727.jpg,1
train/disgust/image0038728.jpg,5
train/disgust/image0038745.jpg,5
train/disgust/image0038754.jpg,5
train/disgust/image0038755.jpg,3
train/disgust/image0038773.jpg,5
train/disgust/image0038784.jpg,5
train/disgust/image0038786.jpg,5
train/disgust/image0038790.jpg,5
train/disgust/image0038791.jpg,6
train/disgust/image0038792.jpg,5
train/disgust/image0038794.jpg,5
train/disgust/image0038796.jpg,5
train/disgust/image0038800.jpg,0
train/disgust/image0038802.jpg,5
train/disgust/image0038806.jpg,5
train/disgust/image0038812.jpg,5
train/disgust/image0038820.jpg,5
train/disgust/image0038827.jpg,3
train/disgust/image0038830.jpg,5
train/disgust/image0038832.jpg,5
train/disgust/image0038835.jpg,5
train/disgust/image0038838.jpg,5
train/disgust/image0038841.jpg,5
train/disgust/image0038855.jpg,5
train/disgust/image0038868.jpg,5
train/disgust/image0038873.jpg,7
train/disgust/image0038877.jpg,5
train/disgust/image0038882.jpg,5
train/disgust/image0038886.jpg,5
train/disgust/image0038887.jpg,5
train/disgust/image0038896.jpg,6
train/disgust/image0038897.jpg,5
train/disgust/image0038901.jpg,5
train/disgust/image0038902.jpg,6
train/disgust/image0038904.jpg,5
train/disgust/image0038906.jpg,5
train/disgust/image0038914.jpg,5
train/disgust/image0038921.jpg,1
train/disgust/image0038933.jpg,3
train/disgust/image0038938.jpg,5
train/disgust/image0038943.jpg,6
train/disgust/image0038950.jpg,5
train/disgust/image0038951.jpg,5
train/disgust/image0038955.jpg,5
train/disgust/image0038965.jpg,5
train/disgust/image0038975.jpg,7
train/disgust/image0038977.jpg,5
train/disgust/image0038978.jpg,5
train/disgust/image0038980.jpg,5
train/disgust/image0038984.jpg,6
train/disgust/image0038985.jpg,5
train/disgust/image0038987.jpg,5
train/disgust/image0038988.jpg,5
train/disgust/image0038996.jpg,5
train/disgust/image0039001.jpg,5
train/disgust/image0039004.jpg,5
train/disgust/image0039005.jpg,5
train/disgust/image0039009.jpg,5
train/disgust/image0039012.jpg,5
train/disgust/image0039013.jpg,5
train/disgust/image0039015.jpg,5
train/disgust/image0039020.jpg,5
train/disgust/image0039054.jpg,6
train/disgust/image0039059.jpg,5
train/disgust/image0039069.jpg,5
train/disgust/image0039070.jpg,5
train/disgust/image0039084.jpg,5
train/disgust/image0039086.jpg,5
train/disgust/image0039088.jpg,5
train/disgust/image0039090.jpg,5
train/disgust/image0039096.jpg,5
train/disgust/image0039115.jpg,5
train/disgust/image0039123.jpg,5
train/disgust/image0039137.jpg,6
train/disgust/image0039140.jpg,5
train/disgust/image0039145.jpg,6
train/disgust/image0039146.jpg,5
train/disgust/image0039159.jpg,5
train/disgust/image0039160.jpg,5
train/disgust/image0039169.jpg,1
train/disgust/image0039174.jpg,5
train/disgust/image0039176.jpg,0
train/disgust/image0039193.jpg,5
train/disgust/image0039203.jpg,4
train/disgust/image0039214.jpg,5
train/disgust/image0039217.jpg,5
train/disgust/image0039222.jpg,6
train/disgust/image0039226.jpg,6
train/disgust/image0039228.jpg,5
train/disgust/image0039249.jpg,5
train/disgust/image0039254.jpg,5
train/disgust/image0039257.jpg,5
train/disgust/image0039260.jpg,6
train/disgust/image0039262.jpg,5
train/disgust/image0039263.jpg,5
train/disgust/image0039268.jpg,6
train/disgust/image0039273.jpg,5
train/disgust/image0039283.jpg,5
train/disgust/image0039284.jpg,6
train/disgust/image0039286.jpg,5
train/disgust/image0039294.jpg,5
train/disgust/image0039303.jpg,4
train/disgust/image0039310.jpg,5
train/disgust/image0039312.jpg,5
train/disgust/image0039315.jpg,3
train/disgust/image0039316.jpg,5
train/disgust/image0039321.jpg,5
train/disgust/image0039326.jpg,5
train/disgust/image0039336.jpg,5
train/disgust/image0039337.jpg,5
train/disgust/image0039347.jpg,6
train/disgust/image0039351.jpg,5
train/disgust/image0039361.jpg,5
train/disgust/image0039366.jpg,0
train/disgust/image0039368.jpg,5
train/disgust/image0039371.jpg,5
train/disgust/image0039372.jpg,6
train/disgust/image0039378.jpg,5
train/disgust/image0039385.jpg,5
train/disgust/image0039386.jpg,5
train/disgust/image0039387.jpg,1
train/disgust/image0039388.jpg,6
train/disgust/image0039390.jpg,5
train/disgust/image0039391.jpg,5
train/disgust/image0039397.jpg,5
train/disgust/image0039402.jpg,5
train/disgust/image0039416.jpg,5
train/disgust/image0039420.jpg,5
train/disgust/image0039429.jpg,5
train/disgust/image0039431.jpg,5
train/disgust/image0039441.jpg,5
train/disgust/image0039443.jpg,5
train/disgust/image0039446.jpg,5
train/disgust/image0039448.jpg,6
train/disgust/image0039466.jpg,5
train/disgust/image0039467.jpg,5
train/disgust/image0039472.jpg,5
train/disgust/image0039479.jpg,5
train/disgust/image0039492.jpg,5
train/disgust/image0039493.jpg,5
train/disgust/image0039496.jpg,6
train/disgust/image0039497.jpg,6
train/disgust/image0039500.jpg,5
train/disgust/image0039513.jpg,5
train/disgust/image0039525.jpg,5
train/disgust/image0039528.jpg,6
train/disgust/image0039529.jpg,5
train/disgust/image0039541.jpg,3
train/disgust/image0039544.jpg,5
train/disgust/image0039551.jpg,6
train/disgust/image0039552.jpg,5
train/disgust/image0039555.jpg,5
train/disgust/image0039561.jpg,6
train/disgust/image0039564.jpg,5
train/disgust/image0039571.jpg,5
train/disgust/image0039572.jpg,0
train/disgust/image0039575.jpg,5
train/disgust/image0039592.jpg,5
train/disgust/image0039595.jpg,5
train/disgust/image0039597.jpg,5
train/disgust/image0039607.jpg,6
train/disgust/image0039610.jpg,5
train/disgust/image0039612.jpg,5
train/disgust/image0039613.jpg,5
train/disgust/image0039615.jpg,6
train/disgust/image0039619.jpg,6
train/disgust/image0039633.jpg,1
train/disgust/image0039634.jpg,5
train/disgust/image0039645.jpg,5
train/disgust/image0039662.jpg,5
train/disgust/image0039667.jpg,5
train/disgust/image0039669.jpg,5
train/disgust/image0039684.jpg,5
train/disgust/image0039691.jpg,6
train/disgust/image0039693.jpg,5
train/disgust/image0039701.jpg,5
train/disgust/image0039704.jpg,5
train/disgust/image0039705.jpg,5
train/disgust/image0039706.jpg,5
train/disgust/image0039708.jpg,5
train/disgust/image0039723.jpg,5
train/disgust/image0039725.jpg,5
train/disgust/image0039735.jpg,5
train/disgust/image0039742.jpg,5
train/disgust/image0039744.jpg,5
train/disgust/image0039762.jpg,5
train/disgust/image0039774.jpg,3
train/disgust/image0039778.jpg,5
train/disgust/image0039781.jpg,5
train/disgust/image0039789.jpg,5
train/disgust/image0039790.jpg,5
train/disgust/image0039793.jpg,5
train/disgust/image0039796.jpg,5
train/disgust/image0039797.jpg,5
train/disgust/image0039798.jpg,5
train/disgust/image0039804.jpg,5
train/disgust/image0039814.jpg,5
train/disgust/image0039827.jpg,7
train/disgust/image0039836.jpg,5
train/disgust/image0039847.jpg,2
train/disgust/image0039860.jpg,5
train/disgust/image0039863.jpg,2
train/disgust/image0039865.jpg,5
train/disgust/image0039888.jpg,5
train/disgust/image0039889.jpg,5
train/disgust/image0039893.jpg,6
train/disgust/image0039896.jpg,5
train/disgust/image0039898.jpg,6
train/disgust/image0039906.jpg,5
train/disgust/image0039911.jpg,5
train/disgust/image0039921.jpg,5
train/disgust/image0039925.jpg,5
train/disgust/image0039926.jpg,5
train/disgust/image0039928.jpg,5
train/disgust/image0039929.jpg,6
train/disgust/image0039930.jpg,5
train/disgust/image0039950.jpg,6
train/disgust/image0039959.jpg,5
train/disgust/image0039960.jpg,5
train/disgust/image0039966.jpg,5
train/disgust/image0039967.jpg,5
train/disgust/image0039974.jpg,5
train/disgust/image0039976.jpg,3
train/disgust/image0039984.jpg,6
train/disgust/image0039992.jpg,5
train/disgust/image0040002.jpg,5
train/disgust/image0040005.jpg,5
train/disgust/image0040011.jpg,5
train/disgust/image0040016.jpg,5
train/disgust/image0040028.jpg,5
train/disgust/image0040031.jpg,5
train/disgust/image0040033.jpg,5
train/disgust/image0040036.jpg,5
train/disgust/image0040040.jpg,5
train/disgust/image0040046.jpg,5
train/disgust/image0040047.jpg,2
train/disgust/image0040050.jpg,5
train/disgust/image0040053.jpg,7
train/disgust/image0040062.jpg,5
train/disgust/image0040063.jpg,5
train/disgust/image0040064.jpg,5
train/disgust/image0040065.jpg,5
train/disgust/image0040077.jpg,5
train/disgust/image0040079.jpg,6
train/disgust/image0040081.jpg,5
train/disgust/image0040088.jpg,5
train/disgust/image0040111.jpg,5
train/disgust/image0040112.jpg,4
train/disgust/image0040126.jpg,5
train/disgust/image0040129.jpg,5
train/disgust/image0040154.jpg,5
train/disgust/image0040161.jpg,2
train/disgust/image0040163.jpg,5
train/disgust/image0040175.jpg,5
train/disgust/image0040180.jpg,5
train/disgust/image0040183.jpg,6
train/disgust/image0040184.jpg,3
train/disgust/image0040190.jpg,5
train/disgust/image0040196.jpg,3
train/disgust/image0040198.jpg,5
train/disgust/image0040211.jpg,5
train/disgust/image0040233.jpg,5
train/disgust/image0040239.jpg,5
train/disgust/image0040242.jpg,5
train/disgust/image0040243.jpg,5
train/disgust/image0040246.jpg,5
train/disgust/image0040256.jpg,5
train/disgust/image0040263.jpg,1
train/disgust/image0040271.jpg,5
train/disgust/image0040276.jpg,5
train/disgust/image0040279.jpg,5
train/disgust/image0040288.jpg,7
train/disgust/image0040289.jpg,5
train/disgust/image0040294.jpg,2
train/disgust/image0040302.jpg,5
train/disgust/image0040304.jpg,5
train/disgust/image0040332.jpg,7
train/disgust/image0040335.jpg,5
train/disgust/image0040337.jpg,4
train/disgust/image0040344.jpg,5
train/disgust/image0040359.jpg,5
train/disgust/image0040367.jpg,5
train/disgust/image0040368.jpg,5
train/disgust/image0040376.jpg,5
train/disgust/image0040391.jpg,5
train/disgust/image0040401.jpg,3
train/disgust/image0040411.jpg,5
train/disgust/image0040413.jpg,6
train/disgust/image0040414.jpg,5
train/disgust/image0040417.jpg,6
train/disgust/image0040418.jpg,5
train/disgust/image0040428.jpg,6
train/disgust/image0040431.jpg,5
train/disgust/image0040432.jpg,5
train/disgust/image0040444.jpg,5
train/disgust/image0040449.jpg,5
train/disgust/image0040451.jpg,5
train/disgust/image0040452.jpg,6
train/disgust/image0040455.jpg,6
train/disgust/image0040457.jpg,5
train/disgust/image0040464.jpg,5
train/disgust/image0040471.jpg,6
train/disgust/image0040480.jpg,5
train/disgust/image0040484.jpg,5
train/disgust/image0040496.jpg,5
train/disgust/image0040500.jpg,2
train/disgust/image0040509.jpg,5
train/disgust/image0040517.jpg,6
train/disgust/image0040521.jpg,5
train/disgust/image0040523.jpg,2
train/disgust/image0040533.jpg,6
train/disgust/image0040547.jpg,0
train/disgust/image0040552.jpg,5
train/disgust/image0040585.jpg,0
train/disgust/image0040586.jpg,6
train/disgust/image0040587.jpg,5
train/disgust/image0040589.jpg,5
train/disgust/image0040590.jpg,5
train/disgust/image0040591.jpg,5
train/disgust/image0040601.jpg,5
train/disgust/image0040606.jpg,5
train/disgust/image0040610.jpg,5
train/disgust/image0040627.jpg,5
train/disgust/image0040637.jpg,5
train/disgust/image0040648.jpg,4
train/disgust/image0040649.jpg,5
train/disgust/image0040679.jpg,0
train/disgust/image0040680.jpg,5
train/disgust/image0040691.jpg,6
train/disgust/image0040703.jpg,5
train/disgust/image0040706.jpg,5
train/disgust/image0040714.jpg,5
train/disgust/image0040716.jpg,5
train/disgust/image0040719.jpg,5
train/disgust/image0040722.jpg,5
train/disgust/image0040728.jpg,5
train/disgust/image0040730.jpg,6
train/disgust/image0040736.jpg,5
train/disgust/image0040737.jpg,6
train/disgust/image0040738.jpg,0
train/disgust/image0040754.jpg,5
train/disgust/image0040771.jpg,6
train/disgust/image0040773.jpg,5
train/disgust/image0040775.jpg,5
train/disgust/image0040776.jpg,0
train/disgust/image0040777.jpg,5
train/disgust/image0040783.jpg,5
train/disgust/image0040787.jpg,5
train/disgust/image0040809.jpg,5
train/disgust/image0040817.jpg,5
train/disgust/image0040818.jpg,5
train/disgust/image0040820.jpg,5
train/disgust/image0040827.jpg,5
train/disgust/image0040836.jpg,5
train/disgust/image0040843.jpg,5
train/disgust/image0040845.jpg,5
train/disgust/image0040850.jpg,5
train/disgust/image0040851.jpg,5
train/disgust/image0040855.jpg,2
train/disgust/image0040856.jpg,5
train/disgust/image0040858.jpg,5
train/disgust/image0040859.jpg,5
train/disgust/image0040870.jpg,6
train/disgust/image0040879.jpg,5
train/disgust/image0040881.jpg,6
train/disgust/image0040883.jpg,2
train/disgust/image0040890.jpg,5
train/disgust/image0040896.jpg,5
train/disgust/image0040900.jpg,5
train/disgust/image0040905.jpg,5
train/disgust/image0040915.jpg,5
train/disgust/image0040921.jpg,5
train/disgust/image0040924.jpg,5
train/disgust/image0040940.jpg,5
train/disgust/image0040944.jpg,5
train/disgust/image0040946.jpg,2
train/disgust/image0040947.jpg,5
train/disgust/image0040951.jpg,5
train/disgust/image0040961.jpg,5
train/disgust/image0040962.jpg,5
train/disgust/image0040963.jpg,6
train/disgust/image0040967.jpg,5
train/disgust/image0040971.jpg,5
train/disgust/image0040972.jpg,6
train/disgust/image0040973.jpg,5
train/disgust/image0040976.jpg,1
train/disgust/image0040982.jpg,5
train/disgust/image0040983.jpg,6
train/disgust/image0040984.jpg,5
train/disgust/image0040985.jpg,5
train/disgust/image0040988.jpg,6
train/disgust/image0040991.jpg,5
train/disgust/image0040996.jpg,5
train/disgust/image0040998.jpg,5
train/disgust/image0041003.jpg,5
train/disgust/image0041004.jpg,5
train/disgust/image0041007.jpg,5
train/disgust/image0041008.jpg,5
train/disgust/image0041009.jpg,6
train/disgust/image0041016.jpg,4
train/disgust/image0041017.jpg,5
train/disgust/image0041021.jpg,2
train/disgust/image0041028.jpg,3
train/disgust/image0041030.jpg,5
train/disgust/image0041033.jpg,5
train/disgust/image0041035.jpg,5
train/disgust/image0041036.jpg,6
train/disgust/image0041037.jpg,5
train/disgust/image0041038.jpg,5
train/disgust/image0041043.jpg,5
train/disgust/image0041047.jpg,5
train/disgust/image0041053.jpg,5
train/disgust/image0041055.jpg,5
train/disgust/image0041056.jpg,0
train/disgust/image0041059.jpg,5
train/disgust/image0041060.jpg,5
train/disgust/image0041064.jpg,5
train/disgust/image0041068.jpg,7
train/disgust/image0041070.jpg,6
train/disgust/image0041071.jpg,5
train/disgust/image0041077.jpg,1
train/disgust/image0041079.jpg,5
train/disgust/image0041081.jpg,5
train/disgust/image0041089.jpg,5
train/disgust/image0041093.jpg,5
train/disgust/image0041095.jpg,5
train/disgust/image0041096.jpg,3
train/disgust/image0041101.jpg,5
train/disgust/image0041102.jpg,6
train/disgust/image0041103.jpg,5
train/disgust/image0041108.jpg,5
train/disgust/image0041109.jpg,2
train/disgust/image0041110.jpg,5
train/disgust/image0041111.jpg,5
train/disgust/image0041112.jpg,4
train/disgust/image0041117.jpg,5
train/disgust/image0041118.jpg,0
train/disgust/image0041121.jpg,5
train/disgust/image0041127.jpg,5
train/disgust/image0041135.jpg,5
train/disgust/image0041138.jpg,6
train/disgust/image0041140.jpg,6
train/disgust/image0041142.jpg,5
train/disgust/image0041145.jpg,6
train/disgust/image0041147.jpg,5
train/disgust/image0041151.jpg,3
train/disgust/image0041154.jpg,2
train/disgust/image0041160.jpg,5
train/disgust/image0041161.jpg,0
train/disgust/image0041167.jpg,5
train/disgust/image0041171.jpg,5
train/disgust/image0041173.jpg,2
train/disgust/image0041174.jpg,5
train/disgust/image0041177.jpg,5
train/disgust/image0041180.jpg,5
train/disgust/image0041181.jpg,5
train/disgust/image0041189.jpg,5
train/disgust/image0041190.jpg,2
train/disgust/image0041194.jpg,4
train/disgust/image0041199.jpg,5
train/disgust/image0041201.jpg,3
train/disgust/image0041206.jpg,5
train/disgust/image0041208.jpg,5
train/disgust/image0041216.jpg,2
train/disgust/image0041219.jpg,5
train/disgust/image0041221.jpg,5
train/disgust/image0041227.jpg,5
train/disgust/image0041228.jpg,5
train/disgust/image0041230.jpg,5
train/disgust/image0041232.jpg,6
train/disgust/image0041238.jpg,5
train/disgust/image0041243.jpg,5
train/disgust/image0041244.jpg,5
train/disgust/image0041249.jpg,5
train/disgust/image0041251.jpg,5
train/disgust/image0041254.jpg,5
train/disgust/image0041258.jpg,5
train/disgust/image0041262.jpg,5
train/disgust/image0041264.jpg,5
train/disgust/image0041267.jpg,5
train/disgust/image0041269.jpg,5
train/disgust/image0041274.jpg,5
train/disgust/image0041276.jpg,5
train/disgust/image0041280.jpg,5
train/disgust/image0041282.jpg,5
train/disgust/image0041287.jpg,5
train/disgust/image0041291.jpg,6
train/disgust/image0041296.jpg,5
train/disgust/image0041298.jpg,5
train/disgust/image0041302.jpg,2
train/disgust/image0041306.jpg,5
train/disgust/image0041309.jpg,5
train/disgust/image0041311.jpg,5
train/disgust/image0041313.jpg,0
train/disgust/image0041314.jpg,6
train/disgust/image0041317.jpg,5
train/disgust/image0041326.jpg,5
train/disgust/image0041330.jpg,2
train/disgust/image0041336.jpg,5
train/disgust/image0041337.jpg,5
train/disgust/image0041338.jpg,4
train/disgust/image0041339.jpg,5
train/disgust/image0041341.jpg,5
train/disgust/image0041342.jpg,6
train/disgust/image0041348.jpg,5
train/disgust/image0041351.jpg,6
train/disgust/image0041353.jpg,5
train/disgust/image0041361.jpg,5
train/disgust/image0041362.jpg,5
train/disgust/image0041363.jpg,5
train/disgust/image0041366.jpg,6
train/disgust/image0041369.jpg,5
train/disgust/image0041370.jpg,5
train/disgust/image0041371.jpg,3
train/disgust/image0041382.jpg,5
train/disgust/image0041383.jpg,5
train/disgust/image0041384.jpg,2
train/disgust/image0041388.jpg,5
train/disgust/image0041389.jpg,5
train/disgust/image0041393.jpg,6
train/disgust/image0041396.jpg,5
train/disgust/image0041401.jpg,5
train/disgust/image0041402.jpg,5
train/disgust/image0041403.jpg,5
train/disgust/image0041404.jpg,5
train/disgust/image0041408.jpg,5
train/disgust/image0041415.jpg,6
train/disgust/image0041417.jpg,5
train/disgust/image0041439.jpg,4
train/disgust/image0041441.jpg,5
train/disgust/image0041442.jpg,5
train/disgust/image0041445.jpg,4
train/disgust/image0041450.jpg,5
train/disgust/image0041451.jpg,5
train/disgust/image0041456.jpg,5
train/disgust/image0041460.jpg,5
train/disgust/image0041466.jpg,2
train/disgust/image0041471.jpg,5
train/disgust/image0041472.jpg,1
train/disgust/image0041473.jpg,5
train/disgust/image0041476.jpg,6
train/disgust/image0041478.jpg,5
train/disgust/image0041479.jpg,5
train/disgust/image0041480.jpg,1
train/disgust/image0041482.jpg,5
train/disgust/image0041485.jpg,5
train/disgust/image0041486.jpg,7
train/disgust/image0041487.jpg,5
train/disgust/image0041488.jpg,5
train/disgust/image0041489.jpg,5
train/disgust/image0041491.jpg,5
train/disgust/image0041492.jpg,0
train/disgust/image0041494.jpg,7
train/disgust/image0041495.jpg,6
train/disgust/image0041496.jpg,5
train/disgust/image0041499.jpg,5
train/disgust/image0041503.jpg,7
train/disgust/image0041508.jpg,5
train/disgust/image0041518.jpg,5
train/disgust/image0041521.jpg,5
train/disgust/image0041523.jpg,5
train/disgust/image0041528.jpg,5
train/disgust/image0041531.jpg,5
train/disgust/image0041533.jpg,5
train/disgust/image0041535.jpg,5
train/disgust/image0041547.jpg,5
train/disgust/image0041548.jpg,5
train/disgust/image0041551.jpg,0
train/disgust/image0041556.jpg,5
train/disgust/image0041559.jpg,0
train/disgust/image0041561.jpg,5
train/disgust/image0041562.jpg,5
train/disgust/image0041563.jpg,6
train/disgust/image0041566.jpg,5
train/disgust/image0041572.jpg,5
train/disgust/image0041575.jpg,5
train/disgust/image0041585.jpg,5
train/disgust/image0041588.jpg,5
train/disgust/image0041589.jpg,6
train/disgust/image0041591.jpg,5
train/disgust/image0041596.jpg,5
train/disgust/image0041600.jpg,6
train/disgust/image0041607.jpg,5
train/disgust/image0041609.jpg,5
train/disgust/image0041610.jpg,5
train/disgust/image0041615.jpg,5
train/disgust/image0041617.jpg,2
train/disgust/image0041625.jpg,0
train/disgust/image0041626.jpg,5
train/disgust/image0041633.jpg,5
train/disgust/image0041634.jpg,4
train/disgust/image0041639.jpg,5
train/disgust/image0041641.jpg,5
train/disgust/image0041645.jpg,5
train/disgust/image0041649.jpg,5
train/disgust/image0041650.jpg,5
train/disgust/image0041659.jpg,6
train/disgust/image0041665.jpg,5
train/disgust/image0041666.jpg,5
train/disgust/image0041668.jpg,5
train/disgust/image0041674.jpg,5
train/disgust/image0041687.jpg,5
train/disgust/image0041691.jpg,3
train/disgust/image0041693.jpg,5
train/disgust/image0041694.jpg,5
train/disgust/image0041697.jpg,5
train/disgust/image0041702.jpg,5
train/disgust/image0041703.jpg,5
train/disgust/image0041706.jpg,5
train/disgust/image0041711.jpg,5
train/disgust/image0041715.jpg,1
train/disgust/image0041724.jpg,5
train/disgust/image0041728.jpg,5
train/disgust/image0041729.jpg,5
train/disgust/image0041734.jpg,5
train/disgust/image0041736.jpg,5
train/disgust/image0041740.jpg,5
train/disgust/image0041745.jpg,5
train/disgust/image0041746.jpg,5
train/disgust/image0041749.jpg,6
train/disgust/image0041750.jpg,5
train/disgust/image0041753.jpg,5
train/disgust/image0041754.jpg,5
train/disgust/image0041759.jpg,5
train/disgust/image0041763.jpg,5
train/disgust/image0041766.jpg,5
train/disgust/image0041770.jpg,1
train/disgust/image0041772.jpg,5
train/disgust/image0041775.jpg,5
train/disgust/image0041777.jpg,2
train/disgust/image0041780.jpg,5
train/disgust/image0041782.jpg,5
train/disgust/image0041785.jpg,5
train/disgust/image0041787.jpg,3
train/disgust/image0041794.jpg,6
train/disgust/image0041796.jpg,5
train/disgust/image0041803.jpg,0
train/disgust/image0041806.jpg,5
train/disgust/image0041808.jpg,3
train/disgust/image0041810.jpg,0
train/disgust/image0041820.jpg,2
train/disgust/image0041824.jpg,5
train/disgust/image0041829.jpg,5
train/disgust/image0041832.jpg,5
train/disgust/image0041835.jpg,5
train/disgust/image0041838.jpg,5
train/disgust/image0041840.jpg,2
train/disgust/image0041841.jpg,5
train/disgust/image0041847.jpg,5
train/disgust/image0041849.jpg,5
train/disgust/image0041851.jpg,5
train/disgust/image0041852.jpg,5
train/disgust/image0041861.jpg,5
train/disgust/image0041862.jpg,5
train/disgust/image0041867.jpg,5
train/disgust/image0041872.jpg,5
train/disgust/image0041873.jpg,2
train/disgust/image0041875.jpg,5
train/disgust/image0041882.jpg,5
train/disgust/image0041883.jpg,5
train/disgust/image0041884.jpg,5
train/disgust/image0041886.jpg,5
train/disgust/image0041887.jpg,5
train/disgust/image0041891.jpg,5
train/disgust/image0041892.jpg,5
train/disgust/image0041893.jpg,5
train/disgust/image0041896.jpg,5
train/disgust/image0041898.jpg,5
train/disgust/image0041899.jpg,5
train/disgust/image0041901.jpg,5
train/disgust/image0041902.jpg,5
train/disgust/image0041906.jpg,5
train/disgust/image0041907.jpg,3
train/disgust/image0041909.jpg,5
train/disgust/image0041910.jpg,5
train/disgust/image0041912.jpg,5
train/disgust/image0041918.jpg,5
train/disgust/image0041919.jpg,5
train/disgust/image0041926.jpg,4
train/disgust/image0041927.jpg,5
train/disgust/image0041933.jpg,5
train/disgust/image0041936.jpg,5
train/disgust/image0041938.jpg,5
train/disgust/image0041940.jpg,5
train/disgust/image0041942.jpg,5
train/disgust/image0041945.jpg,5
train/disgust/image0041947.jpg,5
train/disgust/image0041949.jpg,5
train/disgust/image0041962.jpg,5
train/disgust/image0041964.jpg,6
train/disgust/image0041965.jpg,6
train/disgust/image0041966.jpg,5
train/disgust/image0041967.jpg,5
train/disgust/image0041975.jpg,6
train/disgust/image0041978.jpg,5
train/disgust/image0041979.jpg,5
train/disgust/image0041981.jpg,5
train/disgust/image0041983.jpg,5
train/disgust/image0041988.jpg,5
train/disgust/image0041989.jpg,5
train/disgust/image0041992.jpg,5
train/disgust/image0041993.jpg,5
train/disgust/image0041996.jpg,3
train/disgust/image0042004.jpg,6
train/disgust/image0042007.jpg,5
train/disgust/image0042010.jpg,5
train/disgust/image0042023.jpg,5
train/disgust/image0042024.jpg,5
train/disgust/image0042028.jpg,5
train/disgust/image0042030.jpg,5
train/disgust/image0042033.jpg,5
train/disgust/image0042042.jpg,5
train/disgust/image0042043.jpg,4
train/disgust/image0042046.jpg,5
train/disgust/image0042050.jpg,5
train/disgust/image0042051.jpg,5
train/disgust/image0042054.jpg,5
train/disgust/image0042071.jpg,6
train/disgust/image0042074.jpg,4
train/disgust/image0042076.jpg,7
train/disgust/image0042084.jpg,5
train/disgust/image0042089.jpg,5
train/disgust/image0042090.jpg,5
train/disgust/image0042091.jpg,5
train/disgust/image0042092.jpg,6
train/disgust/image0042096.jpg,5
train/disgust/image0042097.jpg,5
train/disgust/image0042100.jpg,5
train/disgust/image0042107.jpg,5
train/disgust/image0042109.jpg,5
train/disgust/image0042112.jpg,5
train/disgust/image0042114.jpg,5
train/disgust/image0042117.jpg,5
train/disgust/image0042118.jpg,5
train/disgust/image0042121.jpg,5
train/disgust/image0042122.jpg,4
train/disgust/image0042125.jpg,6
train/disgust/image0042126.jpg,5
train/disgust/image0042132.jpg,5
train/disgust/image0042134.jpg,6
train/disgust/image0042136.jpg,5
train/disgust/image0042137.jpg,6
train/disgust/image0042142.jpg,5
train/disgust/image0042144.jpg,5
train/disgust/image0042147.jpg,6
train/disgust/image0042150.jpg,5
train/disgust/image0042154.jpg,5
train/disgust/image0042156.jpg,5
train/disgust/image0042157.jpg,5
train/disgust/image0042158.jpg,5
train/disgust/image0042161.jpg,5
train/disgust/image0042164.jpg,6
train/disgust/image0042169.jpg,5
train/disgust/image0042174.jpg,5
train/disgust/image0042187.jpg,5
train/disgust/image0042189.jpg,5
train/disgust/image0042190.jpg,5
train/disgust/image0042194.jpg,5
train/disgust/image0042199.jpg,5
train/disgust/image0042210.jpg,0
train/disgust/image0042212.jpg,5
train/disgust/image0042217.jpg,5
train/disgust/image0042222.jpg,5
train/disgust/image0042225.jpg,5
train/disgust/image0042228.jpg,7
train/disgust/image0042233.jpg,5
train/disgust/image0042234.jpg,5
train/disgust/image0042235.jpg,5
train/disgust/image0042238.jpg,5
train/disgust/image0042240.jpg,5
train/disgust/image0042242.jpg,5
train/disgust/image0042245.jpg,5
train/disgust/image0042247.jpg,5
train/disgust/image0042250.jpg,3
train/disgust/image0042254.jpg,5
train/disgust/image0042255.jpg,5
train/disgust/image0042256.jpg,1
train/disgust/image0042259.jpg,5
train/disgust/image0042265.jpg,5
train/disgust/image0042266.jpg,5
train/disgust/image0042273.jpg,5
train/disgust/image0042274.jpg,5
train/disgust/image0042276.jpg,5
train/disgust/image0042278.jpg,5
train/disgust/image0042288.jpg,5
train/disgust/image0042289.jpg,5
train/disgust/image0042291.jpg,5
train/disgust/image0042292.jpg,5
train/disgust/image0042294.jpg,5
train/disgust/image0042299.jpg,5
train/disgust/image0042301.jpg,5
train/disgust/image0042302.jpg,5
train/disgust/image0042303.jpg,6
train/disgust/image0042305.jpg,5
train/disgust/image0042312.jpg,5
train/disgust/image0042315.jpg,5
train/disgust/image0042319.jpg,5
train/disgust/image0042320.jpg,5
train/disgust/image0042326.jpg,2
train/disgust/image0042328.jpg,6
train/disgust/image0042330.jpg,5
train/disgust/image0042331.jpg,5
train/disgust/image0042332.jpg,5
train/disgust/image0042333.jpg,5
train/disgust/image0042336.jpg,5
train/disgust/image0042343.jpg,6
train/disgust/image0042345.jpg,5
train/disgust/image0042346.jpg,5
train/disgust/image0042348.jpg,5
train/disgust/image0042354.jpg,5
train/disgust/image0042356.jpg,1
train/disgust/image0042357.jpg,5
train/disgust/image0042360.jpg,5
train/disgust/image0042362.jpg,5
train/disgust/image0042368.jpg,6
train/disgust/image0042369.jpg,5
train/disgust/image0042370.jpg,6
train/disgust/image0042372.jpg,5
train/disgust/image0042373.jpg,5
train/disgust/image0042380.jpg,6
train/disgust/image0042381.jpg,5
train/disgust/image0042382.jpg,6
train/disgust/image0042389.jpg,4
train/disgust/image0042393.jpg,5
train/disgust/image0042395.jpg,5
train/disgust/image0042397.jpg,5
train/disgust/image0042400.jpg,5
train/disgust/image0042402.jpg,5
train/disgust/image0042406.jpg,5
train/disgust/image0042408.jpg,6
train/disgust/image0042409.jpg,6
train/disgust/image0042410.jpg,5
train/disgust/image0042411.jpg,2
train/disgust/image0042413.jpg,5
train/disgust/image0042414.jpg,5
train/disgust/image0042417.jpg,5
train/disgust/image0042420.jpg,5
train/disgust/image0042421.jpg,7
train/disgust/image0042425.jpg,5
train/disgust/image0042426.jpg,6
train/disgust/image0042429.jpg,5
train/disgust/image0042435.jpg,5
train/disgust/image0042437.jpg,5
train/disgust/image0042438.jpg,5
train/disgust/image0042439.jpg,5
train/disgust/image0042443.jpg,5
train/disgust/image0042444.jpg,2
train/disgust/image0042446.jpg,5
train/disgust/image0042447.jpg,5
train/disgust/image0042448.jpg,3
train/disgust/image0042452.jpg,5
train/disgust/image0042456.jpg,5
train/disgust/image0042457.jpg,5
train/disgust/image0042462.jpg,6
train/disgust/image0042468.jpg,5
train/disgust/image0042473.jpg,5
train/disgust/image0042479.jpg,5
train/disgust/image0042480.jpg,5
train/disgust/image0042482.jpg,6
train/disgust/image0042483.jpg,3
train/disgust/image0042484.jpg,5
train/disgust/image0042493.jpg,5
train/disgust/image0042495.jpg,5
train/disgust/image0042503.jpg,6
train/disgust/image0042518.jpg,5
train/disgust/image0042519.jpg,5
train/disgust/image0042525.jpg,5
train/disgust/image0042526.jpg,5
train/disgust/image0042536.jpg,5
train/disgust/image0042538.jpg,1
train/disgust/image0042542.jpg,4
train/disgust/image0042544.jpg,5
train/disgust/image0042547.jpg,5
train/disgust/image0042549.jpg,7
train/disgust/image0042550.jpg,5
train/disgust/image0042551.jpg,1
train/fear/image0035588.jpg,5
train/fear/image0035589.jpg,4
train/fear/image0035595.jpg,4
train/fear/image0035597.jpg,4
train/fear/image0035599.jpg,4
train/fear/image0035604.jpg,5
train/fear/image0035606.jpg,4
train/fear/image0035612.jpg,6
train/fear/image0035617.jpg,2
train/fear/image0035620.jpg,4
train/fear/image0035626.jpg,4
train/fear/image0035633.jpg,6
train/fear/image0035634.jpg,4
train/fear/image0035636.jpg,6
train/fear/image0035639.jpg,1
train/fear/image0035640.jpg,3
train/fear/image0035641.jpg,4
train/fear/image0035642.jpg,4
train/fear/image0035646.jpg,4
train/fear/image0035647.jpg,3
train/fear/image0035648.jpg,4
train/fear/image0035649.jpg,5
train/fear/image0035650.jpg,4
train/fear/image0035652.jpg,2
train/fear/image0035654.jpg,3
train/fear/image0035658.jpg,4
train/fear/image0035659.jpg,2
train/fear/image0035660.jpg,5
train/fear/image0035661.jpg,4
train/fear/image0035664.jpg,4
train/fear/image0035665.jpg,5
train/fear/image0035667.jpg,4
train/fear/image0035672.jpg,4
train/fear/image0035678.jpg,4
train/fear/image0035681.jpg,4
train/fear/image0035682.jpg,4
train/fear/image0035687.jpg,4
train/fear/image0035688.jpg,4
train/fear/image0035689.jpg,4
train/fear/image0035700.jpg,4
train/fear/image0035702.jpg,4
train/fear/image0035705.jpg,6
train/fear/image0035706.jpg,5
train/fear/image0035712.jpg,4
train/fear/image0035714.jpg,4
train/fear/image0035725.jpg,4
train/fear/image0035730.jpg,4
train/fear/image0035735.jpg,4
train/fear/image0035736.jpg,4
train/fear/image0035738.jpg,3
train/fear/image0035742.jpg,4
train/fear/image0035750.jpg,4
train/fear/image0035760.jpg,3
train/fear/image0035763.jpg,4
train/fear/image0035768.jpg,4
train/fear/image0035769.jpg,4
train/fear/image0035771.jpg,4
train/fear/image0035775.jpg,4
train/fear/image0035776.jpg,6
train/fear/image0035783.jpg,4
train/fear/image0035785.jpg,4
train/fear/image0035800.jpg,4
train/fear/image0035802.jpg,3
train/fear/image0035817.jpg,4
train/fear/image0035818.jpg,4
train/fear/image0035823.jpg,6
train/fear/image0035824.jpg,4
train/fear/image0035827.jpg,4
train/fear/image0035829.jpg,6
train/fear/image0035831.jpg,3
train/fear/image0035832.jpg,4
train/fear/image0035836.jpg,4
train/fear/image0035840.jpg,4
train/fear/image0035853.jpg,3
train/fear/image0035854.jpg,4
train/fear/image0035856.jpg,4
train/fear/image0035858.jpg,2
train/fear/image0035859.jpg,1
train/fear/image0035863.jpg,4
train/fear/image0035864.jpg,4
train/fear/image0035882.jpg,4
train/fear/image0035884.jpg,4
train/fear/image0035887.jpg,4
train/fear/image0035894.jpg,5
train/fear/image0035903.jpg,4
train/fear/image0035904.jpg,4
train/fear/image0035907.jpg,4
train/fear/image0035909.jpg,4
train/fear/image0035919.jpg,4
train/fear/image0035930.jpg,4
train/fear/image0035932.jpg,3
train/fear/image0035933.jpg,4
train/fear/image0035940.jpg,4
train/fear/image0035949.jpg,4
train/fear/image0035959.jpg,2
train/fear/image0035976.jpg,6
train/fear/image0035981.jpg,4
train/fear/image0035982.jpg,4
train/fear/image0035986.jpg,3
train/fear/image0035987.jpg,5
train/fear/image0035992.jpg,3
train/fear/image0036001.jpg,4
train/fear/image0036009.jpg,4
train/fear/image0036010.jpg,3
train/fear/image0036012.jpg,3
train/fear/image0036013.jpg,5
train/fear/image0036017.jpg,4
train/fear/image0036031.jpg,4
train/fear/image0036036.jpg,3
train/fear/image0036047.jpg,3
train/fear/image0036050.jpg,4
train/fear/image0036062.jpg,3
train/fear/image0036073.jpg,4
train/fear/image0036076.jpg,4
train/fear/image0036086.jpg,4
train/fear/image0036092.jpg,3
train/fear/image0036094.jpg,4
train/fear/image0036097.jpg,2
train/fear/image0036099.jpg,4
train/fear/image0036105.jpg,3
train/fear/image0036108.jpg,0
train/fear/image0036113.jpg,1
train/fear/image0036116.jpg,4
train/fear/image0036123.jpg,4
train/fear/image0036124.jpg,4
train/fear/image0036125.jpg,4
train/fear/image0036126.jpg,4
train/fear/image0036128.jpg,2
train/fear/image0036129.jpg,6
train/fear/image0036137.jpg,4
train/fear/image0036139.jpg,4
train/fear/image0036141.jpg,4
train/fear/image0036143.jpg,3
train/fear/image0036145.jpg,4
train/fear/image0036147.jpg,4
train/fear/image0036149.jpg,4
train/fear/image0036154.jpg,2
train/fear/image0036156.jpg,4
train/fear/image0036158.jpg,4
train/fear/image0036159.jpg,3
train/fear/image0036162.jpg,4
train/fear/image0036164.jpg,5
train/fear/image0036168.jpg,4
train/fear/image0036170.jpg,3
train/fear/image0036178.jpg,4
train/fear/image0036181.jpg,4
train/fear/image0036185.jpg,6
train/fear/image0036186.jpg,3
train/fear/image0036190.jpg,4
train/fear/image0036192.jpg,4
train/fear/image0036195.jpg,4
train/fear/image0036198.jpg,4
train/fear/image0036200.jpg,4
train/fear/image0036206.jpg,6
train/fear/image0036210.jpg,2
train/fear/image0036212.jpg,2
train/fear/image0036215.jpg,4
train/fear/image0036217.jpg,4
train/fear/image0036218.jpg,4
train/fear/image0036220.jpg,6
train/fear/image0036221.jpg,4
train/fear/image0036231.jpg,4
train/fear/image0036235.jpg,4
train/fear/image0036237.jpg,4
train/fear/image0036240.jpg,6
train/fear/image0036241.jpg,4
train/fear/image0036246.jpg,4
train/fear/image0036252.jpg,3
train/fear/image0036253.jpg,4
train/fear/image0036254.jpg,4
train/fear/image0036258.jpg,0
train/fear/image0036261.jpg,4
train/fear/image0036274.jpg,4
train/fear/image0036275.jpg,5
train/fear/image0036277.jpg,3
train/fear/image0036281.jpg,4
train/fear/image0036283.jpg,4
train/fear/image0036285.jpg,4
train/fear/image0036293.jpg,4
train/fear/image0036294.jpg,4
train/fear/image0036297.jpg,2
train/fear/image0036303.jpg,4
train/fear/image0036305.jpg,4
train/fear/image0036309.jpg,7
train/fear/image0036310.jpg,4
train/fear/image0036318.jpg,4
train/fear/image0036320.jpg,4
train/fear/image0036322.jpg,4
train/fear/image0036328.jpg,6
train/fear/image0036329.jpg,4
train/fear/image0036330.jpg,4
train/fear/image0036332.jpg,4
train/fear/image0036333.jpg,5
train/fear/image0036334.jpg,4
train/fear/image0036335.jpg,3
train/fear/image0036340.jpg,3
train/fear/image0036342.jpg,5
train/fear/image0036347.jpg,0
train/fear/image0036348.jpg,2
train/fear/image0036352.jpg,4
train/fear/image0036353.jpg,4
train/fear/image0036358.jpg,4
train/fear/image0036363.jpg,4
train/fear/image0036364.jpg,4
train/fear/image0036365.jpg,3
train/fear/image0036366.jpg,4
train/fear/image0036367.jpg,4
train/fear/image0036370.jpg,6
train/fear/image0036371.jpg,4
train/fear/image0036372.jpg,3
train/fear/image0036375.jpg,4
train/fear/image0036378.jpg,4
train/fear/image0036381.jpg,3
train/fear/image0036389.jpg,3
train/fear/image0036390.jpg,4
train/fear/image0036397.jpg,4
train/fear/image0036398.jpg,4
train/fear/image0036399.jpg,4
train/fear/image0036401.jpg,3
train/fear/image0036403.jpg,0
train/fear/image0036405.jpg,2
train/fear/image0036416.jpg,4
train/fear/image0036420.jpg,4
train/fear/image0036422.jpg,5
train/fear/image0036431.jpg,4
train/fear/image0036432.jpg,4
train/fear/image0036444.jpg,4
train/fear/image0036446.jpg,4
train/fear/image0036449.jpg,4
train/fear/image0036450.jpg,4
train/fear/image0036452.jpg,4
train/fear/image0036459.jpg,4
train/fear/image0036461.jpg,3
train/fear/image0036466.jpg,4
train/fear/image0036471.jpg,2
train/fear/image0036477.jpg,4
train/fear/image0036479.jpg,5
train/fear/image0036484.jpg,3
train/fear/image0036492.jpg,4
train/fear/image0036502.jpg,4
train/fear/image0036503.jpg,4
train/fear/image0036505.jpg,3
train/fear/image0036506.jpg,3
train/fear/image0036513.jpg,5
train/fear/image0036521.jpg,3
train/fear/image0036522.jpg,4
train/fear/image0036523.jpg,4
train/fear/image0036526.jpg,3
train/fear/image0036532.jpg,2
train/fear/image0036533.jpg,4
train/fear/image0036534.jpg,4
train/fear/image0036544.jpg,4
train/fear/image0036550.jpg,3
train/fear/image0036560.jpg,4
train/fear/image0036562.jpg,4
train/fear/image0036570.jpg,4
train/fear/image0036573.jpg,4
train/fear/image0036575.jpg,4
train/fear/image0036589.jpg,4
train/fear/image0036592.jpg,5
train/fear/image0036597.jpg,5
train/fear/image0036599.jpg,4
train/fear/image0036609.jpg,5
train/fear/image0036616.jpg,4
train/fear/image0036622.jpg,4
train/fear/image0036623.jpg,4
train/fear/image0036627.jpg,4
train/fear/image0036631.jpg,4
train/fear/image0036645.jpg,4
train/fear/image0036647.jpg,3
train/fear/image0036649.jpg,4
train/fear/image0036658.jpg,4
train/fear/image0036659.jpg,2
train/fear/image0036660.jpg,2
train/fear/image0036663.jpg,3
train/fear/image0036670.jpg,4
train/fear/image0036671.jpg,4
train/fear/image0036678.jpg,4
train/fear/image0036679.jpg,4
train/fear/image0036680.jpg,5
train/fear/image0036687.jpg,4
train/fear/image0036690.jpg,4
train/fear/image0036691.jpg,6
train/fear/image0036692.jpg,4
train/fear/image0036695.jpg,4
train/fear/image0036703.jpg,4
train/fear/image0036719.jpg,4
train/fear/image0036730.jpg,4
train/fear/image0036734.jpg,6
train/fear/image0036743.jpg,4
train/fear/image0036749.jpg,4
train/fear/image0036751.jpg,5
train/fear/image0036752.jpg,4
train/fear/image0036758.jpg,4
train/fear/image0036767.jpg,4
train/fear/image0036770.jpg,4
train/fear/image0036771.jpg,3
train/fear/image0036772.jpg,3
train/fear/image0036773.jpg,4
train/fear/image0036780.jpg,4
train/fear/image0036783.jpg,3
train/fear/image0036785.jpg,2
train/fear/image0036787.jpg,4
train/fear/image0036793.jpg,4
train/fear/image0036794.jpg,2
train/fear/image0036795.jpg,5
train/fear/image0036796.jpg,1
train/fear/image0036797.jpg,4
train/fear/image0036806.jpg,2
train/fear/image0036811.jpg,2
train/fear/image0036812.jpg,4
train/fear/image0036816.jpg,4
train/fear/image0036819.jpg,4
train/fear/image0036820.jpg,3
train/fear/image0036822.jpg,3
train/fear/image0036823.jpg,4
train/fear/image0036830.jpg,2
train/fear/image0036831.jpg,4
train/fear/image0036832.jpg,5
train/fear/image0036838.jpg,4
train/fear/image0036839.jpg,4
train/fear/image0036846.jpg,4
train/fear/image0036848.jpg,4
train/fear/image0036850.jpg,3
train/fear/image0036868.jpg,4
train/fear/image0036870.jpg,2
train/fear/image0036873.jpg,4
train/fear/image0036875.jpg,4
train/fear/image0036876.jpg,4
train/fear/image0036880.jpg,6
train/fear/image0036881.jpg,4
train/fear/image0036883.jpg,4
train/fear/image0036888.jpg,3
train/fear/image0036891.jpg,4
train/fear/image0036892.jpg,4
train/fear/image0036894.jpg,4
train/fear/image0036895.jpg,5
train/fear/image0036900.jpg,4
train/fear/image0036903.jpg,2
train/fear/image0036904.jpg,4
train/fear/image0036906.jpg,4
train/fear/image0036933.jpg,6
train/fear/image0036936.jpg,4
train/fear/image0036939.jpg,4
train/fear/image0036943.jpg,4
train/fear/image0036945.jpg,4
train/fear/image0036948.jpg,4
train/fear/image0036952.jpg,4
train/fear/image0036954.jpg,4
train/fear/image0036959.jpg,4
train/fear/image0036967.jpg,4
train/fear/image0036971.jpg,3
train/fear/image0036972.jpg,4
train/fear/image0036986.jpg,4
train/fear/image0036988.jpg,6
train/fear/image0036990.jpg,4
train/fear/image0036994.jpg,4
train/fear/image0036997.jpg,4
train/fear/image0036998.jpg,3
train/fear/image0037001.jpg,4
train/fear/image0037006.jpg,4
train/fear/image0037008.jpg,6
train/fear/image0037010.jpg,6
train/fear/image0037012.jpg,3
train/fear/image0037014.jpg,4
train/fear/image0037023.jpg,4
train/fear/image0037029.jpg,4
train/fear/image0037035.jpg,4
train/fear/image0037036.jpg,4
train/fear/image0037037.jpg,4
train/fear/image0037039.jpg,4
train/fear/image0037041.jpg,5
train/fear/image0037044.jpg,4
train/fear/image0037047.jpg,4
train/fear/image0037052.jpg,4
train/fear/image0037057.jpg,4
train/fear/image0037058.jpg,4
train/fear/image0037060.jpg,4
train/fear/image0037063.jpg,3
train/fear/image0037075.jpg,4
train/fear/image0037079.jpg,4
train/fear/image0037083.jpg,4
train/fear/image0037085.jpg,4
train/fear/image0037086.jpg,4
train/fear/image0037095.jpg,2
train/fear/image0037098.jpg,4
train/fear/image0037103.jpg,4
train/fear/image0037105.jpg,4
train/fear/image0037108.jpg,2
train/fear/image0037112.jpg,4
train/fear/image0037117.jpg,5
train/fear/image0037120.jpg,4
train/fear/image0037122.jpg,4
train/fear/image0037127.jpg,2
train/fear/image0037135.jpg,4
train/fear/image0037139.jpg,4
train/fear/image0037148.jpg,4
train/fear/image0037151.jpg,4
train/fear/image0037154.jpg,4
train/fear/image0037164.jpg,4
train/fear/image0037169.jpg,4
train/fear/image0037171.jpg,3
train/fear/image0037173.jpg,5
train/fear/image0037174.jpg,4
train/fear/image0037176.jpg,4
train/fear/image0037181.jpg,4
train/fear/image0037182.jpg,4
train/fear/image0037184.jpg,4
train/fear/image0037191.jpg,5
train/fear/image0037199.jpg,4
train/fear/image0037202.jpg,4
train/fear/image0037203.jpg,4
train/fear/image0037205.jpg,4
train/fear/image0037206.jpg,4
train/fear/image0037210.jpg,4
train/fear/image0037212.jpg,4
train/fear/image0037213.jpg,3
train/fear/image0037215.jpg,4
train/fear/image0037224.jpg,4
train/fear/image0037228.jpg,4
train/fear/image0037229.jpg,2
train/fear/image0037237.jpg,4
train/fear/image0037245.jpg,4
train/fear/image0037250.jpg,4
train/fear/image0037253.jpg,2
train/fear/image0037254.jpg,4
train/fear/image0037264.jpg,4
train/fear/image0037267.jpg,6
train/fear/image0037269.jpg,4
train/fear/image0037270.jpg,4
train/fear/image0037272.jpg,5
train/fear/image0037280.jpg,4
train/fear/image0037284.jpg,5
train/fear/image0037287.jpg,2
train/fear/image0037288.jpg,2
train/fear/image0037289.jpg,4
train/fear/image0037292.jpg,4
train/fear/image0037296.jpg,3
train/fear/image0037297.jpg,4
train/fear/image0037300.jpg,4
train/fear/image0037307.jpg,0
train/fear/image0037308.jpg,4
train/fear/image0037309.jpg,4
train/fear/image0037312.jpg,4
train/fear/image0037314.jpg,4
train/fear/image0037316.jpg,4
train/fear/image0037317.jpg,4
train/fear/image0037320.jpg,4
train/fear/image0037326.jpg,4
train/fear/image0037327.jpg,4
train/fear/image0037331.jpg,4
train/fear/image0037332.jpg,2
train/fear/image0037340.jpg,3
train/fear/image0037342.jpg,4
train/fear/image0037346.jpg,4
train/fear/image0037349.jpg,3
train/fear/image0037350.jpg,4
train/fear/image0037351.jpg,4
train/fear/image0037353.jpg,6
train/fear/image0037356.jpg,4
train/fear/image0037362.jpg,4
train/fear/image0037363.jpg,6
train/fear/image0037364.jpg,3
train/fear/image0037366.jpg,4
train/fear/image0037369.jpg,4
train/fear/image0037373.jpg,4
train/fear/image0037375.jpg,3
train/fear/image0037379.jpg,4
train/fear/image0037382.jpg,4
train/fear/image0037399.jpg,4
train/fear/image0037402.jpg,4
train/fear/image0037405.jpg,6
train/fear/image0037406.jpg,2
train/fear/image0037408.jpg,4
train/fear/image0037412.jpg,4
train/fear/image0037415.jpg,4
train/fear/image0037418.jpg,5
train/fear/image0037419.jpg,4
train/fear/image0037422.jpg,4
train/fear/image0037427.jpg,6
train/fear/image0037429.jpg,4
train/fear/image0037430.jpg,5
train/fear/image0037434.jpg,4
train/fear/image0037435.jpg,4
train/fear/image0037439.jpg,4
train/fear/image0037445.jpg,6
train/fear/image0037446.jpg,0
train/fear/image0037447.jpg,4
train/fear/image0037450.jpg,0
train/fear/image0037458.jpg,2
train/fear/image0037460.jpg,4
train/fear/image0037463.jpg,4
train/fear/image0037465.jpg,2
train/fear/image0037466.jpg,3
train/fear/image0037468.jpg,4
train/fear/image0037471.jpg,4
train/fear/image0037473.jpg,4
train/fear/image0037476.jpg,4
train/fear/image0037481.jpg,4
train/fear/image0037482.jpg,4
train/fear/image0037483.jpg,4
train/fear/image0037485.jpg,4
train/fear/image0037491.jpg,4
train/fear/image0037498.jpg,4
train/fear/image0037502.jpg,2
train/fear/image0037509.jpg,4
train/fear/image0037511.jpg,4
train/fear/image0037519.jpg,4
train/fear/image0037521.jpg,4
train/fear/image0037527.jpg,4
train/fear/image0037529.jpg,4
train/fear/image0037534.jpg,4
train/fear/image0037550.jpg,6
train/fear/image0037558.jpg,5
train/fear/image0037559.jpg,3
train/fear/image0037560.jpg,6
train/fear/image0037564.jpg,4
train/fear/image0037565.jpg,4
train/fear/image0037579.jpg,3
train/fear/image0037580.jpg,4
train/fear/image0037586.jpg,3
train/fear/image0037590.jpg,5
train/fear/image0037597.jpg,5
train/fear/image0037601.jpg,4
train/fear/image0037603.jpg,4
train/fear/image0037604.jpg,4
train/fear/image0037606.jpg,4
train/fear/image0037612.jpg,4
train/fear/image0037617.jpg,4
train/fear/image0037623.jpg,3
train/fear/image0037625.jpg,4
train/fear/image0037627.jpg,4
train/fear/image0037630.jpg,3
train/fear/image0037632.jpg,4
train/fear/image0037637.jpg,4
train/fear/image0037642.jpg,4
train/fear/image0037646.jpg,4
train/fear/image0037649.jpg,4
train/fear/image0037650.jpg,5
train/fear/image0037653.jpg,3
train/fear/image0037657.jpg,4
train/fear/image0037660.jpg,4
train/fear/image0037664.jpg,4
train/fear/image0037671.jpg,2
train/fear/image0037673.jpg,6
train/fear/image0037679.jpg,3
train/fear/image0037682.jpg,4
train/fear/image0037686.jpg,4
train/fear/image0037690.jpg,4
train/fear/image0037691.jpg,4
train/fear/image0037692.jpg,4
train/fear/image0037693.jpg,3
train/fear/image0037694.jpg,4
train/fear/image0037695.jpg,2
train/fear/image0037699.jpg,4
train/fear/image0037700.jpg,4
train/fear/image0037704.jpg,3
train/fear/image0037707.jpg,4
train/fear/image0037725.jpg,4
train/fear/image0037726.jpg,5
train/fear/image0037738.jpg,2
train/fear/image0037744.jpg,4
train/fear/image0037746.jpg,6
train/fear/image0037747.jpg,4
train/fear/image0037752.jpg,4
train/fear/image0037754.jpg,5
train/fear/image0037759.jpg,4
train/fear/image0037760.jpg,3
train/fear/image0037761.jpg,4
train/fear/image0037762.jpg,4
train/fear/image0037771.jpg,4
train/fear/image0037776.jpg,3
train/fear/image0037777.jpg,4
train/fear/image0037781.jpg,3
train/fear/image0037784.jpg,4
train/fear/image0037787.jpg,2
train/fear/image0037788.jpg,4
train/fear/image0037789.jpg,4
train/fear/image0037794.jpg,4
train/fear/image0037796.jpg,4
train/fear/image0037802.jpg,4
train/fear/image0037811.jpg,4
train/fear/image0037822.jpg,4
train/fear/image0037825.jpg,0
train/fear/image0037835.jpg,2
train/fear/image0037837.jpg,4
train/fear/image0037838.jpg,4
train/fear/image0037839.jpg,3
train/fear/image0037843.jpg,3
train/fear/image0037845.jpg,3
train/fear/image0037847.jpg,4
train/fear/image0037848.jpg,4
train/fear/image0037850.jpg,4
train/fear/image0037851.jpg,4
train/fear/image0037852.jpg,5
train/fear/image0037859.jpg,4
train/fear/image0037861.jpg,4
train/fear/image0037867.jpg,5
train/fear/image0037872.jpg,3
train/fear/image0037877.jpg,1
train/fear/image0037891.jpg,4
train/fear/image0037893.jpg,3
train/fear/image0037902.jpg,4
train/fear/image0037906.jpg,4
train/fear/image0037908.jpg,1
train/fear/image0037912.jpg,4
train/fear/image0037913.jpg,4
train/fear/image0037918.jpg,3
train/fear/image0037920.jpg,2
train/fear/image0037927.jpg,4
train/fear/image0037929.jpg,4
train/fear/image0037930.jpg,4
train/fear/image0037936.jpg,2
train/fear/image0037938.jpg,6
train/fear/image0037939.jpg,4
train/fear/image0037941.jpg,4
train/fear/image0037946.jpg,4
train/fear/image0037949.jpg,3
train/fear/image0037963.jpg,4
train/fear/image0037968.jpg,4
train/fear/image0037971.jpg,4
train/fear/image0037972.jpg,4
train/fear/image0037976.jpg,4
train/fear/image0037977.jpg,4
train/fear/image0037979.jpg,6
train/fear/image0037986.jpg,4
train/fear/image0037990.jpg,3
train/fear/image0037991.jpg,0
train/fear/image0037992.jpg,7
train/fear/image0037994.jpg,4
train/fear/image0037997.jpg,4
train/fear/image0038003.jpg,4
train/fear/image0038014.jpg,4
train/fear/image0038015.jpg,4
train/fear/image0038019.jpg,6
train/fear/image0038020.jpg,4
train/fear/image0038021.jpg,4
train/fear/image0038030.jpg,2
train/fear/image0038033.jpg,5
train/fear/image0038039.jpg,4
train/fear/image0038044.jpg,4
train/fear/image0038047.jpg,4
train/fear/image0038052.jpg,4
train/fear/image0038057.jpg,4
train/fear/image0038064.jpg,5
train/fear/image0038074.jpg,6
train/fear/image0038077.jpg,4
train/fear/image0038079.jpg,0
train/fear/image0038088.jpg,3
train/fear/image0038090.jpg,3
train/fear/image0038095.jpg,4
train/fear/image0038098.jpg,3
train/fear/image0038101.jpg,0
train/fear/image0038103.jpg,4
train/fear/image0038116.jpg,4
train/fear/image0038118.jpg,4
train/fear/image0038124.jpg,4
train/fear/image0038133.jpg,4
train/fear/image0038140.jpg,4
train/fear/image0038141.jpg,4
train/fear/image0038142.jpg,7
train/fear/image0038143.jpg,4
train/fear/image0038149.jpg,3
train/fear/image0038154.jpg,4
train/fear/image0038156.jpg,2
train/fear/image0038170.jpg,4
train/fear/image0038176.jpg,4
train/fear/image0038181.jpg,4
train/fear/image0038184.jpg,4
train/fear/image0038186.jpg,4
train/fear/image0038189.jpg,4
train/fear/image0038193.jpg,4
train/fear/image0038198.jpg,4
train/fear/image0038203.jpg,4
train/fear/image0038206.jpg,4
train/fear/image0038209.jpg,3
train/fear/image0038212.jpg,4
train/fear/image0038213.jpg,3
train/fear/image0038214.jpg,0
train/fear/image0038216.jpg,4
train/fear/image0038217.jpg,4
train/fear/image0038226.jpg,4
train/fear/image0038234.jpg,5
train/fear/image0038235.jpg,4
train/fear/image0038237.jpg,4
train/fear/image0038241.jpg,4
train/fear/image0038245.jpg,4
train/fear/image0038247.jpg,4
train/fear/image0038262.jpg,5
train/fear/image0038263.jpg,4
train/fear/image0038265.jpg,4
train/fear/image0038269.jpg,4
train/fear/image0038270.jpg,4
train/fear/image0038274.jpg,4
train/fear/image0038277.jpg,1
train/fear/image0038280.jpg,4
train/fear/image0038281.jpg,4
train/fear/image0038290.jpg,6
train/fear/image0038293.jpg,5
train/fear/image0038294.jpg,3
train/fear/image0038297.jpg,4
train/fear/image0038299.jpg,4
train/fear/image0038306.jpg,4
train/fear/image0038321.jpg,4
train/fear/image0038325.jpg,3
train/fear/image0038328.jpg,4
train/fear/image0038330.jpg,0
train/fear/image0038332.jpg,4
train/fear/image0038333.jpg,4
train/fear/image0038336.jpg,0
train/fear/image0038347.jpg,6
train/fear/image0038348.jpg,6
train/fear/image0038349.jpg,5
train/fear/image0038351.jpg,4
train/fear/image0038355.jpg,4
train/fear/image0038357.jpg,4
train/fear/image0038359.jpg,4
train/fear/image0038360.jpg,5
train/fear/image0038364.jpg,4
train/fear/image0038373.jpg,4
train/fear/image0038374.jpg,4
train/fear/image0038383.jpg,3
train/fear/image0038384.jpg,3
train/fear/image0038386.jpg,4
train/fear/image0038396.jpg,4
train/fear/image0038400.jpg,3
train/fear/image0038401.jpg,4
train/fear/image0038407.jpg,4
train/fear/image0038409.jpg,1
train/fear/image0038412.jpg,4
train/fear/image0038415.jpg,4
train/fear/image0038419.jpg,5
train/fear/image0038420.jpg,2
train/fear/image0038422.jpg,4
train/fear/image0038431.jpg,4
train/fear/image0038435.jpg,6
train/fear/image0038445.jpg,4
train/fear/image0038453.jpg,4
train/fear/image0038462.jpg,4
train/fear/image0038463.jpg,4
train/fear/image0038464.jpg,4
train/fear/image0038467.jpg,4
train/fear/image0038468.jpg,4
train/fear/image0038470.jpg,4
train/fear/image0038479.jpg,6
train/fear/image0038480.jpg,4
train/fear/image0038483.jpg,2
train/fear/image0038484.jpg,4
train/fear/image0038487.jpg,4
train/fear/image0038490.jpg,4
train/fear/image0038491.jpg,3
train/fear/image0038492.jpg,2
train/fear/image0038495.jpg,3
train/fear/image0038496.jpg,4
train/fear/image0038501.jpg,4
train/fear/image0038502.jpg,6
train/fear/image0038503.jpg,4
train/fear/image0038512.jpg,4
train/fear/image0038525.jpg,3
train/fear/image0038526.jpg,4
train/fear/image0038533.jpg,4
train/fear/image0038536.jpg,4
train/fear/image0038537.jpg,4
train/fear/image0038541.jpg,4
train/fear/image0038543.jpg,4
train/fear/image0038544.jpg,4
train/fear/image0038549.jpg,3
train/fear/image0038554.jpg,5
train/fear/image0038556.jpg,3
train/fear/image0038563.jpg,4
train/fear/image0038564.jpg,4
train/fear/image0038569.jpg,4
train/fear/image0038573.jpg,6
train/fear/image0038584.jpg,3
train/fear/image0038589.jpg,4
train/fear/image0038594.jpg,4
train/fear/image0038601.jpg,4
train/fear/image0038603.jpg,4
train/fear/image0038605.jpg,4
train/fear/image0038610.jpg,4
train/fear/image0038616.jpg,4
train/fear/image0038617.jpg,4
train/fear/image0038622.jpg,5
train/fear/image0038625.jpg,4
train/fear/image0038627.jpg,4
train/fear/image0038629.jpg,4
train/fear/image0038637.jpg,4
train/fear/image0038640.jpg,3
train/fear/image0038647.jpg,5
train/fear/image0038652.jpg,4
train/fear/image0038653.jpg,3
train/fear/image0038660.jpg,4
train/fear/image0038665.jpg,1
train/fear/image0038666.jpg,4
train/fear/image0038669.jpg,4
train/fear/image0038672.jpg,4
train/fear/image0038677.jpg,4
train/fear/image0038680.jpg,3
train/fear/image0038684.jpg,4
train/fear/image0038685.jpg,4
train/fear/image0038686.jpg,3
train/fear/image0038691.jpg,4
train/fear/image0038692.jpg,4
train/fear/image0038693.jpg,4
train/fear/image0038694.jpg,3
train/fear/image0038695.jpg,5
train/fear/image0038701.jpg,2
train/fear/image0038702.jpg,4
train/fear/image0038703.jpg,3
train/fear/image0038706.jpg,3
train/fear/image0038714.jpg,3
train/fear/image0038734.jpg,4
train/fear/image0038735.jpg,2
train/fear/image0038739.jpg,4
train/fear/image0038742.jpg,3
train/fear/image0038750.jpg,5
train/fear/image0038752.jpg,4
train/fear/image0038756.jpg,5
train/fear/image0038757.jpg,4
train/fear/image0038758.jpg,4
train/fear/image0038761.jpg,3
train/fear/image0038766.jpg,4
train/fear/image0038768.jpg,4
train/fear/image0038779.jpg,4
train/fear/image0038780.jpg,3
train/fear/image0038788.jpg,4
train/fear/image0038795.jpg,4
train/fear/image0038801.jpg,3
train/fear/image0038803.jpg,4
train/fear/image0038807.jpg,4
train/fear/image0038808.jpg,5
train/fear/image0038810.jpg,4
train/fear/image0038813.jpg,4
train/fear/image0038814.jpg,3
train/fear/image0038817.jpg,4
train/fear/image0038819.jpg,4
train/fear/image0038823.jpg,0
train/fear/image0038824.jpg,3
train/fear/image0038825.jpg,3
train/fear/image0038826.jpg,4
train/fear/image0038828.jpg,4
train/fear/image0038839.jpg,0
train/fear/image0038842.jpg,4
train/fear/image0038845.jpg,4
train/fear/image0038850.jpg,0
train/fear/image0038852.jpg,4
train/fear/image0038853.jpg,5
train/fear/image0038856.jpg,5
train/fear/image0038860.jpg,6
train/fear/image0038861.jpg,4
train/fear/image0038874.jpg,4
train/fear/image0038878.jpg,2
train/fear/image0038889.jpg,4
train/fear/image0038892.jpg,4
train/fear/image0038898.jpg,4
train/fear/image0038907.jpg,4
train/fear/image0038908.jpg,3
train/fear/image0038909.jpg,3
train/fear/image0038913.jpg,4
train/fear/image0038926.jpg,6
train/fear/image0038928.jpg,4
train/fear/image0038931.jpg,4
train/fear/image0038932.jpg,4
train/fear/image0038934.jpg,4
train/fear/image0038941.jpg,4
train/fear/image0038942.jpg,4
train/fear/image0038944.jpg,4
train/fear/image0038945.jpg,4
train/fear/image0038946.jpg,4
train/fear/image0038947.jpg,6
train/fear/image0038953.jpg,3
train/fear/image0038954.jpg,3
train/fear/image0038958.jpg,4
train/fear/image0038966.jpg,4
train/fear/image0038967.jpg,4
train/fear/image0038968.jpg,4
train/fear/image0038970.jpg,4
train/fear/image0038972.jpg,4
train/fear/image0038981.jpg,3
train/fear/image0038982.jpg,3
train/fear/image0038989.jpg,4
train/fear/image0038993.jpg,4
train/fear/image0038997.jpg,4
train/fear/image0039003.jpg,3
train/fear/image0039007.jpg,3
train/fear/image0039008.jpg,4
train/fear/image0039011.jpg,4
train/fear/image0039014.jpg,2
train/fear/image0039016.jpg,4
train/fear/image0039017.jpg,4
train/fear/image0039028.jpg,4
train/fear/image0039032.jpg,2
train/fear/image0039033.jpg,4
train/fear/image0039036.jpg,3
train/fear/image0039038.jpg,4
train/fear/image0039045.jpg,4
train/fear/image0039049.jpg,4
train/fear/image0039052.jpg,5
train/fear/image0039053.jpg,4
train/fear/image0039058.jpg,4
train/fear/image0039061.jpg,4
train/fear/image0039064.jpg,4
train/fear/image0039065.jpg,2
train/fear/image0039068.jpg,4
train/fear/image0039078.jpg,3
train/fear/image0039080.jpg,4
train/fear/image0039082.jpg,4
train/fear/image0039087.jpg,2
train/fear/image0039093.jpg,4
train/fear/image0039094.jpg,4
train/fear/image0039095.jpg,4
train/fear/image0039097.jpg,4
train/fear/image0039100.jpg,3
train/fear/image0039102.jpg,4
train/fear/image0039107.jpg,3
train/fear/image0039109.jpg,3
train/fear/image0039111.jpg,4
train/fear/image0039116.jpg,4
train/fear/image0039119.jpg,4
train/fear/image0039124.jpg,4
train/fear/image0039125.jpg,4
train/fear/image0039127.jpg,3
train/fear/image0039129.jpg,4
train/fear/image0039130.jpg,4
train/fear/image0039133.jpg,6
train/fear/image0039135.jpg,4
train/fear/image0039142.jpg,4
train/fear/image0039144.jpg,4
train/fear/image0039148.jpg,3
train/fear/image0039150.jpg,2
train/fear/image0039154.jpg,4
train/fear/image0039156.jpg,4
train/fear/image0039157.jpg,4
train/fear/image0039162.jpg,4
train/fear/image0039163.jpg,4
train/fear/image0039166.jpg,4
train/fear/image0039168.jpg,4
train/fear/image0039171.jpg,4
train/fear/image0039173.jpg,6
train/fear/image0039175.jpg,4
train/fear/image0039179.jpg,4
train/fear/image0039184.jpg,4
train/fear/image0039187.jpg,4
train/fear/image0039188.jpg,4
train/fear/image0039195.jpg,4
train/fear/image0039199.jpg,4
train/fear/image0039202.jpg,4
train/fear/image0039207.jpg,4
train/fear/image0039213.jpg,4
train/fear/image0039216.jpg,4
train/fear/image0039218.jpg,4
train/fear/image0039220.jpg,4
train/fear/image0039224.jpg,4
train/fear/image0039233.jpg,4
train/fear/image0039234.jpg,4
train/fear/image0039237.jpg,4
train/fear/image0039238.jpg,4
train/fear/image0039244.jpg,4
train/fear/image0039245.jpg,4
train/fear/image0039247.jpg,4
train/fear/image0039248.jpg,3
train/fear/image0039252.jpg,4
train/fear/image0039255.jpg,3
train/fear/image0039256.jpg,4
train/fear/image0039264.jpg,5
train/fear/image0039266.jpg,4
train/fear/image0039267.jpg,5
train/fear/image0039272.jpg,4
train/fear/image0039278.jpg,4
train/fear/image0039282.jpg,4
train/fear/image0039285.jpg,4
train/fear/image0039287.jpg,4
train/fear/image0039288.jpg,4
train/fear/image0039289.jpg,4
train/fear/image0039295.jpg,4
train/fear/image0039298.jpg,4
train/fear/image0039300.jpg,6
train/fear/image0039307.jpg,5
train/fear/image0039309.jpg,6
train/fear/image0039314.jpg,4
train/fear/image0039318.jpg,4
train/fear/image0039324.jpg,4
train/fear/image0039329.jpg,4
train/fear/image0039331.jpg,4
train/fear/image0039333.jpg,4
train/fear/image0039343.jpg,4
train/fear/image0039344.jpg,4
train/fear/image0039345.jpg,5
train/fear/image0039349.jpg,0
train/fear/image0039350.jpg,4
train/fear/image0039354.jpg,4
train/fear/image0039362.jpg,4
train/fear/image0039363.jpg,2
train/fear/image0039365.jpg,2
train/fear/image0039367.jpg,2
train/fear/image0039375.jpg,4
train/fear/image0039379.jpg,4
train/fear/image0039380.jpg,2
train/fear/image0039393.jpg,4
train/fear/image0039399.jpg,5
train/fear/image0039401.jpg,4
train/fear/image0039403.jpg,5
train/fear/image0039404.jpg,4
train/fear/image0039407.jpg,2
train/fear/image0039419.jpg,4
train/fear/image0039428.jpg,3
train/fear/image0039432.jpg,2
train/fear/image0039434.jpg,0
train/fear/image0039439.jpg,4
train/fear/image0039440.jpg,4
train/fear/image0039444.jpg,4
train/fear/image0039454.jpg,3
train/fear/image0039459.jpg,5
train/fear/image0039460.jpg,4
train/fear/image0039461.jpg,4
train/fear/image0039463.jpg,4
train/fear/image0039464.jpg,4
train/fear/image0039465.jpg,4
train/fear/image0039470.jpg,2
train/fear/image0039474.jpg,4
train/fear/image0039483.jpg,4
train/fear/image0039484.jpg,4
train/fear/image0039488.jpg,4
train/fear/image0039489.jpg,4
train/fear/image0039490.jpg,2
train/fear/image0039498.jpg,5
train/fear/image0039501.jpg,6
train/fear/image0039503.jpg,4
train/fear/image0039504.jpg,4
train/fear/image0039505.jpg,3
train/fear/image0039506.jpg,6
train/fear/image0039508.jpg,4
train/fear/image0039509.jpg,4
train/fear/image0039514.jpg,4
train/fear/image0039515.jpg,4
train/fear/image0039519.jpg,4
train/fear/image0039526.jpg,4
train/fear/image0039532.jpg,2
train/fear/image0039537.jpg,3
train/fear/image0039542.jpg,2
train/fear/image0039546.jpg,4
train/fear/image0039550.jpg,4
train/fear/image0039559.jpg,4
train/fear/image0039562.jpg,4
train/fear/image0039567.jpg,3
train/fear/image0039568.jpg,4
train/fear/image0039569.jpg,4
train/fear/image0039570.jpg,4
train/fear/image0039583.jpg,4
train/fear/image0039585.jpg,6
train/fear/image0039588.jpg,5
train/fear/image0039590.jpg,4
train/fear/image0039591.jpg,4
train/fear/image0039594.jpg,4
train/fear/image0039602.jpg,4
train/fear/image0039606.jpg,5
train/fear/image0039609.jpg,4
train/fear/image0039614.jpg,3
train/fear/image0039620.jpg,4
train/fear/image0039623.jpg,4
train/fear/image0039626.jpg,3
train/fear/image0039630.jpg,4
train/fear/image0039631.jpg,4
train/fear/image0039632.jpg,6
train/fear/image0039635.jpg,4
train/fear/image0039639.jpg,4
train/fear/image0039640.jpg,3
train/fear/image0039642.jpg,6
train/fear/image0039643.jpg,4
train/fear/image0039647.jpg,4
train/fear/image0039648.jpg,4
train/fear/image0039652.jpg,4
train/fear/image0039656.jpg,4
train/fear/image0039661.jpg,4
train/fear/image0039672.jpg,3
train/fear/image0039686.jpg,4
train/fear/image0039689.jpg,4
train/fear/image0039692.jpg,4
train/fear/image0039694.jpg,4
train/fear/image0039697.jpg,5
train/fear/image0039709.jpg,4
train/fear/image0039712.jpg,6
train/fear/image0039713.jpg,4
train/fear/image0039719.jpg,4
train/fear/image0039720.jpg,4
train/fear/image0039722.jpg,0
train/fear/image0039728.jpg,3
train/fear/image0039730.jpg,4
train/fear/image0039731.jpg,4
train/fear/image0039732.jpg,4
train/fear/image0039739.jpg,4
train/fear/image0039740.jpg,4
train/fear/image0039745.jpg,4
train/fear/image0039747.jpg,0
train/fear/image0039748.jpg,4
train/fear/image0039750.jpg,3
train/fear/image0039752.jpg,4
train/fear/image0039755.jpg,3
train/fear/image0039765.jpg,4
train/fear/image0039767.jpg,4
train/fear/image0039769.jpg,4
train/fear/image0039770.jpg,6
train/fear/image0039777.jpg,4
train/fear/image0039780.jpg,4
train/fear/image0039784.jpg,4
train/fear/image0039786.jpg,4
train/fear/image0039795.jpg,4
train/fear/image0039800.jpg,4
train/fear/image0039808.jpg,3
train/fear/image0039809.jpg,6
train/fear/image0039812.jpg,5
train/fear/image0039817.jpg,2
train/fear/image0039819.jpg,4
train/fear/image0039824.jpg,3
train/fear/image0039825.jpg,3
train/fear/image0039826.jpg,4
train/fear/image0039842.jpg,4
train/fear/image0039848.jpg,3
train/fear/image0039850.jpg,0
train/fear/image0039854.jpg,4
train/fear/image0039859.jpg,4
train/fear/image0039871.jpg,4
train/fear/image0039872.jpg,4
train/fear/image0039873.jpg,5
train/fear/image0039876.jpg,4
train/fear/image0039882.jpg,4
train/fear/image0039884.jpg,4
train/fear/image0039885.jpg,4
train/fear/image0039899.jpg,4
train/fear/image0039901.jpg,4
train/fear/image0039902.jpg,4
train/fear/image0039908.jpg,4
train/fear/image0039923.jpg,4
train/fear/image0039935.jpg,4
train/fear/image0039936.jpg,5
train/fear/image0039937.jpg,0
train/fear/image0039943.jpg,4
train/fear/image0039944.jpg,4
train/fear/image0039946.jpg,3
train/fear/image0039955.jpg,4
train/fear/image0039958.jpg,4
train/fear/image0039962.jpg,4
train/fear/image0039964.jpg,4
train/fear/image0039970.jpg,4
train/fear/image0039972.jpg,5
train/fear/image0039979.jpg,4
train/fear/image0039982.jpg,4
train/fear/image0039996.jpg,4
train/fear/image0039999.jpg,4
train/fear/image0040007.jpg,4
train/fear/image0040009.jpg,4
train/fear/image0040014.jpg,6
train/fear/image0040017.jpg,6
train/fear/image0040018.jpg,6
train/fear/image0040019.jpg,7
train/fear/image0040020.jpg,4
train/fear/image0040021.jpg,3
train/fear/image0040022.jpg,5
train/fear/image0040026.jpg,4
train/fear/image0040027.jpg,2
train/fear/image0040032.jpg,4
train/fear/image0040035.jpg,4
train/fear/image0040039.jpg,4
train/fear/image0040042.jpg,4
train/fear/image0040044.jpg,4
train/fear/image0040052.jpg,1
train/fear/image0040054.jpg,3
train/fear/image0040056.jpg,4
train/fear/image0040061.jpg,3
train/fear/image0040069.jpg,4
train/fear/image0040072.jpg,4
train/fear/image0040073.jpg,4
train/fear/image0040074.jpg,2
train/fear/image0040084.jpg,3
train/fear/image0040087.jpg,4
train/fear/image0040095.jpg,4
train/fear/image0040104.jpg,4
train/fear/image0040106.jpg,2
train/fear/image0040109.jpg,3
train/fear/image0040117.jpg,4
train/fear/image0040119.jpg,6
train/fear/image0040125.jpg,4
train/fear/image0040127.jpg,4
train/fear/image0040132.jpg,4
train/fear/image0040140.jpg,2
train/fear/image0040141.jpg,4
train/fear/image0040145.jpg,5
train/fear/image0040150.jpg,4
train/fear/image0040151.jpg,4
train/fear/image0040155.jpg,4
train/fear/image0040157.jpg,4
train/fear/image0040158.jpg,4
train/fear/image0040159.jpg,4
train/fear/image0040162.jpg,4
train/fear/image0040164.jpg,3
train/fear/image0040167.jpg,2
train/fear/image0040169.jpg,4
train/fear/image0040170.jpg,3
train/fear/image0040172.jpg,4
train/fear/image0040173.jpg,4
train/fear/image0040176.jpg,3
train/fear/image0040179.jpg,2
train/fear/image0040185.jpg,4
train/fear/image0040189.jpg,3
train/fear/image0040194.jpg,4
train/fear/image0040197.jpg,3
train/fear/image0040204.jpg,3
train/fear/image0040206.jpg,0
train/fear/image0040208.jpg,0
train/fear/image0040209.jpg,4
train/fear/image0040210.jpg,3
train/fear/image0040212.jpg,3
train/fear/image0040214.jpg,4
train/fear/image0040215.jpg,4
train/fear/image0040217.jpg,2
train/fear/image0040221.jpg,4
train/fear/image0040222.jpg,3
train/fear/image0040224.jpg,4
train/fear/image0040229.jpg,4
train/fear/image0040231.jpg,6
train/fear/image0040234.jpg,4
train/fear/image0040235.jpg,4
train/fear/image0040238.jpg,3
train/fear/image0040245.jpg,7
train/fear/image0040248.jpg,3
train/fear/image0040251.jpg,4
train/fear/image0040254.jpg,4
train/fear/image0040260.jpg,4
train/fear/image0040264.jpg,4
train/fear/image0040265.jpg,4
train/fear/image0040268.jpg,4
train/fear/image0040269.jpg,4
train/fear/image0040273.jpg,4
train/fear/image0040280.jpg,3
train/fear/image0040281.jpg,4
train/fear/image0040284.jpg,4
train/fear/image0040285.jpg,4
train/fear/image0040295.jpg,2
train/fear/image0040298.jpg,5
train/fear/image0040305.jpg,4
train/fear/image0040307.jpg,3
train/fear/image0040308.jpg,4
train/fear/image0040314.jpg,3
train/fear/image0040316.jpg,4
train/fear/image0040321.jpg,2
train/fear/image0040323.jpg,3
train/fear/image0040329.jpg,5
train/fear/image0040331.jpg,4
train/fear/image0040334.jpg,1
train/fear/image0040339.jpg,4
train/fear/image0040345.jpg,3
train/fear/image0040346.jpg,4
train/fear/image0040352.jpg,4
train/fear/image0040354.jpg,3
train/fear/image0040357.jpg,4
train/fear/image0040363.jpg,4
train/fear/image0040365.jpg,6
train/fear/image0040370.jpg,4
train/fear/image0040375.jpg,4
train/fear/image0040380.jpg,5
train/fear/image0040393.jpg,4
train/fear/image0040394.jpg,4
train/fear/image0040402.jpg,4
train/fear/image0040405.jpg,4
train/fear/image0040409.jpg,4
train/fear/image0040412.jpg,4
train/fear/image0040416.jpg,4
train/fear/image0040420.jpg,3
train/fear/image0040425.jpg,2
train/fear/image0040427.jpg,4
train/fear/image0040434.jpg,4
train/fear/image0040435.jpg,4
train/fear/image0040440.jpg,4
train/fear/image0040441.jpg,3
train/fear/image0040446.jpg,3
train/fear/image0040448.jpg,0
train/fear/image0040456.jpg,4
train/fear/image0040463.jpg,4
train/fear/image0040468.jpg,4
train/fear/image0040472.jpg,7
train/fear/image0040473.jpg,4
train/fear/image0040475.jpg,4
train/fear/image0040482.jpg,4
train/fear/image0040489.jpg,4
train/fear/image0040497.jpg,4
train/fear/image0040506.jpg,4
train/fear/image0040507.jpg,2
train/fear/image0040510.jpg,4
train/fear/image0040513.jpg,3
train/fear/image0040514.jpg,4
train/fear/image0040516.jpg,4
train/fear/image0040522.jpg,4
train/fear/image0040525.jpg,4
train/fear/image0040527.jpg,4
train/fear/image0040529.jpg,5
train/fear/image0040531.jpg,5
train/fear/image0040534.jpg,3
train/fear/image0040536.jpg,4
train/fear/image0040538.jpg,2
train/fear/image0040539.jpg,4
train/fear/image0040541.jpg,3
train/fear/image0040542.jpg,4
train/fear/image0040544.jpg,4
train/fear/image0040554.jpg,4
train/fear/image0040555.jpg,3
train/fear/image0040556.jpg,4
train/fear/image0040559.jpg,4
train/fear/image0040565.jpg,4
train/fear/image0040569.jpg,6
train/fear/image0040570.jpg,3
train/fear/image0040571.jpg,2
train/fear/image0040574.jpg,4
train/fear/image0040578.jpg,4
train/fear/image0040580.jpg,2
train/fear/image0040588.jpg,3
train/fear/image0040594.jpg,4
train/fear/image0040595.jpg,4
train/fear/image0040598.jpg,4
train/fear/image0040602.jpg,3
train/fear/image0040603.jpg,4
train/fear/image0040607.jpg,4
train/fear/image0040608.jpg,4
train/fear/image0040613.jpg,6
train/fear/image0040615.jpg,2
train/fear/image0040616.jpg,4
train/fear/image0040617.jpg,2
train/fear/image0040620.jpg,3
train/fear/image0040622.jpg,4
train/fear/image0040624.jpg,3
train/fear/image0040629.jpg,4
train/fear/image0040643.jpg,4
train/fear/image0040651.jpg,5
train/fear/image0040654.jpg,2
train/fear/image0040663.jpg,6
train/fear/image0040664.jpg,3
train/fear/image0040665.jpg,4
train/fear/image0040669.jpg,4
train/fear/image0040670.jpg,4
train/fear/image0040672.jpg,4
train/fear/image0040684.jpg,4
train/fear/image0040686.jpg,4
train/fear/image0040690.jpg,4
train/fear/image0040692.jpg,4
train/fear/image0040696.jpg,4
train/fear/image0040700.jpg,3
train/fear/image0040702.jpg,4
train/fear/image0040708.jpg,4
train/fear/image0040709.jpg,4
train/fear/image0040717.jpg,3
train/fear/image0040718.jpg,4
train/fear/image0040720.jpg,5
train/fear/image0040725.jpg,4
train/fear/image0040726.jpg,2
train/fear/image0040727.jpg,4
train/fear/image0040733.jpg,4
train/fear/image0040739.jpg,4
train/fear/image0040741.jpg,5
train/fear/image0040743.jpg,4
train/fear/image0040746.jpg,4
train/fear/image0040750.jpg,4
train/fear/image0040752.jpg,4
train/fear/image0040753.jpg,4
train/fear/image0040755.jpg,4
train/fear/image0040756.jpg,4
train/fear/image0040757.jpg,6
train/fear/image0040762.jpg,4
train/fear/image0040763.jpg,4
train/fear/image0040767.jpg,4
train/fear/image0040770.jpg,4
train/fear/image0040778.jpg,4
train/fear/image0040780.jpg,3
train/fear/image0040788.jpg,4
train/fear/image0040790.jpg,4
train/fear/image0040791.jpg,4
train/fear/image0040792.jpg,4
train/fear/image0040793.jpg,5
train/fear/image0040795.jpg,4
train/fear/image0040798.jpg,4
train/fear/image0040802.jpg,2
train/fear/image0040806.jpg,6
train/fear/image0040810.jpg,4
train/fear/image0040822.jpg,4
train/fear/image0040823.jpg,4
train/fear/image0040829.jpg,4
train/fear/image0040831.jpg,4
train/fear/image0040833.jpg,4
train/fear/image0040837.jpg,0
train/fear/image0040838.jpg,4
train/fear/image0040839.jpg,3
train/fear/image0040840.jpg,6
train/fear/image0040841.jpg,4
train/fear/image0040852.jpg,2
train/fear/image0040863.jpg,4
train/fear/image0040868.jpg,4
train/fear/image0040869.jpg,5
train/fear/image0040874.jpg,2
train/fear/image0040886.jpg,4
train/fear/image0040887.jpg,4
train/fear/image0040888.jpg,4
train/fear/image0040889.jpg,4
train/fear/image0040893.jpg,4
train/fear/image0040895.jpg,4
train/fear/image0040899.jpg,4
train/fear/image0040902.jpg,2
train/fear/image0040906.jpg,4
train/fear/image0040907.jpg,4
train/fear/image0040913.jpg,4
train/fear/image0040914.jpg,4
train/fear/image0040916.jpg,4
train/fear/image0040918.jpg,4
train/fear/image0040925.jpg,4
train/fear/image0040932.jpg,4
train/fear/image0040938.jpg,3
train/fear/image0040941.jpg,4
train/fear/image0040942.jpg,4
train/fear/image0040953.jpg,4
train/fear/image0040955.jpg,2
train/fear/image0040957.jpg,3
train/fear/image0040960.jpg,4
train/happy/ffhq_2704.png,1
train/happy/ffhq_2705.png,1
train/happy/ffhq_2706.png,7
train/happy/ffhq_2707.png,3
train/happy/ffhq_2708.png,1
train/happy/ffhq_2709.png,1
train/happy/ffhq_2710.png,3
train/happy/ffhq_2711.png,1
train/happy/ffhq_2712.png,1
train/happy/ffhq_2713.png,1
train/happy/ffhq_2714.png,1
train/happy/ffhq_2715.png,5
train/happy/ffhq_2716.png,1
train/happy/ffhq_2717.png,1
train/happy/ffhq_2718.png,1
train/happy/ffhq_2719.png,1
train/happy/ffhq_2720.png,1
train/happy/ffhq_2721.png,1
train/happy/ffhq_2722.png,5
train/happy/ffhq_2723.png,1
train/happy/ffhq_2724.png,1
train/happy/ffhq_2725.png,1
train/happy/ffhq_2726.png,5
train/happy/ffhq_2727.png,3
train/happy/ffhq_2728.png,1
train/happy/ffhq_2729.png,1
train/happy/ffhq_2730.png,5
train/happy/ffhq_2731.png,1
train/happy/ffhq_2732.png,1
train/happy/ffhq_2733.png,1
train/happy/ffhq_2734.png,1
train/happy/ffhq_2735.png,1
train/happy/ffhq_2736.png,1
train/happy/ffhq_2737.png,1
train/happy/ffhq_2738.png,1
train/happy/ffhq_2739.png,1
train/happy/ffhq_2740.png,1
train/happy/ffhq_2741.png,1
train/happy/ffhq_2742.png,1
train/happy/ffhq_2743.png,1
train/happy/ffhq_2744.png,1
train/happy/ffhq_2745.png,5
train/happy/ffhq_2746.png,1
train/happy/ffhq_2747.png,1
train/happy/ffhq_2748.png,2
train/happy/ffhq_2749.png,1
train/happy/ffhq_2750.png,1
train/happy/ffhq_2751.png,1
train/happy/ffhq_2752.png,1
train/happy/ffhq_2753.png,1
train/happy/ffhq_2754.png,1
train/happy/ffhq_2755.png,7
train/happy/ffhq_2756.png,1
train/happy/ffhq_2757.png,1
train/happy/ffhq_2758.png,1
train/happy/ffhq_2759.png,1
train/happy/ffhq_2760.png,1
train/happy/ffhq_2761.png,1
train/happy/ffhq_2762.png,1
train/happy/ffhq_2763.png,1
train/happy/ffhq_2764.png,1
train/happy/ffhq_2765.png,3
train/happy/ffhq_2766.png,7
train/happy/ffhq_2767.png,1
train/happy/ffhq_2768.png,1
train/happy/ffhq_2769.png,1
train/happy/ffhq_2770.png,1
train/happy/ffhq_2771.png,1
train/happy/ffhq_2772.png,1
train/happy/ffhq_2773.png,1
train/happy/ffhq_2774.png,4
train/happy/ffhq_2775.png,1
train/happy/ffhq_2776.png,1
train/happy/ffhq_2777.png,1
train/happy/ffhq_2778.png,1
train/happy/ffhq_2779.png,1
train/happy/ffhq_2780.png,1
train/happy/ffhq_2781.png,1
train/happy/ffhq_2782.png,1
train/happy/ffhq_2783.png,1
train/happy/ffhq_2784.png,5
train/happy/ffhq_2785.png,3
train/happy/ffhq_2786.png,1
train/happy/ffhq_2787.png,1
train/happy/ffhq_2788.png,1
train/happy/ffhq_2789.png,1
train/happy/ffhq_2790.png,1
train/happy/ffhq_2791.png,1
train/happy/ffhq_2792.png,1
train/happy/ffhq_2793.png,1
train/happy/ffhq_2794.png,1
train/happy/ffhq_2795.png,1
train/happy/ffhq_2796.png,1
train/happy/ffhq_2797.png,1
train/happy/ffhq_2798.png,1
train/happy/ffhq_2799.png,1
train/happy/ffhq_2800.png,2
train/happy/ffhq_2801.png,1
train/happy/ffhq_2802.png,2
train/happy/ffhq_2803.png,1
train/happy/ffhq_2804.png,1
train/happy/ffhq_2805.png,1
train/happy/ffhq_2806.png,3
train/happy/ffhq_2807.png,1
train/happy/ffhq_2808.png,1
train/happy/ffhq_2809.png,1
train/happy/ffhq_2810.png,1
train/happy/ffhq_2811.png,1
train/happy/ffhq_2812.png,1
train/happy/ffhq_2813.png,1
train/happy/ffhq_2814.png,1
train/happy/ffhq_2815.png,1
train/happy/ffhq_2816.png,5
train/happy/ffhq_2817.png,7
train/happy/ffhq_2818.png,1
train/happy/ffhq_2819.png,1
train/happy/ffhq_2820.png,1
train/happy/ffhq_2821.png,1
train/happy/ffhq_2822.png,7
train/happy/ffhq_2823.png,1
train/happy/ffhq_2824.png,1
train/happy/ffhq_2825.png,1
train/happy/ffhq_2826.png,1
train/happy/ffhq_2827.png,1
train/happy/ffhq_2828.png,1
train/happy/ffhq_2829.png,1
train/happy/ffhq_2830.png,5
train/happy/ffhq_2831.png,1
train/happy/ffhq_2832.png,1
train/happy/ffhq_2833.png,1
train/happy/ffhq_2834.png,1
train/happy/ffhq_2835.png,1
train/happy/ffhq_2836.png,5
train/happy/ffhq_2837.png,1
train/happy/ffhq_2838.png,1
train/happy/ffhq_2839.png,1
train/happy/ffhq_2840.png,1
train/happy/ffhq_2841.png,3
train/happy/ffhq_2842.png,1
train/happy/ffhq_2843.png,1
train/happy/ffhq_2844.png,1
train/happy/ffhq_2845.png,1
train/happy/ffhq_2846.png,1
train/happy/ffhq_2847.png,1
train/happy/ffhq_2848.png,1
train/happy/ffhq_2849.png,1
train/happy/ffhq_2850.png,5
train/happy/ffhq_2851.png,1
train/happy/ffhq_2852.png,1
train/happy/ffhq_2853.png,1
train/happy/ffhq_2854.png,1
train/happy/ffhq_2855.png,1
train/happy/ffhq_2856.png,1
train/happy/ffhq_2857.png,2
train/happy/ffhq_2858.png,7
train/happy/ffhq_2859.png,1
train/happy/ffhq_2860.png,1
train/happy/ffhq_2861.png,1
train/happy/ffhq_2862.png,7
train/happy/ffhq_2863.png,1
train/happy/ffhq_2864.png,1
train/happy/ffhq_2865.png,1
train/happy/ffhq_2866.png,5
train/happy/ffhq_2867.png,3
train/happy/ffhq_2868.png,1
train/happy/ffhq_2869.png,1
train/happy/ffhq_2870.png,1
train/happy/ffhq_2871.png,1
train/happy/ffhq_2872.png,1
train/happy/ffhq_2873.png,1
train/happy/ffhq_2874.png,1
train/happy/ffhq_2875.png,1
train/happy/ffhq_2876.png,1
train/happy/ffhq_2877.png,1
train/happy/ffhq_2878.png,1
train/happy/ffhq_2879.png,1
train/happy/ffhq_2880.png,1
train/happy/ffhq_2881.png,1
train/happy/ffhq_2882.png,5
train/happy/ffhq_2883.png,1
train/happy/ffhq_2884.png,1
train/happy/ffhq_2885.png,1
train/happy/ffhq_2886.png,1
train/happy/ffhq_2887.png,1
train/happy/ffhq_2888.png,1
train/happy/ffhq_2889.png,1
train/happy/ffhq_2890.png,1
train/happy/ffhq_2891.png,1
train/happy/ffhq_2892.png,7
train/happy/ffhq_2893.png,4
train/happy/ffhq_2894.png,1
train/happy/ffhq_2895.png,1
train/happy/ffhq_2896.png,1
train/happy/ffhq_2897.png,1
train/happy/ffhq_2898.png,1
train/happy/ffhq_2899.png,1
train/happy/ffhq_2900.png,1
train/happy/ffhq_2901.png,1
train/happy/ffhq_2902.png,1
train/happy/ffhq_2903.png,1
train/happy/ffhq_2904.png,5
train/happy/ffhq_2905.png,5
train/happy/ffhq_2906.png,1
train/happy/ffhq_2907.png,3
train/happy/ffhq_2908.png,1
train/happy/ffhq_2909.png,1
train/happy/ffhq_2910.png,1
train/happy/ffhq_2911.png,1
train/happy/ffhq_2912.png,1
train/happy/ffhq_2913.png,1
train/happy/ffhq_2914.png,1
train/happy/ffhq_2915.png,7
train/happy/ffhq_2916.png,3
train/happy/ffhq_2917.png,1
train/happy/ffhq_2918.png,1
train/happy/ffhq_2919.png,1
train/happy/ffhq_2920.png,1
train/happy/ffhq_2921.png,1
train/happy/ffhq_2922.png,1
train/happy/ffhq_2923.png,1
train/happy/ffhq_2924.png,1
train/happy/ffhq_2925.png,1
train/happy/ffhq_2926.png,1
train/happy/ffhq_2927.png,1
train/happy/ffhq_2928.png,1
train/happy/ffhq_2929.png,7
train/happy/ffhq_2930.png,1
train/happy/ffhq_2931.png,1
train/happy/ffhq_2932.png,1
train/happy/ffhq_2933.png,1
train/happy/ffhq_2934.png,1
train/happy/ffhq_2935.png,7
train/happy/ffhq_2936.png,1
train/happy/ffhq_2937.png,3
train/happy/ffhq_2938.png,7
train/happy/ffhq_2939.png,5
train/happy/ffhq_2940.png,1
train/happy/ffhq_2941.png,7
train/happy/ffhq_2942.png,1
train/happy/ffhq_2943.png,1
train/happy/ffhq_2944.png,5
train/happy/ffhq_2945.png,3
train/happy/ffhq_2946.png,1
train/happy/ffhq_2947.png,1
train/happy/ffhq_2948.png,1
train/happy/ffhq_2949.png,1
train/happy/ffhq_2950.png,1
train/happy/ffhq_2951.png,7
train/happy/ffhq_2952.png,6
train/happy/ffhq_2953.png,1
train/happy/ffhq_2954.png,1
train/happy/ffhq_2955.png,1
train/happy/ffhq_2956.png,5
train/happy/ffhq_2957.png,1
train/happy/ffhq_2958.png,1
train/happy/ffhq_2959.png,7
train/happy/ffhq_2960.png,5
train/happy/ffhq_2961.png,1
train/happy/ffhq_2962.png,2
train/happy/ffhq_2963.png,7
train/happy/ffhq_2964.png,1
train/happy/ffhq_2965.png,1
train/happy/ffhq_2966.png,1
train/happy/ffhq_2967.png,1
train/happy/ffhq_2968.png,1
train/happy/ffhq_2969.png,7
train/happy/ffhq_2970.png,1
train/happy/ffhq_2971.png,1
train/happy/ffhq_2972.png,1
train/happy/ffhq_2973.png,1
train/happy/ffhq_2974.png,1
train/happy/ffhq_2975.png,7
train/happy/ffhq_2976.png,1
train/happy/ffhq_2977.png,1
train/happy/ffhq_2978.png,7
train/happy/ffhq_2979.png,1
train/happy/ffhq_2980.png,1
train/happy/ffhq_2981.png,1
train/happy/ffhq_2982.png,1
train/happy/ffhq_2983.png,1
train/happy/ffhq_2984.png,1
train/happy/ffhq_2985.png,1
train/happy/ffhq_2986.png,1
train/happy/ffhq_2987.png,1
train/happy/ffhq_2988.png,1
train/happy/ffhq_2989.png,1
train/happy/ffhq_2990.png,1
train/happy/ffhq_2991.png,1
train/happy/ffhq_2992.png,1
train/happy/ffhq_2993.png,1
train/happy/ffhq_2994.png,7
train/happy/ffhq_2995.png,1
train/happy/ffhq_2996.png,1
train/happy/ffhq_2997.png,7
train/happy/ffhq_2998.png,1
train/happy/ffhq_2999.png,1
train/happy/ffhq_3000.png,1
train/happy/ffhq_3001.png,3
train/happy/ffhq_3002.png,5
train/happy/ffhq_3003.png,1
train/happy/ffhq_3004.png,1
train/happy/ffhq_3005.png,1
train/happy/ffhq_3006.png,1
train/happy/ffhq_3007.png,3
train/happy/ffhq_3008.png,1
train/happy/ffhq_3009.png,1
train/happy/ffhq_3010.png,1
train/happy/ffhq_3011.png,0
train/happy/ffhq_3012.png,1
train/happy/ffhq_3013.png,2
train/happy/ffhq_3014.png,1
train/happy/ffhq_3015.png,1
train/happy/ffhq_3016.png,7
train/happy/ffhq_3017.png,1
train/happy/ffhq_3018.png,1
train/happy/ffhq_3019.png,1
train/happy/ffhq_3020.png,1
train/happy/ffhq_3021.png,7
train/happy/ffhq_3022.png,7
train/happy/ffhq_3023.png,1
train/happy/ffhq_3024.png,1
train/happy/ffhq_3025.png,1
train/happy/ffhq_3026.png,1
train/happy/ffhq_3027.png,3
train/happy/ffhq_3028.png,7
train/happy/ffhq_3029.png,1
train/happy/ffhq_3030.png,1
train/happy/ffhq_3031.png,1
train/happy/ffhq_3032.png,1
train/happy/ffhq_3033.png,1
train/happy/ffhq_3034.png,1
train/happy/ffhq_3035.png,3
train/happy/ffhq_3036.png,1
train/happy/ffhq_3037.png,1
train/happy/ffhq_3038.png,7
train/happy/ffhq_3039.png,1
train/happy/ffhq_3040.png,1
train/happy/ffhq_3041.png,5
train/happy/ffhq_3042.png,1
train/happy/ffhq_3043.png,1
train/happy/ffhq_3044.png,1
train/happy/ffhq_3045.png,5
train/happy/ffhq_3046.png,1
train/happy/ffhq_3047.png,5
train/happy/ffhq_3048.png,1
train/happy/ffhq_3049.png,1
train/happy/ffhq_3050.png,1
train/happy/ffhq_3051.png,1
train/happy/ffhq_3052.png,3
train/happy/ffhq_3053.png,1
train/happy/ffhq_3054.png,1
train/happy/ffhq_3055.png,1
train/happy/ffhq_3056.png,0
train/happy/ffhq_3057.png,1
train/happy/ffhq_3058.png,1
train/happy/ffhq_3059.png,1
train/happy/ffhq_3060.png,3
train/happy/ffhq_3061.png,1
train/happy/ffhq_3062.png,1
train/happy/ffhq_3063.png,1
train/happy/ffhq_3064.png,1
train/happy/ffhq_3065.png,5
train/happy/ffhq_3066.png,1
train/happy/ffhq_3067.png,3
train/happy/ffhq_3068.png,1
train/happy/ffhq_3069.png,3
train/happy/ffhq_3070.png,1
train/happy/ffhq_3071.png,1
train/happy/ffhq_3072.png,1
train/happy/ffhq_3073.png,1
train/happy/ffhq_3074.png,3
train/happy/ffhq_3075.png,1
train/happy/ffhq_3076.png,1
train/happy/ffhq_3077.png,1
train/happy/ffhq_3078.png,1
train/happy/ffhq_3079.png,7
train/happy/ffhq_3080.png,1
train/happy/ffhq_3081.png,1
train/happy/ffhq_3082.png,1
train/happy/ffhq_3083.png,1
train/happy/ffhq_3084.png,1
train/happy/ffhq_3085.png,1
train/happy/ffhq_3086.png,3
train/happy/ffhq_3087.png,1
train/happy/ffhq_3088.png,1
train/happy/ffhq_3089.png,1
train/happy/ffhq_3090.png,1
train/happy/ffhq_3091.png,1
train/happy/ffhq_3092.png,1
train/happy/ffhq_3093.png,1
train/happy/ffhq_3094.png,1
train/happy/ffhq_3095.png,1
train/happy/ffhq_3096.png,1
train/happy/ffhq_3097.png,7
train/happy/ffhq_3098.png,4
train/happy/ffhq_3099.png,1
train/happy/ffhq_3100.png,1
train/happy/ffhq_3101.png,7
train/happy/ffhq_3102.png,7
train/happy/ffhq_3103.png,7
train/happy/ffhq_3104.png,1
train/happy/ffhq_3105.png,1
train/happy/ffhq_3106.png,6
train/happy/ffhq_3107.png,1
train/happy/ffhq_3108.png,1
train/happy/ffhq_3109.png,1
train/happy/ffhq_3110.png,1
train/happy/ffhq_3111.png,7
train/happy/ffhq_3112.png,1
train/happy/ffhq_3113.png,1
train/happy/ffhq_3114.png,1
train/happy/ffhq_3115.png,7
train/happy/ffhq_3116.png,1
train/happy/ffhq_3117.png,1
train/happy/ffhq_3118.png,1
train/happy/ffhq_3119.png,1
train/happy/ffhq_3120.png,2
train/happy/ffhq_3121.png,1
train/happy/ffhq_3122.png,6
train/happy/ffhq_3123.png,1
train/happy/ffhq_3124.png,1
train/happy/ffhq_3125.png,1
train/happy/ffhq_3126.png,1
train/happy/ffhq_3127.png,1
train/happy/ffhq_3128.png,1
train/happy/ffhq_3129.png,1
train/happy/ffhq_3130.png,5
train/happy/ffhq_3131.png,1
train/happy/ffhq_3132.png,1
train/happy/ffhq_3133.png,1
train/happy/ffhq_3134.png,1
train/happy/ffhq_3135.png,1
train/happy/ffhq_3136.png,1
train/happy/ffhq_3137.png,1
train/happy/ffhq_3138.png,1
train/happy/ffhq_3139.png,1
train/happy/ffhq_3140.png,1
train/happy/ffhq_3141.png,7
train/happy/ffhq_3142.png,1
train/happy/ffhq_3143.png,1
train/happy/ffhq_3144.png,1
train/happy/ffhq_3145.png,1
train/happy/ffhq_3146.png,5
train/happy/ffhq_3147.png,1
train/happy/ffhq_3148.png,1
train/happy/ffhq_3149.png,1
train/happy/ffhq_3150.png,3
train/happy/ffhq_3151.png,1
train/happy/ffhq_3152.png,5
train/happy/ffhq_3153.png,1
train/happy/ffhq_3154.png,1
train/happy/ffhq_3155.png,1
train/happy/ffhq_3156.png,1
train/happy/ffhq_3157.png,1
train/happy/ffhq_3158.png,7
train/happy/ffhq_3159.png,0
train/happy/ffhq_3160.png,1
train/happy/ffhq_3161.png,1
train/happy/ffhq_3162.png,1
train/happy/ffhq_3163.png,1
train/happy/ffhq_3164.png,1
train/happy/ffhq_3165.png,5
train/happy/ffhq_3166.png,7
train/happy/ffhq_3167.png,1
train/happy/ffhq_3168.png,1
train/happy/ffhq_3169.png,1
train/happy/ffhq_3170.png,7
train/happy/ffhq_3171.png,1
train/happy/ffhq_3172.png,1
train/happy/ffhq_3173.png,1
train/happy/ffhq_3174.png,3
train/happy/ffhq_3175.png,1
train/happy/ffhq_3176.png,1
train/happy/ffhq_3177.png,1
train/happy/ffhq_3178.png,1
train/happy/ffhq_3179.png,1
train/happy/ffhq_3180.png,1
train/happy/ffhq_3181.png,1
train/happy/ffhq_3182.png,1
train/happy/ffhq_3183.png,1
train/happy/ffhq_3184.png,3
train/happy/ffhq_3185.png,1
train/happy/ffhq_3186.png,1
train/happy/ffhq_3187.png,1
train/happy/ffhq_3188.png,6
train/happy/ffhq_3189.png,1
train/happy/ffhq_3190.png,1
train/happy/ffhq_3191.png,3
train/happy/ffhq_3192.png,1
train/happy/ffhq_3193.png,1
train/happy/ffhq_3194.png,1
train/happy/ffhq_3195.png,1
train/happy/ffhq_3196.png,1
train/happy/ffhq_3197.png,4
train/happy/ffhq_3198.png,1
train/happy/ffhq_3199.png,1
train/happy/ffhq_3200.png,1
train/happy/ffhq_3201.png,1
train/happy/ffhq_3202.png,1
train/happy/ffhq_3203.png,1
train/happy/ffhq_3204.png,1
train/happy/ffhq_3205.png,3
train/happy/ffhq_3206.png,1
train/happy/ffhq_3207.png,1
train/happy/ffhq_3208.png,1
train/happy/ffhq_3209.png,1
train/happy/ffhq_3210.png,1
train/happy/ffhq_3211.png,1
train/happy/ffhq_3212.png,1
train/happy/ffhq_3213.png,1
train/happy/ffhq_3214.png,1
train/happy/ffhq_3215.png,7
train/happy/ffhq_3216.png,1
train/happy/ffhq_3217.png,1
train/happy/ffhq_3218.png,1
train/happy/ffhq_3219.png,1
train/happy/ffhq_3220.png,1
train/happy/ffhq_3221.png,3
train/happy/ffhq_3222.png,1
train/happy/ffhq_3223.png,1
train/happy/ffhq_3224.png,1
train/happy/ffhq_3225.png,1
train/happy/ffhq_3226.png,1
train/happy/ffhq_3227.png,1
train/happy/ffhq_3228.png,1
train/happy/ffhq_3229.png,1
train/happy/ffhq_3230.png,1
train/happy/ffhq_3231.png,1
train/happy/ffhq_3232.png,1
train/happy/ffhq_3233.png,1
train/happy/ffhq_3234.png,1
train/happy/ffhq_3235.png,1
train/happy/ffhq_3236.png,3
train/happy/ffhq_3237.png,5
train/happy/ffhq_3238.png,1
train/happy/ffhq_3239.png,1
train/happy/ffhq_3240.png,1
train/happy/ffhq_3241.png,1
train/happy/ffhq_3242.png,5
train/happy/ffhq_3243.png,5
train/happy/ffhq_3244.png,1
train/happy/ffhq_3245.png,5
train/happy/ffhq_3246.png,1
train/happy/ffhq_3247.png,1
train/happy/ffhq_3248.png,1
train/happy/ffhq_3249.png,1
train/happy/ffhq_3250.png,1
train/happy/ffhq_3251.png,1
train/happy/ffhq_3252.png,1
train/happy/ffhq_3253.png,1
train/happy/ffhq_3254.png,1
train/happy/ffhq_3255.png,3
train/happy/ffhq_3256.png,1
train/happy/ffhq_3257.png,1
train/happy/ffhq_3258.png,1
train/happy/ffhq_3259.png,1
train/happy/ffhq_3260.png,1
train/happy/ffhq_3261.png,1
train/happy/ffhq_3262.png,5
train/happy/ffhq_3263.png,1
train/happy/ffhq_3264.png,1
train/happy/ffhq_3265.png,1
train/happy/ffhq_3266.png,1
train/happy/ffhq_3267.png,1
train/happy/ffhq_3268.png,1
train/happy/ffhq_3269.png,1
train/happy/ffhq_3270.png,1
train/happy/ffhq_3271.png,1
train/happy/ffhq_3272.png,7
train/happy/ffhq_3273.png,1
train/happy/ffhq_3274.png,1
train/happy/ffhq_3275.png,1
train/happy/ffhq_3276.png,1
train/happy/ffhq_3277.png,1
train/happy/ffhq_3278.png,1
train/happy/ffhq_3279.png,1
train/happy/ffhq_3280.png,3
train/happy/ffhq_3281.png,1
train/happy/ffhq_3282.png,1
train/happy/ffhq_3283.png,7
train/happy/ffhq_3284.png,1
train/happy/ffhq_3285.png,1
train/happy/ffhq_3286.png,1
train/happy/ffhq_3287.png,1
train/happy/ffhq_3288.png,1
train/happy/ffhq_3289.png,1
train/happy/ffhq_3290.png,1
train/happy/ffhq_3291.png,1
train/happy/ffhq_3292.png,7
train/happy/ffhq_3293.png,0
train/happy/ffhq_3294.png,1
train/happy/ffhq_3295.png,5
train/happy/ffhq_3296.png,0
train/happy/ffhq_3297.png,1
train/happy/ffhq_3298.png,1
train/happy/ffhq_3299.png,7
train/happy/ffhq_3300.png,1
train/happy/ffhq_3301.png,1
train/happy/ffhq_3302.png,1
train/happy/ffhq_3303.png,7
train/happy/ffhq_3304.png,1
train/happy/ffhq_3305.png,7
train/happy/ffhq_3306.png,1
train/happy/ffhq_3307.png,7
train/happy/ffhq_3308.png,1
train/happy/ffhq_3309.png,1
train/happy/ffhq_3310.png,7
train/happy/ffhq_3311.png,1
train/happy/ffhq_3312.png,1
train/happy/ffhq_3313.png,1
train/happy/ffhq_3314.png,1
train/happy/ffhq_3315.png,1
train/happy/ffhq_3316.png,1
train/happy/ffhq_3317.png,1
train/happy/ffhq_3318.png,1
train/happy/ffhq_3319.png,1
train/happy/ffhq_3320.png,1
train/happy/ffhq_3321.png,3
train/happy/ffhq_3322.png,7
train/happy/ffhq_3323.png,1
train/happy/ffhq_3324.png,1
train/happy/ffhq_3325.png,1
train/happy/ffhq_3326.png,1
train/happy/ffhq_3327.png,1
train/happy/ffhq_3328.png,1
train/happy/ffhq_3329.png,7
train/happy/ffhq_3330.png,7
train/happy/ffhq_3331.png,1
train/happy/ffhq_3332.png,1
train/happy/ffhq_3333.png,1
train/happy/ffhq_3334.png,1
train/happy/ffhq_3335.png,1
train/happy/ffhq_3336.png,1
train/happy/ffhq_3337.png,1
train/happy/ffhq_3338.png,1
train/happy/ffhq_3339.png,1
train/happy/ffhq_3340.png,1
train/happy/ffhq_3341.png,1
train/happy/ffhq_3342.png,1
train/happy/ffhq_3343.png,1
train/happy/ffhq_3344.png,1
train/happy/ffhq_3345.png,1
train/happy/ffhq_3346.png,1
train/happy/ffhq_3347.png,1
train/happy/ffhq_3348.png,1
train/happy/ffhq_3349.png,1
train/happy/ffhq_3350.png,2
train/happy/ffhq_3351.png,1
train/happy/ffhq_3352.png,7
train/happy/ffhq_3353.png,1
train/happy/ffhq_3354.png,1
train/happy/ffhq_3355.png,1
train/happy/ffhq_3356.png,1
train/happy/ffhq_3357.png,1
train/happy/ffhq_3358.png,1
train/happy/ffhq_3359.png,1
train/happy/ffhq_3360.png,1
train/happy/ffhq_3361.png,1
train/happy/ffhq_3362.png,1
train/happy/ffhq_3363.png,1
train/happy/ffhq_3364.png,1
train/happy/ffhq_3365.png,7
train/happy/ffhq_3366.png,7
train/happy/ffhq_3367.png,7
train/happy/ffhq_3368.png,1
train/happy/ffhq_3369.png,7
train/happy/ffhq_3370.png,1
train/happy/ffhq_3371.png,1
train/happy/ffhq_3372.png,1
train/happy/ffhq_3373.png,1
train/happy/ffhq_3374.png,1
train/happy/ffhq_3375.png,1
train/happy/ffhq_3376.png,1
train/happy/ffhq_3377.png,3
train/happy/ffhq_3378.png,1
train/happy/ffhq_3379.png,1
train/happy/ffhq_3380.png,7
train/happy/ffhq_3381.png,1
train/happy/ffhq_3382.png,1
train/happy/ffhq_3383.png,1
train/happy/ffhq_3384.png,1
train/happy/ffhq_3385.png,1
train/happy/ffhq_3386.png,1
train/happy/ffhq_3387.png,3
train/happy/ffhq_3388.png,5
train/happy/ffhq_3389.png,1
train/happy/ffhq_3390.png,1
train/happy/ffhq_3391.png,1
train/happy/ffhq_3392.png,1
train/happy/ffhq_3393.png,1
train/happy/ffhq_3394.png,1
train/happy/ffhq_3395.png,4
train/happy/ffhq_3396.png,1
train/happy/ffhq_3397.png,1
train/happy/ffhq_3398.png,1
train/happy/ffhq_3399.png,1
train/happy/ffhq_3400.png,1
train/happy/ffhq_3401.png,7
train/happy/ffhq_3402.png,7
train/happy/ffhq_3403.png,7
train/happy/ffhq_3404.png,1
train/happy/ffhq_3405.png,1
train/happy/ffhq_3406.png,7
train/happy/ffhq_3407.png,1
train/happy/ffhq_3408.png,1
train/happy/ffhq_3409.png,1
train/happy/ffhq_3410.png,7
train/happy/ffhq_3411.png,1
train/happy/ffhq_3412.png,1
train/happy/ffhq_3413.png,7
train/happy/ffhq_3414.png,7
train/happy/ffhq_3415.png,3
train/happy/ffhq_3416.png,1
train/happy/ffhq_3417.png,1
train/happy/ffhq_3418.png,1
train/happy/ffhq_3419.png,1
train/happy/ffhq_3420.png,1
train/happy/ffhq_3421.png,1
train/happy/ffhq_3422.png,7
train/happy/ffhq_3423.png,7
train/happy/ffhq_3424.png,1
train/happy/ffhq_3425.png,1
train/happy/ffhq_3426.png,4
train/happy/ffhq_3427.png,1
train/happy/ffhq_3428.png,5
train/happy/ffhq_3429.png,7
train/happy/ffhq_3430.png,1
train/happy/ffhq_3431.png,1
train/happy/ffhq_3432.png,5
train/happy/ffhq_3433.png,1
train/happy/ffhq_3434.png,1
train/happy/ffhq_3435.png,1
train/happy/ffhq_3436.png,7
train/happy/ffhq_3437.png,1
train/happy/ffhq_3438.png,1
train/happy/ffhq_3439.png,0
train/happy/ffhq_3440.png,1
train/happy/ffhq_3441.png,7
train/happy/ffhq_3442.png,1
train/happy/ffhq_3443.png,1
train/happy/ffhq_3444.png,1
train/happy/ffhq_3445.png,1
train/happy/ffhq_3446.png,1
train/happy/ffhq_3447.png,1
train/happy/ffhq_3448.png,1
train/happy/ffhq_3449.png,5
train/happy/ffhq_3450.png,1
train/happy/ffhq_3451.png,1
train/happy/ffhq_3452.png,3
train/happy/ffhq_3453.png,1
train/happy/ffhq_3454.png,1
train/happy/ffhq_3455.png,7
train/happy/ffhq_3456.png,1
train/happy/ffhq_3457.png,1
train/happy/ffhq_3458.png,1
train/happy/ffhq_3459.png,7
train/happy/ffhq_3460.png,1
train/happy/ffhq_3461.png,1
train/happy/ffhq_3462.png,7
train/happy/ffhq_3463.png,1
train/happy/ffhq_3464.png,7
train/happy/ffhq_3465.png,1
train/happy/ffhq_3466.png,1
train/happy/ffhq_3467.png,1
train/happy/ffhq_3468.png,2
train/happy/ffhq_3469.png,1
train/happy/ffhq_3470.png,1
train/happy/ffhq_3471.png,1
train/happy/ffhq_3472.png,1
train/happy/ffhq_3473.png,7
train/happy/ffhq_3474.png,3
train/happy/ffhq_3475.png,1
train/happy/ffhq_3476.png,1
train/happy/ffhq_3477.png,3
train/happy/ffhq_3478.png,1
train/happy/ffhq_3479.png,1
train/happy/ffhq_3480.png,1
train/happy/ffhq_3481.png,1
train/happy/ffhq_3482.png,1
train/happy/ffhq_3483.png,1
train/happy/ffhq_3484.png,1
train/happy/ffhq_3485.png,1
train/happy/ffhq_3486.png,1
train/happy/ffhq_3487.png,1
train/happy/ffhq_3488.png,1
train/happy/ffhq_3489.png,3
train/happy/ffhq_3490.png,1
train/happy/ffhq_3491.png,1
train/happy/ffhq_3492.png,1
train/happy/ffhq_3493.png,1
train/happy/ffhq_3494.png,1
train/happy/ffhq_3495.png,1
train/happy/ffhq_3496.png,1
train/happy/ffhq_3497.png,1
train/happy/ffhq_3498.png,1
train/happy/ffhq_3499.png,1
train/happy/ffhq_3500.png,5
train/happy/ffhq_3501.png,5
train/happy/ffhq_3502.png,1
train/happy/ffhq_3503.png,1
train/happy/ffhq_3504.png,1
train/happy/ffhq_3505.png,1
train/happy/ffhq_3506.png,1
train/happy/ffhq_3507.png,1
train/happy/ffhq_3508.png,1
train/happy/ffhq_3509.png,1
train/happy/ffhq_3510.png,1
train/happy/ffhq_3511.png,1
train/happy/ffhq_3512.png,1
train/happy/ffhq_3513.png,1
train/happy/ffhq_3514.png,1
train/happy/ffhq_3515.png,2
train/happy/ffhq_3516.png,3
train/happy/ffhq_3517.png,1
train/happy/ffhq_3518.png,1
train/happy/ffhq_3519.png,1
train/happy/ffhq_3520.png,1
train/happy/ffhq_3521.png,1
train/happy/ffhq_3522.png,1
train/happy/ffhq_3523.png,1
train/happy/ffhq_3524.png,1
train/happy/ffhq_3525.png,1
train/happy/ffhq_3526.png,2
train/happy/ffhq_3527.png,1
train/happy/ffhq_3528.png,1
train/happy/ffhq_3529.png,3
train/happy/ffhq_3530.png,5
train/happy/ffhq_3531.png,1
train/happy/ffhq_3532.png,1
train/happy/ffhq_3533.png,0
train/happy/ffhq_3534.png,1
train/happy/ffhq_3535.png,5
train/happy/ffhq_3536.png,1
train/happy/ffhq_3537.png,1
train/happy/ffhq_3538.png,1
train/happy/ffhq_3539.png,1
train/happy/ffhq_3540.png,1
train/happy/ffhq_3541.png,1
train/happy/ffhq_3542.png,1
train/happy/ffhq_3543.png,1
train/happy/ffhq_3544.png,1
train/happy/ffhq_3545.png,1
train/happy/ffhq_3546.png,1
train/happy/ffhq_3547.png,7
train/happy/ffhq_3548.png,7
train/happy/ffhq_3549.png,1
train/happy/ffhq_3550.png,1
train/happy/ffhq_3551.png,1
train/happy/ffhq_3552.png,3
train/happy/ffhq_3553.png,1
train/happy/ffhq_3554.png,1
train/happy/ffhq_3555.png,1
train/happy/ffhq_3556.png,7
train/happy/ffhq_3557.png,1
train/happy/ffhq_3558.png,1
train/happy/ffhq_3559.png,1
train/happy/ffhq_3560.png,7
train/happy/ffhq_3561.png,1
train/happy/ffhq_3562.png,1
train/happy/ffhq_3563.png,1
train/happy/ffhq_3564.png,1
train/happy/ffhq_3565.png,1
train/happy/ffhq_3566.png,3
train/happy/ffhq_3567.png,1
train/happy/ffhq_3568.png,1
train/happy/ffhq_3569.png,1
train/happy/ffhq_3570.png,7
train/happy/ffhq_3571.png,1
train/happy/ffhq_3572.png,7
train/happy/ffhq_3573.png,1
train/happy/ffhq_3574.png,7
train/happy/ffhq_3575.png,1
train/happy/ffhq_3576.png,1
train/happy/ffhq_3577.png,1
train/happy/ffhq_3578.png,1
train/happy/ffhq_3579.png,1
train/happy/ffhq_3580.png,1
train/happy/ffhq_3581.png,1
train/happy/ffhq_3582.png,5
train/happy/ffhq_3583.png,1
train/happy/ffhq_3584.png,1
train/happy/ffhq_3585.png,1
train/happy/ffhq_3586.png,1
train/happy/ffhq_3587.png,1
train/happy/ffhq_3588.png,1
train/happy/ffhq_3589.png,3
train/happy/ffhq_3590.png,1
train/happy/ffhq_3591.png,1
train/happy/ffhq_3592.png,1
train/happy/ffhq_3593.png,1
train/happy/ffhq_3594.png,0
train/happy/ffhq_3595.png,1
train/happy/ffhq_3596.png,1
train/happy/ffhq_3597.png,1
train/happy/ffhq_3598.png,5
train/happy/ffhq_3599.png,1
train/happy/ffhq_3600.png,1
train/happy/ffhq_3601.png,5
train/happy/ffhq_3602.png,1
train/happy/ffhq_3603.png,7
train/happy/ffhq_3604.png,1
train/happy/ffhq_3605.png,1
train/happy/ffhq_3606.png,1
train/happy/ffhq_3607.png,1
train/happy/ffhq_3608.png,1
train/happy/ffhq_3609.png,1
train/happy/ffhq_3610.png,3
train/happy/ffhq_3611.png,7
train/happy/ffhq_3612.png,7
train/happy/ffhq_3613.png,7
train/happy/ffhq_3614.png,1
train/happy/ffhq_3615.png,1
train/happy/ffhq_3616.png,1
train/happy/ffhq_3617.png,1
train/happy/ffhq_3618.png,1
train/happy/ffhq_3619.png,1
train/happy/ffhq_3620.png,7
train/happy/ffhq_3621.png,1
train/happy/ffhq_3622.png,1
train/happy/ffhq_3623.png,1
train/happy/ffhq_3624.png,1
train/happy/ffhq_3625.png,1
train/happy/ffhq_3626.png,1
train/happy/ffhq_3627.png,1
train/happy/ffhq_3628.png,1
train/happy/ffhq_3629.png,1
train/happy/ffhq_3630.png,1
train/happy/ffhq_3631.png,1
train/happy/ffhq_3632.png,1
train/happy/ffhq_3633.png,1
train/happy/ffhq_3634.png,1
train/happy/ffhq_3635.png,7
train/happy/ffhq_3636.png,5
train/happy/ffhq_3637.png,7
train/happy/ffhq_3638.png,1
train/happy/ffhq_3639.png,1
train/happy/ffhq_3640.png,2
train/happy/ffhq_3641.png,1
train/happy/ffhq_3642.png,1
train/happy/ffhq_3643.png,7
train/happy/ffhq_3644.png,1
train/happy/ffhq_3645.png,1
train/happy/ffhq_3646.png,7
train/happy/ffhq_3647.png,1
train/happy/ffhq_3648.png,1
train/happy/ffhq_3649.png,1
train/happy/ffhq_3650.png,1
train/happy/ffhq_3651.png,1
train/happy/ffhq_3652.png,1
train/happy/ffhq_3653.png,1
train/happy/ffhq_3654.png,1
train/happy/ffhq_3655.png,5
train/happy/ffhq_3656.png,1
train/happy/ffhq_3657.png,7
train/happy/ffhq_3658.png,1
train/happy/ffhq_3659.png,5
train/happy/ffhq_3660.png,6
train/happy/ffhq_3661.png,1
train/happy/ffhq_3662.png,1
train/happy/ffhq_3663.png,1
train/happy/ffhq_3664.png,1
train/happy/ffhq_3665.png,2
train/happy/ffhq_3666.png,1
train/happy/ffhq_3667.png,1
train/happy/ffhq_3668.png,1
train/happy/ffhq_3669.png,1
train/happy/ffhq_3670.png,1
train/happy/ffhq_3671.png,1
train/happy/ffhq_3672.png,1
train/happy/ffhq_3673.png,7
train/happy/ffhq_3674.png,1
train/happy/ffhq_3675.png,1
train/happy/ffhq_3676.png,1
train/happy/ffhq_3677.png,1
train/happy/ffhq_3678.png,0
train/happy/ffhq_3679.png,7
train/happy/ffhq_3680.png,1
train/happy/ffhq_3681.png,3
train/happy/ffhq_3682.png,1
train/happy/ffhq_3683.png,1
train/happy/ffhq_3684.png,1
train/happy/ffhq_3685.png,1
train/happy/ffhq_3686.png,7
train/happy/ffhq_3687.png,1
train/happy/ffhq_3688.png,1
train/happy/ffhq_3689.png,1
train/happy/ffhq_3690.png,1
train/happy/ffhq_3691.png,1
train/happy/ffhq_3692.png,1
train/happy/ffhq_3693.png,1
train/happy/ffhq_3694.png,1
train/happy/ffhq_3695.png,1
train/happy/ffhq_3696.png,1
train/happy/ffhq_3697.png,1
train/happy/ffhq_3698.png,0
train/happy/ffhq_3699.png,4
train/happy/ffhq_3700.png,1
train/happy/ffhq_3701.png,1
train/happy/ffhq_3702.png,2
train/happy/ffhq_3703.png,7
train/happy/ffhq_3704.png,1
train/happy/ffhq_3705.png,1
train/happy/ffhq_3706.png,1
train/happy/ffhq_3707.png,1
train/happy/ffhq_3708.png,1
train/happy/ffhq_3709.png,1
train/happy/ffhq_3710.png,1
train/happy/ffhq_3711.png,1
train/happy/ffhq_3712.png,1
train/happy/ffhq_3713.png,1
train/happy/ffhq_3714.png,1
train/happy/ffhq_3715.png,5
train/happy/ffhq_3716.png,3
train/happy/ffhq_3717.png,1
train/happy/ffhq_3718.png,1
train/happy/ffhq_3719.png,7
train/happy/ffhq_3720.png,1
train/happy/ffhq_3721.png,1
train/happy/ffhq_3722.png,1
train/happy/ffhq_3723.png,1
train/happy/ffhq_3724.png,1
train/happy/ffhq_3725.png,1
train/happy/ffhq_3726.png,7
train/happy/ffhq_3727.png,1
train/happy/ffhq_3728.png,5
train/happy/ffhq_3729.png,1
train/happy/ffhq_3730.png,1
train/happy/ffhq_3731.png,7
train/happy/ffhq_3732.png,1
train/happy/ffhq_3733.png,1
train/happy/ffhq_3734.png,1
train/happy/ffhq_3735.png,5
train/happy/ffhq_3736.png,1
train/happy/ffhq_3737.png,1
train/happy/ffhq_3738.png,7
train/happy/ffhq_3739.png,1
train/happy/ffhq_3740.png,1
train/happy/ffhq_3741.png,1
train/happy/ffhq_3742.png,1
train/happy/ffhq_3743.png,1
train/happy/ffhq_3744.png,1
train/happy/ffhq_3745.png,1
train/happy/ffhq_3746.png,4
train/happy/ffhq_3747.png,5
train/happy/ffhq_3748.png,1
train/happy/ffhq_3749.png,1
train/happy/ffhq_3750.png,1
train/happy/ffhq_3751.png,4
train/happy/ffhq_3752.png,7
train/happy/ffhq_3753.png,1
train/happy/ffhq_3754.png,1
train/happy/ffhq_3755.png,1
train/happy/ffhq_3756.png,1
train/happy/ffhq_3757.png,1
train/happy/ffhq_3758.png,3
train/happy/ffhq_3759.png,6
train/happy/ffhq_3760.png,1
train/happy/ffhq_3761.png,7
train/happy/ffhq_3762.png,1
train/happy/ffhq_3763.png,1
train/happy/ffhq_3764.png,7
train/happy/ffhq_3765.png,7
train/happy/ffhq_3766.png,1
train/happy/ffhq_3767.png,1
train/happy/ffhq_3768.png,1
train/happy/ffhq_3769.png,1
train/happy/ffhq_3770.png,1
train/happy/ffhq_3771.png,1
train/happy/ffhq_3772.png,1
train/happy/ffhq_3773.png,7
train/happy/ffhq_3774.png,1
train/happy/ffhq_3775.png,7
train/happy/ffhq_3776.png,7
train/happy/ffhq_3777.png,1
train/happy/ffhq_3778.png,1
train/happy/ffhq_3779.png,3
train/happy/ffhq_3780.png,7
train/happy/ffhq_3781.png,0
train/happy/ffhq_3782.png,1
train/happy/ffhq_3783.png,7
train/happy/ffhq_3784.png,2
train/happy/ffhq_3785.png,1
train/happy/ffhq_3786.png,1
train/happy/ffhq_3787.png,0
train/happy/ffhq_3788.png,1
train/happy/ffhq_3789.png,1
train/happy/ffhq_3790.png,3
train/happy/ffhq_3791.png,3
train/happy/ffhq_3792.png,1
train/happy/ffhq_3793.png,1
train/happy/ffhq_3794.png,5
train/happy/ffhq_3795.png,1
train/happy/ffhq_3796.png,1
train/happy/ffhq_3797.png,7
train/happy/ffhq_3798.png,1
train/happy/ffhq_3799.png,7
train/happy/ffhq_3800.png,1
train/happy/ffhq_3801.png,1
train/happy/ffhq_3802.png,1
train/happy/ffhq_3803.png,1
train/happy/ffhq_3804.png,1
train/happy/ffhq_3805.png,1
train/happy/ffhq_3806.png,1
train/happy/ffhq_3807.png,1
train/happy/ffhq_3808.png,1
train/happy/ffhq_3809.png,7
train/happy/ffhq_3810.png,1
train/happy/ffhq_3811.png,1
train/happy/ffhq_3812.png,1
train/happy/ffhq_3813.png,1
train/happy/ffhq_3814.png,7
train/happy/ffhq_3815.png,1
train/happy/ffhq_3816.png,6
train/happy/ffhq_3817.png,1
train/happy/ffhq_3818.png,1
train/happy/ffhq_3819.png,1
train/happy/ffhq_3820.png,1
train/happy/ffhq_3821.png,5
train/happy/ffhq_3822.png,1
train/happy/ffhq_3823.png,1
train/happy/ffhq_3824.png,1
train/happy/ffhq_3825.png,5
train/happy/ffhq_3826.png,1
train/happy/ffhq_3827.png,1
train/happy/ffhq_3828.png,1
train/happy/ffhq_3829.png,1
train/happy/ffhq_3830.png,1
train/happy/ffhq_3831.png,1
train/happy/ffhq_3832.png,1
train/happy/ffhq_3833.png,7
train/happy/ffhq_3834.png,1
train/happy/ffhq_3835.png,1
train/happy/ffhq_3836.png,1
train/happy/ffhq_3837.png,1
train/happy/ffhq_3838.png,1
train/happy/ffhq_3839.png,1
train/happy/ffhq_3840.png,1
train/happy/ffhq_3841.png,1
train/happy/ffhq_3842.png,1
train/happy/ffhq_3843.png,7
train/happy/ffhq_3844.png,1
train/happy/ffhq_3845.png,1
train/happy/ffhq_3846.png,1
train/happy/ffhq_3847.png,1
train/happy/ffhq_3848.png,1
train/happy/ffhq_3849.png,1
train/happy/ffhq_3850.png,1
train/happy/ffhq_3851.png,3
train/happy/ffhq_3852.png,1
train/happy/ffhq_3853.png,1
train/happy/ffhq_3854.png,1
train/happy/ffhq_3855.png,7
train/happy/ffhq_3856.png,1
train/happy/ffhq_3857.png,1
train/happy/ffhq_3858.png,1
train/happy/ffhq_3859.png,1
train/happy/ffhq_3860.png,1
train/happy/ffhq_3861.png,1
train/happy/ffhq_3862.png,1
train/happy/ffhq_3863.png,7
train/happy/ffhq_3864.png,1
train/happy/ffhq_3865.png,1
train/happy/ffhq_3866.png,1
train/happy/ffhq_3867.png,1
train/happy/ffhq_3868.png,5
train/happy/ffhq_3869.png,1
train/happy/ffhq_3870.png,1
train/happy/ffhq_3871.png,1
train/happy/ffhq_3872.png,1
train/happy/ffhq_3873.png,5
train/happy/ffhq_3874.png,1
train/happy/ffhq_3875.png,1
train/happy/ffhq_3876.png,7
train/happy/ffhq_3877.png,7
train/happy/ffhq_3878.png,1
train/happy/ffhq_3879.png,1
train/happy/ffhq_3880.png,1
train/happy/ffhq_3881.png,1
train/happy/ffhq_3882.png,1
train/happy/ffhq_3883.png,1
train/happy/ffhq_3884.png,5
train/happy/ffhq_3885.png,1
train/happy/ffhq_3886.png,5
train/happy/ffhq_3887.png,7
train/happy/ffhq_3888.png,1
train/happy/ffhq_3889.png,7
train/happy/ffhq_3890.png,1
train/happy/ffhq_3891.png,4
train/happy/ffhq_3892.png,1
train/happy/ffhq_3893.png,1
train/happy/ffhq_3894.png,1
train/happy/ffhq_3895.png,1
train/happy/ffhq_3896.png,1
train/happy/ffhq_3897.png,5
train/happy/ffhq_3898.png,3
train/happy/ffhq_3899.png,1
train/happy/ffhq_3900.png,7
train/happy/ffhq_3901.png,1
train/happy/ffhq_3902.png,3
train/happy/ffhq_3903.png,7
train/happy/ffhq_3904.png,7
train/happy/ffhq_3905.png,1
train/happy/ffhq_3906.png,3
train/happy/ffhq_3907.png,7
train/happy/ffhq_3908.png,3
train/happy/ffhq_3909.png,7
train/happy/ffhq_3910.png,1
train/happy/ffhq_3911.png,1
train/happy/ffhq_3912.png,1
train/happy/ffhq_3913.png,1
train/happy/ffhq_3914.png,1
train/happy/ffhq_3915.png,1
train/happy/ffhq_3916.png,1
train/happy/ffhq_3917.png,1
train/happy/ffhq_3918.png,5
train/happy/ffhq_3919.png,3
train/happy/ffhq_3920.png,1
train/happy/ffhq_3921.png,1
train/happy/ffhq_3922.png,1
train/happy/ffhq_3923.png,1
train/happy/ffhq_3924.png,1
train/happy/ffhq_3925.png,6
train/happy/ffhq_3926.png,1
train/happy/ffhq_3927.png,5
train/happy/ffhq_3928.png,1
train/happy/ffhq_3929.png,3
train/happy/ffhq_3930.png,1
train/happy/ffhq_3931.png,1
train/happy/ffhq_3932.png,7
train/happy/ffhq_3933.png,1
train/happy/ffhq_3934.png,1
train/happy/ffhq_3935.png,1
train/happy/ffhq_3936.png,1
train/happy/ffhq_3937.png,7
train/happy/ffhq_3938.png,2
train/happy/ffhq_3939.png,1
train/happy/ffhq_3940.png,2
train/happy/ffhq_3941.png,1
train/happy/ffhq_3942.png,1
train/happy/ffhq_3943.png,1
train/happy/ffhq_3944.png,1
train/happy/ffhq_3945.png,1
train/happy/ffhq_3946.png,1
train/happy/ffhq_3947.png,7
train/happy/ffhq_3948.png,1
train/happy/ffhq_3949.png,1
train/happy/ffhq_3950.png,1
train/happy/ffhq_3951.png,5
train/happy/ffhq_3952.png,7
train/happy/ffhq_3953.png,1
train/happy/ffhq_3954.png,0
train/happy/ffhq_3955.png,1
train/happy/ffhq_3956.png,1
train/happy/ffhq_3957.png,1
train/happy/ffhq_3958.png,1
train/happy/ffhq_3959.png,1
train/happy/ffhq_3960.png,1
train/happy/ffhq_3961.png,1
train/happy/ffhq_3962.png,1
train/happy/ffhq_3963.png,1
train/happy/ffhq_3964.png,1
train/happy/ffhq_3965.png,1
train/happy/ffhq_3966.png,1
train/happy/ffhq_3967.png,1
train/happy/ffhq_3968.png,1
train/happy/ffhq_3969.png,1
train/happy/ffhq_3970.png,1
train/happy/ffhq_3971.png,1
train/happy/ffhq_3972.png,1
train/happy/ffhq_3973.png,1
train/happy/ffhq_3974.png,1
train/happy/ffhq_3975.png,1
train/happy/ffhq_3976.png,1
train/happy/ffhq_3977.png,1
train/happy/ffhq_3978.png,1
train/happy/ffhq_3979.png,1
train/happy/ffhq_3980.png,1
train/happy/ffhq_3981.png,1
train/happy/ffhq_3982.png,1
train/happy/ffhq_3983.png,1
train/happy/ffhq_3984.png,0
train/happy/ffhq_3985.png,1
train/happy/ffhq_3986.png,5
train/happy/ffhq_3987.png,1
train/happy/ffhq_3988.png,1
train/happy/ffhq_3989.png,1
train/happy/ffhq_3990.png,2
train/happy/ffhq_3991.png,7
train/happy/ffhq_3992.png,1
train/happy/ffhq_3993.png,1
train/happy/ffhq_3994.png,1
train/happy/ffhq_3995.png,1
train/happy/ffhq_3996.png,1
train/happy/ffhq_3997.png,1
train/happy/ffhq_3998.png,1
train/happy/ffhq_3999.png,1
train/happy/ffhq_4000.png,1
train/happy/ffhq_4001.png,1
train/happy/ffhq_4002.png,7
train/happy/ffhq_4003.png,1
train/happy/ffhq_4004.png,1
train/happy/ffhq_4005.png,1
train/happy/ffhq_4006.png,1
train/happy/ffhq_4007.png,1
train/happy/ffhq_4008.png,1
train/happy/ffhq_4009.png,1
train/happy/ffhq_4010.png,5
train/happy/ffhq_4011.png,1
train/happy/ffhq_4012.png,5
train/happy/ffhq_4013.png,1
train/happy/ffhq_4014.png,1
train/happy/ffhq_4015.png,1
train/happy/ffhq_4016.png,7
train/happy/ffhq_4017.png,1
train/happy/ffhq_4018.png,1
train/happy/ffhq_4019.png,1
train/happy/ffhq_4020.png,1
train/happy/ffhq_4021.png,1
train/happy/ffhq_4022.png,1
train/happy/ffhq_4023.png,7
train/happy/ffhq_4024.png,1
train/happy/ffhq_4025.png,1
train/happy/ffhq_4026.png,1
train/happy/ffhq_4027.png,1
train/happy/ffhq_4028.png,7
train/happy/ffhq_4029.png,3
train/happy/ffhq_4030.png,1
train/happy/ffhq_4031.png,1
train/happy/ffhq_4032.png,1
train/happy/ffhq_4033.png,1
train/happy/ffhq_4034.png,1
train/happy/ffhq_4035.png,1
train/happy/ffhq_4036.png,1
train/happy/ffhq_4037.png,7
train/happy/ffhq_4038.png,1
train/happy/ffhq_4039.png,1
train/happy/ffhq_4040.png,1
train/happy/ffhq_4041.png,1
train/happy/ffhq_4042.png,1
train/happy/ffhq_4043.png,1
train/happy/ffhq_4044.png,1
train/happy/ffhq_4045.png,3
train/happy/ffhq_4046.png,1
train/happy/ffhq_4047.png,1
train/happy/ffhq_4048.png,1
train/happy/ffhq_4049.png,1
train/happy/ffhq_4050.png,1
train/happy/ffhq_4051.png,1
train/happy/ffhq_4052.png,1
train/happy/ffhq_4053.png,1
train/happy/ffhq_4054.png,1
train/happy/ffhq_4055.png,1
train/happy/ffhq_4056.png,1
train/happy/ffhq_4057.png,1
train/happy/ffhq_4058.png,1
train/happy/ffhq_4059.png,1
train/happy/ffhq_4060.png,1
train/happy/ffhq_4061.png,1
train/happy/ffhq_4062.png,3
train/happy/ffhq_4063.png,5
train/happy/ffhq_4064.png,1
train/happy/ffhq_4065.png,1
train/happy/ffhq_4066.png,1
train/happy/ffhq_4067.png,1
train/happy/ffhq_4068.png,7
train/happy/ffhq_4069.png,1
train/happy/ffhq_4070.png,1
train/happy/ffhq_4071.png,1
train/happy/ffhq_4072.png,1
train/happy/ffhq_4073.png,1
train/happy/ffhq_4074.png,1
train/happy/ffhq_4075.png,1
train/happy/ffhq_4076.png,3
train/happy/ffhq_4077.png,1
train/happy/ffhq_4078.png,3
train/happy/ffhq_4079.png,1
train/happy/ffhq_4080.png,1
train/happy/ffhq_4081.png,1
train/happy/ffhq_4082.png,5
train/happy/ffhq_4083.png,1
train/happy/ffhq_4084.png,1
train/happy/ffhq_4085.png,1
train/happy/ffhq_4086.png,7
train/happy/ffhq_4087.png,1
train/happy/ffhq_4088.png,1
train/happy/ffhq_4089.png,1
train/happy/ffhq_4090.png,1
train/happy/ffhq_4091.png,2
train/happy/ffhq_4092.png,1
train/happy/ffhq_4093.png,1
train/happy/ffhq_4094.png,5
train/happy/ffhq_4095.png,7
train/happy/ffhq_4096.png,1
train/happy/ffhq_4097.png,1
train/happy/ffhq_4098.png,1
train/happy/ffhq_4099.png,1
train/happy/ffhq_4100.png,1
train/happy/ffhq_4101.png,1
train/happy/ffhq_4102.png,1
train/happy/ffhq_4103.png,1
train/happy/ffhq_4104.png,1
train/happy/ffhq_4105.png,1
train/happy/ffhq_4106.png,1
train/happy/ffhq_4107.png,1
train/happy/ffhq_4108.png,1
train/happy/ffhq_4109.png,1
train/happy/ffhq_4110.png,7
train/happy/ffhq_4111.png,1
train/happy/ffhq_4112.png,1
train/happy/ffhq_4113.png,1
train/happy/ffhq_4114.png,7
train/happy/ffhq_4115.png,1
train/happy/ffhq_4116.png,1
train/happy/ffhq_4117.png,1
train/happy/ffhq_4118.png,1
train/happy/ffhq_4119.png,1
train/happy/ffhq_4120.png,1
train/happy/ffhq_4121.png,3
train/happy/ffhq_4122.png,1
train/happy/ffhq_4123.png,1
train/happy/ffhq_4124.png,7
train/happy/ffhq_4125.png,1
train/happy/ffhq_4126.png,1
train/happy/ffhq_4127.png,7
train/happy/ffhq_4128.png,1
train/happy/ffhq_4129.png,7
train/happy/ffhq_4130.png,1
train/happy/ffhq_4131.png,1
train/happy/ffhq_4132.png,1
train/happy/ffhq_4133.png,1
train/happy/ffhq_4134.png,1
train/happy/ffhq_4135.png,1
train/happy/ffhq_4136.png,1
train/happy/ffhq_4137.png,5
train/happy/ffhq_4138.png,1
train/happy/ffhq_4139.png,1
train/happy/ffhq_4140.png,1
train/happy/ffhq_4141.png,1
train/happy/ffhq_4142.png,2
train/happy/ffhq_4143.png,7
train/happy/ffhq_4144.png,1
train/happy/ffhq_4145.png,1
train/happy/ffhq_4146.png,1
train/happy/ffhq_4147.png,7
train/happy/ffhq_4148.png,1
train/happy/ffhq_4149.png,5
train/happy/ffhq_4150.png,1
train/happy/ffhq_4151.png,1
train/happy/ffhq_4152.png,1
train/happy/ffhq_4153.png,1
train/happy/ffhq_4154.png,1
train/happy/ffhq_4155.png,7
train/happy/ffhq_4156.png,1
train/happy/ffhq_4157.png,1
train/happy/ffhq_4158.png,1
train/happy/ffhq_4159.png,1
train/happy/ffhq_4160.png,1
train/happy/ffhq_4161.png,1
train/happy/ffhq_4162.png,1
train/happy/ffhq_4163.png,7
train/happy/ffhq_4164.png,1
train/happy/ffhq_4165.png,1
train/happy/ffhq_4166.png,7
train/happy/ffhq_4167.png,1
train/happy/ffhq_4168.png,1
train/happy/ffhq_4169.png,1
train/happy/ffhq_4170.png,5
train/happy/ffhq_4171.png,1
train/happy/ffhq_4172.png,1
train/happy/ffhq_4173.png,1
train/happy/ffhq_4174.png,1
train/happy/ffhq_4175.png,1
train/happy/ffhq_4176.png,1
train/happy/ffhq_4177.png,1
train/happy/ffhq_4178.png,1
train/happy/ffhq_4179.png,1
train/happy/ffhq_4180.png,7
train/happy/ffhq_4181.png,1
train/happy/ffhq_4182.png,1
train/happy/ffhq_4183.png,1
train/happy/ffhq_4184.png,1
train/happy/ffhq_4185.png,1
train/happy/ffhq_4186.png,1
train/happy/ffhq_4187.png,1
train/happy/ffhq_4188.png,1
train/happy/ffhq_4189.png,1
train/happy/ffhq_4190.png,3
train/happy/ffhq_4191.png,1
train/happy/ffhq_4192.png,1
train/happy/ffhq_4193.png,3
train/happy/ffhq_4194.png,1
train/happy/ffhq_4195.png,5
train/happy/ffhq_4196.png,1
train/happy/ffhq_4197.png,1
train/happy/ffhq_4198.png,5
train/happy/ffhq_4199.png,1
train/happy/ffhq_4200.png,1
train/happy/ffhq_4201.png,7
train/happy/ffhq_4202.png,1
train/happy/ffhq_4203.png,5
train/happy/ffhq_4204.png,1
train/happy/ffhq_4205.png,1
train/happy/ffhq_4206.png,1
train/happy/ffhq_4207.png,7
train/happy/ffhq_4208.png,5
train/happy/ffhq_4209.png,5
train/happy/ffhq_4210.png,1
train/happy/ffhq_4211.png,1
train/happy/ffhq_4212.png,1
train/happy/ffhq_4213.png,1
train/happy/ffhq_4214.png,1
train/happy/ffhq_4215.png,1
train/happy/ffhq_4216.png,1
train/happy/ffhq_4217.png,1
train/happy/ffhq_4218.png,1
train/happy/ffhq_4219.png,1
train/happy/ffhq_4220.png,1
train/happy/ffhq_4221.png,1
train/happy/ffhq_4222.png,1
train/happy/ffhq_4223.png,1
train/happy/ffhq_4224.png,5
train/happy/ffhq_4225.png,1
train/happy/ffhq_4226.png,6
train/happy/ffhq_4227.png,5
train/happy/ffhq_4228.png,1
train/happy/ffhq_4229.png,1
train/happy/ffhq_4230.png,1
train/happy/ffhq_4231.png,1
train/happy/ffhq_4232.png,1
train/happy/ffhq_4233.png,1
train/happy/ffhq_4234.png,1
train/happy/ffhq_4235.png,1
train/happy/ffhq_4236.png,1
train/happy/ffhq_4237.png,1
train/happy/ffhq_4238.png,7
train/happy/ffhq_4239.png,1
train/happy/ffhq_4240.png,7
train/happy/ffhq_4241.png,1
train/happy/ffhq_4242.png,1
train/happy/ffhq_4243.png,1
train/happy/ffhq_4244.png,6
train/happy/ffhq_4245.png,1
train/happy/ffhq_4246.png,1
train/happy/ffhq_4247.png,6
train/happy/ffhq_4248.png,6
train/happy/ffhq_4249.png,1
train/happy/ffhq_4250.png,1
train/happy/ffhq_4251.png,1
train/happy/ffhq_4252.png,1
train/happy/ffhq_4253.png,1
train/happy/ffhq_4254.png,1
train/happy/ffhq_4255.png,1
train/happy/ffhq_4256.png,1
train/happy/ffhq_4257.png,1
train/happy/ffhq_4258.png,0
train/happy/ffhq_4259.png,1
train/happy/ffhq_4260.png,1
train/happy/ffhq_4261.png,1
train/happy/ffhq_4262.png,1
train/happy/ffhq_4263.png,3
train/happy/ffhq_4264.png,5
train/happy/ffhq_4265.png,1
train/happy/ffhq_4266.png,1
train/happy/ffhq_4267.png,1
train/happy/ffhq_4268.png,1
train/happy/ffhq_4269.png,1
train/happy/ffhq_4270.png,1
train/happy/ffhq_4271.png,1
train/happy/ffhq_4272.png,1
train/happy/ffhq_4273.png,1
train/happy/ffhq_4274.png,1
train/happy/ffhq_4275.png,1
train/happy/ffhq_4276.png,1
train/happy/ffhq_4277.png,1
train/happy/ffhq_4278.png,7
train/happy/ffhq_4279.png,1
train/happy/ffhq_4280.png,1
train/happy/ffhq_4281.png,1
train/happy/ffhq_4282.png,1
train/happy/ffhq_4283.png,1
train/happy/ffhq_4284.png,1
train/happy/ffhq_4285.png,1
train/happy/ffhq_4286.png,1
train/happy/ffhq_4287.png,7
train/happy/ffhq_4288.png,1
train/happy/ffhq_4289.png,1
train/happy/ffhq_4290.png,1
train/happy/ffhq_4291.png,1
train/happy/ffhq_4292.png,1
train/happy/ffhq_4293.png,1
train/happy/ffhq_4294.png,5
train/happy/ffhq_4295.png,5
train/happy/ffhq_4296.png,1
train/happy/ffhq_4297.png,1
train/happy/ffhq_4298.png,1
train/happy/ffhq_4299.png,1
train/happy/ffhq_4300.png,1
train/happy/ffhq_4301.png,1
train/happy/ffhq_4302.png,7
train/happy/ffhq_4303.png,1
train/happy/ffhq_4304.png,3
train/happy/ffhq_4305.png,1
train/happy/ffhq_4306.png,1
train/happy/ffhq_4307.png,1
train/happy/ffhq_4308.png,1
train/happy/ffhq_4309.png,2
train/happy/ffhq_4310.png,7
train/happy/ffhq_4311.png,1
train/happy/ffhq_4312.png,7
train/happy/ffhq_4313.png,1
train/happy/ffhq_4314.png,1
train/happy/ffhq_4315.png,1
train/happy/ffhq_4316.png,1
train/happy/ffhq_4318.png,1
train/happy/ffhq_4319.png,1
train/happy/ffhq_4320.png,1
train/happy/ffhq_4321.png,2
train/happy/ffhq_4322.png,1
train/happy/ffhq_4323.png,1
train/happy/ffhq_4324.png,1
train/happy/ffhq_4325.png,1
train/happy/ffhq_4326.png,3
train/happy/ffhq_4327.png,0
train/happy/ffhq_4328.png,7
train/happy/ffhq_4329.png,1
train/happy/ffhq_4330.png,1
train/happy/ffhq_4331.png,1
train/happy/ffhq_4332.png,1
train/happy/ffhq_4333.png,7
train/happy/ffhq_4334.png,1
train/happy/ffhq_4335.png,3
train/happy/ffhq_4336.png,1
train/happy/ffhq_4337.png,1
train/happy/ffhq_4338.png,5
train/happy/ffhq_4339.png,1
train/happy/ffhq_4340.png,1
train/happy/ffhq_4341.png,1
train/happy/ffhq_4342.png,1
train/happy/ffhq_4343.png,1
train/happy/ffhq_4344.png,1
train/happy/ffhq_4345.png,1
train/happy/ffhq_4346.png,1
train/happy/ffhq_4347.png,1
train/happy/ffhq_4348.png,1
train/happy/ffhq_4349.png,1
train/happy/ffhq_4350.png,7
train/happy/ffhq_4351.png,1
train/happy/ffhq_4352.png,1
train/happy/ffhq_4353.png,1
train/happy/ffhq_4354.png,1
train/happy/ffhq_4355.png,1
train/happy/ffhq_4356.png,1
train/happy/ffhq_4357.png,5
train/happy/ffhq_4358.png,1
train/happy/ffhq_4359.png,1
train/happy/ffhq_4360.png,1
train/happy/ffhq_4361.png,1
train/happy/ffhq_4362.png,1
train/happy/ffhq_4363.png,1
train/happy/ffhq_4364.png,1
train/happy/ffhq_4365.png,1
train/happy/ffhq_4366.png,1
train/happy/ffhq_4367.png,1
train/happy/ffhq_4368.png,1
train/happy/ffhq_4369.png,7
train/happy/ffhq_4370.png,1
train/happy/ffhq_4371.png,1
train/happy/ffhq_4372.png,1
train/happy/ffhq_4373.png,5
train/happy/ffhq_4374.png,1
train/happy/ffhq_4375.png,1
train/happy/ffhq_4376.png,1
train/happy/ffhq_4377.png,1
train/happy/ffhq_4378.png,1
train/happy/ffhq_4379.png,1
train/happy/ffhq_4380.png,1
train/happy/ffhq_4381.png,7
train/happy/ffhq_4382.png,1
train/happy/ffhq_4383.png,1
train/happy/ffhq_4384.png,5
train/happy/ffhq_4385.png,1
train/happy/ffhq_4386.png,1
train/happy/ffhq_4387.png,1
train/happy/ffhq_4388.png,5
train/happy/ffhq_4389.png,1
train/happy/ffhq_4390.png,1
train/happy/ffhq_4391.png,1
train/happy/ffhq_4392.png,1
train/happy/ffhq_4393.png,1
train/happy/ffhq_4394.png,1
train/happy/ffhq_4395.png,1
train/happy/ffhq_4396.png,1
train/happy/ffhq_4397.png,1
train/happy/ffhq_4398.png,1
train/happy/ffhq_4399.png,1
train/happy/ffhq_4400.png,1
train/happy/ffhq_4401.png,1
train/happy/ffhq_4402.png,1
train/happy/ffhq_4403.png,7
train/happy/ffhq_4404.png,7
train/happy/ffhq_4405.png,7
train/happy/ffhq_4406.png,1
train/happy/ffhq_4407.png,1
train/happy/ffhq_4408.png,1
train/happy/ffhq_4409.png,1
train/happy/ffhq_4410.png,1
train/happy/ffhq_4411.png,1
train/happy/ffhq_4412.png,1
train/happy/ffhq_4413.png,1
train/happy/ffhq_4414.png,1
train/happy/ffhq_4415.png,1
train/happy/ffhq_4416.png,1
train/happy/ffhq_4417.png,1
train/happy/ffhq_4418.png,1
train/happy/ffhq_4419.png,1
train/happy/ffhq_4420.png,1
train/happy/ffhq_4421.png,1
train/happy/ffhq_4422.png,5
train/happy/ffhq_4423.png,5
train/happy/ffhq_4424.png,1
train/happy/ffhq_4425.png,1
train/happy/ffhq_4426.png,1
train/happy/ffhq_4427.png,1
train/happy/ffhq_4428.png,1
train/happy/ffhq_4429.png,1
train/happy/ffhq_4430.png,1
train/happy/ffhq_4431.png,1
train/happy/ffhq_4432.png,7
train/happy/ffhq_4433.png,1
train/happy/ffhq_4434.png,1
train/happy/ffhq_4435.png,1
train/happy/ffhq_4436.png,1
train/happy/ffhq_4437.png,1
train/happy/ffhq_4438.png,1
train/happy/ffhq_4439.png,5
train/happy/ffhq_4440.png,1
train/happy/ffhq_4441.png,1
train/happy/ffhq_4442.png,1
train/happy/ffhq_4443.png,1
train/happy/ffhq_4444.png,7
train/happy/ffhq_4445.png,5
train/happy/ffhq_4446.png,7
train/happy/ffhq_4447.png,1
train/happy/ffhq_4448.png,7
train/happy/ffhq_4449.png,1
train/happy/ffhq_4450.png,1
train/happy/ffhq_4451.png,1
train/happy/ffhq_4452.png,3
train/happy/ffhq_4453.png,1
train/happy/ffhq_4454.png,1
train/happy/ffhq_4455.png,1
train/happy/ffhq_4456.png,5
train/happy/ffhq_4457.png,1
train/happy/ffhq_4458.png,1
train/happy/ffhq_4459.png,3
train/happy/ffhq_4460.png,1
train/happy/ffhq_4461.png,7
train/happy/ffhq_4462.png,1
train/happy/ffhq_4463.png,1
train/happy/ffhq_4464.png,1
train/happy/ffhq_4465.png,7
train/happy/ffhq_4466.png,1
train/happy/ffhq_4467.png,1
train/happy/ffhq_4468.png,1
train/happy/ffhq_4469.png,1
train/happy/ffhq_4470.png,1
train/happy/ffhq_4471.png,0
train/happy/ffhq_4472.png,1
train/happy/ffhq_4473.png,1
train/happy/ffhq_4474.png,5
train/happy/ffhq_4475.png,7
train/happy/ffhq_4476.png,1
train/happy/ffhq_4477.png,1
train/happy/ffhq_4478.png,1
train/happy/ffhq_4479.png,1
train/happy/ffhq_4480.png,1
train/happy/ffhq_4481.png,1
train/happy/ffhq_4482.png,1
train/happy/ffhq_4483.png,1
train/happy/ffhq_4484.png,1
train/happy/ffhq_4485.png,1
train/happy/ffhq_4486.png,1
train/happy/ffhq_4487.png,5
train/happy/ffhq_4488.png,1
train/happy/ffhq_4489.png,1
train/happy/ffhq_4490.png,1
train/happy/ffhq_4491.png,1
train/happy/ffhq_4492.png,1
train/happy/ffhq_4493.png,1
train/happy/ffhq_4494.png,1
train/happy/ffhq_4495.png,3
train/happy/ffhq_4496.png,1
train/happy/ffhq_4497.png,1
train/happy/ffhq_4498.png,1
train/happy/ffhq_4499.png,1
train/happy/ffhq_4500.png,1
train/happy/ffhq_4501.png,1
train/happy/ffhq_4502.png,1
train/happy/ffhq_4503.png,1
train/happy/ffhq_4504.png,1
train/happy/ffhq_4505.png,5
train/happy/ffhq_4506.png,1
train/happy/ffhq_4507.png,1
train/happy/ffhq_4508.png,1
train/happy/ffhq_4509.png,1
train/happy/ffhq_4510.png,7
train/happy/ffhq_4511.png,1
train/happy/ffhq_4512.png,1
train/happy/ffhq_4513.png,1
train/happy/ffhq_4514.png,1
train/happy/ffhq_4515.png,7
train/happy/ffhq_4516.png,1
train/happy/ffhq_4517.png,7
train/happy/ffhq_4518.png,7
train/happy/ffhq_4519.png,5
train/happy/ffhq_4520.png,3
train/happy/ffhq_4521.png,1
train/happy/ffhq_4522.png,1
train/happy/ffhq_4523.png,1
train/happy/ffhq_4524.png,2
train/happy/ffhq_4525.png,1
train/happy/ffhq_4526.png,1
train/happy/ffhq_4527.png,1
train/happy/ffhq_4528.png,7
train/happy/ffhq_4529.png,7
train/happy/ffhq_4530.png,1
train/happy/ffhq_4531.png,1
train/happy/ffhq_4532.png,7
train/happy/ffhq_4533.png,7
train/happy/ffhq_4534.png,1
train/happy/ffhq_4535.png,1
train/happy/ffhq_4536.png,1
train/happy/ffhq_4537.png,1
train/happy/ffhq_4538.png,1
train/happy/ffhq_4539.png,2
train/happy/ffhq_4540.png,1
train/happy/ffhq_4541.png,1
train/happy/ffhq_4542.png,1
train/happy/ffhq_4543.png,1
train/happy/ffhq_4544.png,1
train/happy/ffhq_4545.png,1
train/happy/ffhq_4546.png,1
train/happy/ffhq_4547.png,1
train/happy/ffhq_4548.png,1
train/happy/ffhq_4549.png,1
train/happy/ffhq_4550.png,1
train/happy/ffhq_4551.png,1
train/happy/ffhq_4552.png,1
train/happy/ffhq_4553.png,1
train/happy/ffhq_4554.png,1
train/happy/ffhq_4555.png,1
train/happy/ffhq_4556.png,7
train/happy/ffhq_4557.png,1
train/happy/ffhq_4558.png,1
train/happy/ffhq_4559.png,1
train/happy/ffhq_4560.png,1
train/happy/ffhq_4561.png,1
train/happy/ffhq_4562.png,1
train/happy/ffhq_4563.png,1
train/happy/ffhq_4564.png,1
train/happy/ffhq_4565.png,1
train/happy/ffhq_4566.png,1
train/happy/ffhq_4567.png,1
train/happy/ffhq_4568.png,1
train/happy/ffhq_4569.png,1
train/happy/ffhq_4570.png,1
train/happy/ffhq_4571.png,1
train/happy/ffhq_4572.png,1
train/happy/ffhq_4573.png,1
train/happy/ffhq_4574.png,1
train/happy/ffhq_4575.png,1
train/happy/ffhq_4576.png,3
train/happy/ffhq_4577.png,1
train/happy/ffhq_4578.png,5
train/happy/ffhq_4579.png,1
train/happy/ffhq_4580.png,1
train/happy/ffhq_4581.png,1
train/happy/ffhq_4582.png,1
train/happy/ffhq_4583.png,1
train/happy/ffhq_4584.png,1
train/happy/ffhq_4585.png,3
train/happy/ffhq_4586.png,1
train/happy/ffhq_4587.png,1
train/happy/ffhq_4588.png,7
train/happy/ffhq_4589.png,1
train/happy/ffhq_4590.png,6
train/happy/ffhq_4591.png,1
train/happy/ffhq_4592.png,3
train/happy/ffhq_4593.png,1
train/happy/ffhq_4594.png,1
train/happy/ffhq_4595.png,1
train/happy/ffhq_4596.png,1
train/happy/ffhq_4597.png,1
train/happy/ffhq_4598.png,5
train/happy/ffhq_4599.png,1
train/happy/ffhq_4600.png,7
train/happy/ffhq_4601.png,1
train/happy/ffhq_4602.png,1
train/happy/ffhq_4603.png,5
train/happy/ffhq_4604.png,1
train/happy/ffhq_4605.png,1
train/happy/ffhq_4606.png,1
train/happy/ffhq_4607.png,1
train/happy/ffhq_4608.png,1
train/happy/ffhq_4609.png,1
train/happy/ffhq_4610.png,0
train/happy/ffhq_4611.png,5
train/happy/ffhq_4612.png,1
train/happy/ffhq_4613.png,7
train/happy/ffhq_4614.png,3
train/happy/ffhq_4615.png,1
train/happy/ffhq_4616.png,1
train/happy/ffhq_4617.png,1
train/happy/ffhq_4618.png,1
train/happy/ffhq_4619.png,1
train/happy/ffhq_4620.png,1
train/happy/ffhq_4621.png,1
train/happy/ffhq_4622.png,1
train/happy/ffhq_4623.png,1
train/happy/ffhq_4624.png,1
train/happy/ffhq_4625.png,1
train/happy/ffhq_4626.png,0
train/happy/ffhq_4627.png,1
train/happy/ffhq_4628.png,3
train/happy/ffhq_4629.png,1
train/happy/ffhq_4630.png,1
train/happy/ffhq_4631.png,1
train/happy/ffhq_4632.png,1
train/happy/ffhq_4633.png,1
train/happy/ffhq_4634.png,7
train/happy/ffhq_4635.png,7
train/happy/ffhq_4636.png,7
train/happy/ffhq_4637.png,7
train/happy/ffhq_4638.png,1
train/happy/ffhq_4639.png,1
train/happy/ffhq_4640.png,7
train/happy/ffhq_4641.png,1
train/happy/ffhq_4642.png,7
train/happy/ffhq_4643.png,1
train/happy/ffhq_4644.png,1
train/happy/ffhq_4645.png,1
train/happy/ffhq_4646.png,1
train/happy/ffhq_4647.png,7
train/happy/ffhq_4648.png,1
train/happy/ffhq_4649.png,1
train/happy/ffhq_4650.png,1
train/happy/ffhq_4651.png,1
train/happy/ffhq_4652.png,1
train/happy/ffhq_4653.png,1
train/happy/ffhq_4654.png,1
train/happy/ffhq_4655.png,7
train/happy/ffhq_4656.png,7
train/happy/ffhq_4657.png,1
train/happy/ffhq_4658.png,5
train/happy/ffhq_4659.png,1
train/happy/ffhq_4660.png,1
train/happy/ffhq_4661.png,1
train/happy/ffhq_4662.png,0
train/happy/ffhq_4663.png,1
train/happy/ffhq_4664.png,1
train/happy/ffhq_4665.png,1
train/happy/ffhq_4666.png,1
train/happy/ffhq_4667.png,1
train/happy/ffhq_4668.png,1
train/happy/ffhq_4669.png,1
train/happy/ffhq_4670.png,7
train/happy/ffhq_4671.png,1
train/happy/ffhq_4672.png,1
train/happy/ffhq_4673.png,3
train/happy/ffhq_4674.png,1
train/happy/ffhq_4675.png,1
train/happy/ffhq_4676.png,1
train/happy/ffhq_4677.png,5
train/happy/ffhq_4678.png,1
train/happy/ffhq_4679.png,1
train/happy/ffhq_4680.png,1
train/happy/ffhq_4681.png,1
train/happy/ffhq_4682.png,1
train/happy/ffhq_4683.png,1
train/happy/ffhq_4684.png,7
train/happy/ffhq_4685.png,1
train/happy/ffhq_4686.png,1
train/happy/ffhq_4687.png,1
train/happy/ffhq_4688.png,1
train/happy/ffhq_4689.png,1
train/happy/ffhq_4690.png,1
train/happy/ffhq_4691.png,1
train/happy/ffhq_4692.png,7
train/happy/ffhq_4693.png,1
train/happy/ffhq_4694.png,1
train/happy/ffhq_4695.png,1
train/happy/ffhq_4696.png,7
train/happy/ffhq_4697.png,5
train/happy/ffhq_4698.png,1
train/happy/ffhq_4699.png,1
train/happy/ffhq_4700.png,1
train/happy/ffhq_4701.png,1
train/happy/ffhq_4702.png,1
train/happy/ffhq_4703.png,1
train/happy/ffhq_4704.png,1
train/happy/ffhq_4705.png,1
train/happy/ffhq_4706.png,3
train/happy/ffhq_4707.png,1
train/happy/ffhq_4708.png,1
train/happy/ffhq_4709.png,3
train/happy/ffhq_4710.png,1
train/happy/ffhq_4711.png,5
train/happy/ffhq_4712.png,1
train/happy/ffhq_4713.png,7
train/happy/ffhq_4714.png,1
train/happy/ffhq_4715.png,7
train/happy/ffhq_4716.png,1
train/happy/ffhq_4717.png,2
train/happy/ffhq_4718.png,1
train/happy/ffhq_4719.png,1
train/happy/ffhq_4720.png,1
train/happy/ffhq_4721.png,1
train/happy/ffhq_4722.png,1
train/happy/ffhq_4723.png,1
train/happy/ffhq_4724.png,7
train/happy/ffhq_4725.png,1
train/happy/ffhq_4726.png,1
train/happy/ffhq_4727.png,7
train/happy/ffhq_4728.png,1
train/happy/ffhq_4729.png,1
train/happy/ffhq_4730.png,2
train/happy/ffhq_4731.png,1
train/happy/ffhq_4732.png,7
train/happy/ffhq_4733.png,7
train/happy/ffhq_4734.png,1
train/happy/ffhq_4735.png,1
train/happy/ffhq_4736.png,1
train/happy/ffhq_4737.png,3
train/happy/ffhq_4738.png,1
train/happy/ffhq_4739.png,3
train/happy/ffhq_4740.png,1
train/happy/ffhq_4741.png,7
train/happy/ffhq_4742.png,7
train/happy/ffhq_4743.png,1
train/happy/ffhq_4744.png,1
train/happy/ffhq_4745.png,1
train/happy/ffhq_4746.png,1
train/happy/ffhq_4747.png,1
train/happy/ffhq_4748.png,1
train/happy/ffhq_4749.png,1
train/happy/ffhq_4750.png,1
train/happy/ffhq_4751.png,7
train/happy/ffhq_4752.png,1
train/happy/ffhq_4753.png,1
train/happy/ffhq_4754.png,5
train/happy/ffhq_4755.png,1
train/happy/ffhq_4756.png,7
train/happy/ffhq_4757.png,1
train/happy/ffhq_4758.png,1
train/happy/ffhq_4759.png,1
train/happy/ffhq_4760.png,7
train/happy/ffhq_4761.png,1
train/happy/ffhq_4762.png,3
train/happy/ffhq_4763.png,1
train/happy/ffhq_4764.png,7
train/happy/ffhq_4765.png,1
train/happy/ffhq_4766.png,1
train/happy/ffhq_4767.png,1
train/happy/ffhq_4768.png,1
train/happy/ffhq_4769.png,1
train/happy/ffhq_4770.png,1
train/happy/ffhq_4771.png,2
train/happy/ffhq_4772.png,7
train/happy/ffhq_4773.png,7
train/happy/ffhq_4774.png,1
train/happy/ffhq_4775.png,1
train/happy/ffhq_4776.png,1
train/happy/ffhq_4777.png,7
train/happy/ffhq_4778.png,1
train/happy/ffhq_4779.png,1
train/happy/ffhq_4780.png,7
train/happy/ffhq_4781.png,1
train/happy/ffhq_4782.png,1
train/happy/ffhq_4783.png,5
train/happy/ffhq_4784.png,1
train/happy/ffhq_4785.png,1
train/happy/ffhq_4786.png,1
train/happy/ffhq_4787.png,1
train/happy/ffhq_4788.png,1
train/happy/ffhq_4789.png,7
train/happy/ffhq_4790.png,1
train/happy/ffhq_4791.png,1
train/happy/ffhq_4792.png,5
train/happy/ffhq_4793.png,0
train/happy/ffhq_4794.png,1
train/happy/ffhq_4795.png,1
train/happy/ffhq_4796.png,1
train/happy/ffhq_4797.png,1
train/happy/ffhq_4798.png,1
train/happy/ffhq_4799.png,1
train/happy/ffhq_4800.png,7
train/happy/ffhq_4801.png,1
train/happy/ffhq_4802.png,7
train/happy/ffhq_4803.png,1
train/happy/ffhq_4804.png,3
train/happy/ffhq_4805.png,1
train/happy/ffhq_4806.png,1
train/happy/ffhq_4807.png,1
train/happy/ffhq_4808.png,1
train/happy/ffhq_4809.png,1
train/happy/ffhq_4810.png,1
train/happy/ffhq_4811.png,1
train/happy/ffhq_4812.png,1
train/happy/ffhq_4813.png,7
train/happy/ffhq_4814.png,1
train/happy/ffhq_4815.png,1
train/happy/ffhq_4816.png,1
train/happy/ffhq_4817.png,1
train/happy/ffhq_4818.png,1
train/happy/ffhq_4819.png,1
train/happy/ffhq_4820.png,1
train/happy/ffhq_4821.png,1
train/happy/ffhq_4822.png,1
train/happy/ffhq_4823.png,1
train/happy/ffhq_4824.png,1
train/happy/ffhq_4825.png,1
train/happy/ffhq_4826.png,3
train/happy/ffhq_4827.png,1
train/happy/ffhq_4828.png,7
train/happy/ffhq_4829.png,1
train/happy/ffhq_4830.png,1
train/happy/ffhq_4831.png,1
train/happy/ffhq_4832.png,7
train/happy/ffhq_4833.png,5
train/happy/ffhq_4834.png,1
train/happy/ffhq_4835.png,1
train/happy/ffhq_4836.png,1
train/happy/ffhq_4837.png,1
train/happy/ffhq_4838.png,1
train/happy/ffhq_4839.png,1
train/happy/ffhq_4840.png,1
train/happy/ffhq_4841.png,3
train/happy/ffhq_4842.png,1
train/happy/ffhq_4843.png,1
train/happy/ffhq_4844.png,1
train/happy/ffhq_4845.png,1
train/happy/ffhq_4846.png,5
train/happy/ffhq_4847.png,7
train/happy/ffhq_4848.png,1
train/happy/ffhq_4849.png,5
train/happy/ffhq_4850.png,1
train/happy/ffhq_4851.png,1
train/happy/ffhq_4852.png,1
train/happy/ffhq_4853.png,1
train/happy/ffhq_4854.png,1
train/happy/ffhq_4855.png,1
train/happy/ffhq_4856.png,7
train/happy/ffhq_4857.png,5
train/happy/ffhq_4858.png,7
train/happy/ffhq_4859.png,1
train/happy/ffhq_4860.png,7
train/happy/ffhq_4861.png,1
train/happy/ffhq_4862.png,1
train/happy/ffhq_4863.png,1
train/happy/ffhq_4864.png,3
train/happy/ffhq_4865.png,1
train/happy/ffhq_4866.png,1
train/happy/ffhq_4867.png,0
train/happy/ffhq_4868.png,1
train/happy/ffhq_4869.png,1
train/happy/ffhq_4870.png,1
train/happy/ffhq_4871.png,6
train/happy/ffhq_4872.png,1
train/happy/ffhq_4873.png,1
train/happy/ffhq_4874.png,0
train/happy/ffhq_4875.png,1
train/happy/ffhq_4876.png,1
train/happy/ffhq_4877.png,1
train/happy/ffhq_4878.png,1
train/happy/ffhq_4879.png,1
train/happy/ffhq_4880.png,3
train/happy/ffhq_4881.png,1
train/happy/ffhq_4882.png,1
train/happy/ffhq_4883.png,1
train/happy/ffhq_4884.png,1
train/happy/ffhq_4885.png,7
train/happy/ffhq_4886.png,7
train/happy/ffhq_4887.png,1
train/happy/ffhq_4888.png,1
train/happy/ffhq_4889.png,1
train/happy/ffhq_4890.png,1
train/happy/ffhq_4891.png,1
train/happy/ffhq_4892.png,1
train/happy/ffhq_4893.png,1
train/happy/ffhq_4894.png,3
train/happy/ffhq_4895.png,1
train/happy/ffhq_4896.png,5
train/happy/ffhq_4897.png,1
train/happy/ffhq_4898.png,1
train/happy/ffhq_4899.png,1
train/happy/ffhq_4900.png,5
train/happy/ffhq_4901.png,5
train/happy/ffhq_4902.png,1
train/happy/ffhq_4903.png,1
train/happy/ffhq_4904.png,1
train/happy/ffhq_4905.png,1
train/happy/ffhq_4906.png,1
train/happy/ffhq_4907.png,1
train/happy/ffhq_4908.png,1
train/happy/ffhq_4909.png,1
train/happy/ffhq_4910.png,1
train/happy/ffhq_4911.png,5
train/happy/ffhq_4912.png,1
train/happy/ffhq_4913.png,1
train/happy/ffhq_4914.png,1
train/happy/ffhq_4915.png,1
train/happy/ffhq_4916.png,7
train/happy/ffhq_4917.png,7
train/happy/ffhq_4918.png,3
train/happy/ffhq_4919.png,3
train/happy/ffhq_4920.png,1
train/happy/ffhq_4921.png,7
train/happy/ffhq_4922.png,4
train/happy/ffhq_4923.png,1
train/happy/ffhq_4924.png,1
train/happy/ffhq_4925.png,1
train/happy/ffhq_4926.png,1
train/happy/ffhq_4927.png,7
train/happy/ffhq_4928.png,1
train/happy/ffhq_4929.png,1
train/happy/ffhq_4930.png,5
train/happy/ffhq_4931.png,1
train/happy/ffhq_4932.png,1
train/happy/ffhq_4933.png,5
train/happy/ffhq_4934.png,1
train/happy/ffhq_4935.png,1
train/happy/ffhq_4936.png,3
train/happy/ffhq_4937.png,1
train/happy/ffhq_4938.png,1
train/happy/ffhq_4939.png,1
train/happy/ffhq_4940.png,1
train/happy/ffhq_4941.png,3
train/happy/ffhq_4942.png,1
train/happy/ffhq_4943.png,1
train/happy/ffhq_4944.png,1
train/happy/ffhq_4945.png,1
train/happy/ffhq_4946.png,1
train/happy/ffhq_4947.png,1
train/happy/ffhq_4948.png,1
train/happy/ffhq_4949.png,7
train/happy/ffhq_4950.png,1
train/happy/ffhq_4951.png,7
train/happy/ffhq_4952.png,1
train/happy/ffhq_4953.png,1
train/happy/ffhq_4954.png,3
train/happy/ffhq_4955.png,7
train/happy/ffhq_4956.png,1
train/happy/ffhq_4957.png,1
train/happy/ffhq_4958.png,1
train/happy/ffhq_4959.png,7
train/happy/ffhq_4960.png,1
train/happy/ffhq_4961.png,5
train/happy/ffhq_4962.png,1
train/happy/ffhq_4963.png,1
train/happy/ffhq_4964.png,1
train/happy/ffhq_4965.png,1
train/happy/ffhq_4966.png,1
train/happy/ffhq_4967.png,1
train/happy/ffhq_4968.png,1
train/happy/ffhq_4969.png,1
train/happy/ffhq_4970.png,1
train/happy/ffhq_4971.png,1
train/happy/ffhq_4972.png,1
train/happy/ffhq_4973.png,1
train/happy/ffhq_4974.png,1
train/happy/ffhq_4975.png,1
train/happy/ffhq_4976.png,3
train/happy/ffhq_4977.png,5
train/happy/ffhq_4978.png,6
train/happy/ffhq_4979.png,1
train/happy/ffhq_4980.png,1
train/happy/ffhq_4981.png,1
train/happy/ffhq_4982.png,1
train/happy/ffhq_4983.png,1
train/happy/ffhq_4984.png,1
train/happy/ffhq_4985.png,1
train/happy/ffhq_4986.png,7
train/happy/ffhq_4987.png,1
train/happy/ffhq_4988.png,7
train/happy/ffhq_4989.png,1
train/happy/ffhq_4990.png,1
train/happy/ffhq_4991.png,1
train/happy/ffhq_4992.png,1
train/happy/ffhq_4993.png,3
train/happy/ffhq_4994.png,7
train/happy/ffhq_4995.png,5
train/happy/ffhq_4996.png,1
train/happy/ffhq_4997.png,1
train/happy/ffhq_4998.png,1
train/happy/image0022879.jpg,2
train/happy/image0025204.jpg,1
train/happy/image0027123.jpg,5
train/happy/image0027240.jpg,1
train/happy/image0027260.jpg,7
train/happy/image0027394.jpg,1
train/happy/image0028871.jpg,1
train/happy/image0029281.jpg,5
train/happy/image0029927.jpg,5
train/happy/image0030776.jpg,3
train/happy/image0030780.jpg,6
train/happy/image0030983.jpg,3
train/happy/image0031056.jpg,3
train/happy/image0031254.jpg,1
train/happy/image0031576.jpg,1
train/happy/image0031591.jpg,1
train/happy/image0031673.jpg,3
train/happy/image0031683.jpg,3
train/happy/image0031806.jpg,3
train/happy/image0031881.jpg,3
train/happy/image0032132.jpg,3
train/happy/image0032221.jpg,3
train/happy/image0032279.jpg,1
train/happy/image0032290.jpg,0
train/happy/image0032322.jpg,1
train/happy/image0032359.jpg,1
train/happy/image0032381.jpg,1
train/happy/image0032399.jpg,5
train/happy/image0032401.jpg,1
train/happy/image0032687.jpg,1
train/happy/image0032781.jpg,3
train/happy/image0032797.jpg,1
train/happy/image0032828.jpg,1
train/happy/image0032912.jpg,3
train/happy/image0036991.jpg,1
train/happy/image0037144.jpg,1
train/happy/image0037830.jpg,1
train/happy/image0039933.jpg,5
train/happy/image0039941.jpg,1
train/happy/image0041176.jpg,1
train/happy/image0041278.jpg,1
train/happy/image0041657.jpg,1
train/happy/image0041682.jpg,1
train/happy/image0042006.jpg,5
train/happy/image1000008.jpg,1
train/neutral/ffhq_2368.png,0
train/neutral/ffhq_2369.png,0
train/neutral/ffhq_2370.png,6
train/neutral/ffhq_2371.png,0
train/neutral/ffhq_2372.png,5
train/neutral/ffhq_2373.png,3
train/neutral/ffhq_2374.png,3
train/neutral/ffhq_2375.png,5
train/neutral/ffhq_2376.png,0
train/neutral/ffhq_2377.png,3
train/neutral/ffhq_2378.png,3
train/neutral/ffhq_2379.png,3
train/neutral/ffhq_2380.png,0
train/neutral/ffhq_2381.png,7
train/neutral/ffhq_2382.png,2
train/neutral/ffhq_2383.png,6
train/neutral/ffhq_2384.png,3
train/neutral/ffhq_2385.png,0
train/neutral/ffhq_2386.png,6
train/neutral/ffhq_2387.png,2
train/neutral/ffhq_2388.png,0
train/neutral/ffhq_2389.png,7
train/neutral/ffhq_2390.png,0
train/neutral/ffhq_2391.png,1
train/neutral/ffhq_2392.png,0
train/neutral/ffhq_2393.png,3
train/neutral/ffhq_2394.png,3
train/neutral/ffhq_2395.png,3
train/neutral/ffhq_2396.png,2
train/neutral/ffhq_2397.png,2
train/neutral/ffhq_2398.png,5
train/neutral/ffhq_2399.png,0
train/neutral/ffhq_2400.png,5
train/neutral/ffhq_2401.png,7
train/neutral/ffhq_2402.png,5
train/neutral/ffhq_2403.png,2
train/neutral/ffhq_2404.png,6
train/neutral/ffhq_2405.png,0
train/neutral/ffhq_2406.png,7
train/neutral/ffhq_2407.png,0
train/neutral/ffhq_2408.png,2
train/neutral/ffhq_2409.png,2
train/neutral/ffhq_2410.png,3
train/neutral/ffhq_2411.png,2
train/neutral/ffhq_2412.png,0
train/neutral/ffhq_2413.png,0
train/neutral/ffhq_2414.png,6
train/neutral/ffhq_2415.png,0
train/neutral/ffhq_2416.png,7
train/neutral/ffhq_2417.png,2
train/neutral/ffhq_2418.png,0
train/neutral/ffhq_2419.png,6
train/neutral/ffhq_2420.png,0
train/neutral/ffhq_2421.png,1
train/neutral/ffhq_2422.png,0
train/neutral/ffhq_2423.png,0
train/neutral/ffhq_2424.png,5
train/neutral/ffhq_2425.png,0
train/neutral/ffhq_2426.png,3
train/neutral/ffhq_2427.png,2
train/neutral/ffhq_2428.png,6
train/neutral/ffhq_2429.png,0
train/neutral/ffhq_2430.png,3
train/neutral/ffhq_2431.png,3
train/neutral/ffhq_2432.png,3
train/neutral/ffhq_2433.png,6
train/neutral/ffhq_2434.png,3
train/neutral/ffhq_2435.png,2
train/neutral/ffhq_2436.png,0
train/neutral/ffhq_2437.png,7
train/neutral/ffhq_2438.png,5
train/neutral/ffhq_2439.png,0
train/neutral/ffhq_2440.png,0
train/neutral/ffhq_2441.png,3
train/neutral/ffhq_2442.png,0
train/neutral/ffhq_2443.png,3
train/neutral/ffhq_2444.png,5
train/neutral/ffhq_2445.png,6
train/neutral/ffhq_2446.png,0
train/neutral/ffhq_2447.png,3
train/neutral/ffhq_2448.png,0
train/neutral/ffhq_2449.png,3
train/neutral/ffhq_2450.png,2
train/neutral/ffhq_2451.png,3
train/neutral/ffhq_2452.png,2
train/neutral/ffhq_2453.png,2
train/neutral/ffhq_2454.png,2
train/neutral/ffhq_2455.png,7
train/neutral/ffhq_2456.png,2
train/neutral/ffhq_2457.png,1
train/neutral/ffhq_2458.png,0
train/neutral/ffhq_2459.png,5
train/neutral/ffhq_2460.png,0
train/neutral/ffhq_2461.png,7
train/neutral/ffhq_2462.png,7
train/neutral/ffhq_2463.png,0
train/neutral/ffhq_2464.png,1
train/neutral/ffhq_2465.png,0
train/neutral/ffhq_2466.png,7
train/neutral/ffhq_2467.png,2
train/neutral/ffhq_2468.png,7
train/neutral/ffhq_2469.png,0
train/neutral/ffhq_2470.png,7
train/neutral/ffhq_2471.png,3
train/neutral/ffhq_2472.png,0
train/neutral/ffhq_2473.png,6
train/neutral/ffhq_2474.png,3
train/neutral/ffhq_2475.png,0
train/neutral/ffhq_2476.png,0
train/neutral/ffhq_2477.png,0
train/neutral/ffhq_2478.png,0
train/neutral/ffhq_2479.png,7
train/neutral/ffhq_2480.png,2
train/neutral/ffhq_2481.png,7
train/neutral/ffhq_2482.png,0
train/neutral/ffhq_2483.png,1
train/neutral/ffhq_2484.png,5
train/neutral/ffhq_2485.png,0
train/neutral/ffhq_2486.png,0
train/neutral/ffhq_2487.png,0
train/neutral/ffhq_2488.png,5
train/neutral/ffhq_2489.png,2
train/neutral/ffhq_2490.png,3
train/neutral/ffhq_2491.png,2
train/neutral/ffhq_2492.png,3
train/neutral/ffhq_2493.png,2
train/neutral/ffhq_2494.png,4
train/neutral/ffhq_2495.png,7
train/neutral/ffhq_2496.png,0
train/neutral/ffhq_2497.png,0
train/neutral/ffhq_2498.png,2
train/neutral/ffhq_2499.png,5
train/neutral/ffhq_2500.png,3
train/neutral/ffhq_2501.png,3
train/neutral/ffhq_2502.png,0
train/neutral/ffhq_2503.png,0
train/neutral/ffhq_2504.png,5
train/neutral/ffhq_2505.png,7
train/neutral/ffhq_2506.png,5
train/neutral/ffhq_2507.png,0
train/neutral/ffhq_2508.png,7
train/neutral/ffhq_2509.png,0
train/neutral/ffhq_2510.png,0
train/neutral/ffhq_2511.png,5
train/neutral/ffhq_2512.png,0
train/neutral/ffhq_2513.png,0
train/neutral/ffhq_2514.png,3
train/neutral/ffhq_2515.png,3
train/neutral/ffhq_2516.png,0
train/neutral/ffhq_2517.png,7
train/neutral/ffhq_2518.png,7
train/neutral/ffhq_2519.png,5
train/neutral/ffhq_2520.png,6
train/neutral/ffhq_2521.png,0
train/neutral/ffhq_2522.png,3
train/neutral/ffhq_2523.png,0
train/neutral/ffhq_2524.png,7
train/neutral/ffhq_2525.png,5
train/neutral/ffhq_2526.png,0
train/neutral/ffhq_2527.png,3
train/neutral/ffhq_2528.png,0
train/neutral/ffhq_2529.png,0
train/neutral/ffhq_2530.png,0
train/neutral/ffhq_2531.png,3
train/neutral/ffhq_2532.png,3
train/neutral/ffhq_2533.png,6
train/neutral/ffhq_2534.png,3
train/neutral/ffhq_2535.png,6
train/neutral/ffhq_2536.png,0
train/neutral/ffhq_2537.png,2
train/neutral/ffhq_2538.png,0
train/neutral/ffhq_2539.png,0
train/neutral/ffhq_2540.png,2
train/neutral/ffhq_2541.png,6
train/neutral/ffhq_2542.png,5
train/neutral/ffhq_2543.png,6
train/neutral/ffhq_2544.png,5
train/neutral/ffhq_2545.png,4
train/neutral/ffhq_2546.png,0
train/neutral/ffhq_2547.png,2
train/neutral/ffhq_2548.png,1
train/neutral/ffhq_2549.png,7
train/neutral/ffhq_2550.png,7
train/neutral/ffhq_2551.png,7
train/neutral/ffhq_2552.png,6
train/neutral/ffhq_2553.png,6
train/neutral/ffhq_2554.png,2
train/neutral/ffhq_2555.png,0
train/neutral/ffhq_2556.png,5
train/neutral/ffhq_2557.png,0
train/neutral/ffhq_2558.png,6
train/neutral/ffhq_2559.png,0
train/neutral/ffhq_2560.png,0
train/neutral/ffhq_2561.png,2
train/neutral/ffhq_2562.png,0
train/neutral/ffhq_2563.png,7
train/neutral/ffhq_2564.png,0
train/neutral/ffhq_2565.png,5
train/neutral/ffhq_2566.png,5
train/neutral/ffhq_2567.png,2
train/neutral/ffhq_2568.png,7
train/neutral/ffhq_2569.png,0
train/neutral/ffhq_2570.png,7
train/neutral/ffhq_2571.png,0
train/neutral/ffhq_2572.png,0
train/neutral/ffhq_2573.png,5
train/neutral/ffhq_2574.png,3
train/neutral/ffhq_2575.png,7
train/neutral/ffhq_2576.png,0
train/neutral/ffhq_2577.png,0
train/neutral/ffhq_2578.png,7
train/neutral/ffhq_2579.png,7
train/neutral/ffhq_2580.png,7
train/neutral/ffhq_2581.png,3
train/neutral/ffhq_2582.png,7
train/neutral/ffhq_2583.png,0
train/neutral/ffhq_2584.png,3
train/neutral/ffhq_2585.png,3
train/neutral/ffhq_2586.png,3
train/neutral/ffhq_2587.png,0
train/neutral/ffhq_2588.png,5
train/neutral/ffhq_2589.png,2
train/neutral/ffhq_2590.png,7
train/neutral/ffhq_2591.png,2
train/neutral/ffhq_2592.png,5
train/neutral/ffhq_2593.png,0
train/neutral/ffhq_2594.png,2
train/neutral/ffhq_2595.png,3
train/neutral/ffhq_2596.png,3
train/neutral/ffhq_2597.png,2
train/neutral/ffhq_2598.png,0
train/neutral/ffhq_2599.png,7
train/neutral/ffhq_2600.png,6
train/neutral/ffhq_2601.png,3
train/neutral/ffhq_2602.png,3
train/neutral/ffhq_2603.png,0
train/neutral/ffhq_2604.png,3
train/neutral/ffhq_2605.png,0
train/neutral/ffhq_2606.png,0
train/neutral/ffhq_2607.png,0
train/neutral/ffhq_2608.png,7
train/neutral/ffhq_2609.png,0
train/neutral/ffhq_2610.png,7
train/neutral/ffhq_2611.png,0
train/neutral/ffhq_2612.png,6
train/neutral/ffhq_2613.png,5
train/neutral/ffhq_2614.png,0
train/neutral/ffhq_2615.png,2
train/neutral/ffhq_2616.png,4
train/neutral/ffhq_2617.png,6
train/neutral/ffhq_2618.png,3
train/neutral/ffhq_2619.png,5
train/neutral/ffhq_2620.png,5
train/neutral/ffhq_2621.png,6
train/neutral/ffhq_2622.png,6
train/neutral/ffhq_2623.png,7
train/neutral/ffhq_2624.png,0
train/neutral/ffhq_2625.png,5
train/neutral/ffhq_2626.png,2
train/neutral/ffhq_2627.png,1
train/neutral/ffhq_2628.png,5
train/neutral/ffhq_2629.png,2
train/neutral/ffhq_2630.png,4
train/neutral/ffhq_2631.png,0
train/neutral/ffhq_2632.png,7
train/neutral/ffhq_2633.png,2
train/neutral/ffhq_2634.png,7
train/neutral/ffhq_2635.png,3
train/neutral/ffhq_2636.png,2
train/neutral/ffhq_2637.png,6
train/neutral/ffhq_2638.png,0
train/neutral/ffhq_2639.png,2
train/neutral/ffhq_2640.png,2
train/neutral/ffhq_2641.png,6
train/neutral/ffhq_2642.png,5
train/neutral/ffhq_2643.png,0
train/neutral/ffhq_2644.png,0
train/neutral/ffhq_2645.png,2
train/neutral/ffhq_2646.png,2
train/neutral/ffhq_2647.png,2
train/neutral/ffhq_2648.png,3
train/neutral/ffhq_2649.png,2
train/neutral/ffhq_2650.png,6
train/neutral/ffhq_2651.png,3
train/neutral/ffhq_2652.png,2
train/neutral/ffhq_2653.png,0
train/neutral/ffhq_2654.png,0
train/neutral/ffhq_2655.png,7
train/neutral/ffhq_2656.png,0
train/neutral/ffhq_2657.png,6
train/neutral/ffhq_2658.png,2
train/neutral/ffhq_2659.png,7
train/neutral/ffhq_2660.png,0
train/neutral/ffhq_2661.png,0
train/neutral/ffhq_2662.png,2
train/neutral/ffhq_2663.png,6
train/neutral/ffhq_2664.png,6
train/neutral/ffhq_2665.png,0
train/neutral/ffhq_2666.png,3
train/neutral/ffhq_2667.png,0
train/neutral/ffhq_2668.png,0
train/neutral/ffhq_2669.png,0
train/neutral/ffhq_2670.png,4
train/neutral/ffhq_2671.png,7
train/neutral/ffhq_2672.png,5
train/neutral/ffhq_2673.png,0
train/neutral/ffhq_2674.png,0
train/neutral/ffhq_2675.png,6
train/neutral/ffhq_2676.png,0
train/neutral/ffhq_2677.png,7
train/neutral/ffhq_2678.png,4
train/neutral/ffhq_2679.png,6
train/neutral/ffhq_2680.png,0
train/neutral/ffhq_2681.png,6
train/neutral/ffhq_2682.png,5
train/neutral/ffhq_2683.png,3
train/neutral/ffhq_2684.png,0
train/neutral/ffhq_2685.png,2
train/neutral/ffhq_2686.png,2
train/neutral/ffhq_2687.png,0
train/neutral/ffhq_2688.png,0
train/neutral/ffhq_2689.png,6
train/neutral/ffhq_2690.png,0
train/neutral/ffhq_2691.png,2
train/neutral/ffhq_2692.png,2
train/neutral/ffhq_2693.png,7
train/neutral/ffhq_2694.png,5
train/neutral/ffhq_2695.png,2
train/neutral/ffhq_2696.png,5
train/neutral/ffhq_2697.png,0
train/neutral/ffhq_2698.png,0
train/neutral/ffhq_2699.png,6
train/neutral/ffhq_2700.png,6
train/neutral/ffhq_2701.png,6
train/neutral/ffhq_2702.png,0
train/neutral/ffhq_2703.png,7
train/neutral/ffhq_2704.png,2
train/neutral/ffhq_2705.png,6
train/neutral/ffhq_2706.png,2
train/neutral/ffhq_2707.png,0
train/neutral/ffhq_2708.png,5
train/neutral/ffhq_2709.png,2
train/neutral/ffhq_2710.png,7
train/neutral/ffhq_2711.png,5
train/neutral/ffhq_2712.png,0
train/neutral/ffhq_2713.png,3
train/neutral/ffhq_2714.png,7
train/neutral/ffhq_2715.png,2
train/neutral/ffhq_2716.png,7
train/neutral/ffhq_2717.png,3
train/neutral/ffhq_2718.png,2
train/neutral/ffhq_2719.png,0
train/neutral/ffhq_2720.png,7
train/neutral/ffhq_2721.png,2
train/neutral/ffhq_2722.png,0
train/neutral/ffhq_2723.png,0
train/neutral/ffhq_2724.png,6
train/neutral/ffhq_2725.png,2
train/neutral/ffhq_2726.png,5
train/neutral/ffhq_2727.png,3
train/neutral/ffhq_2728.png,2
train/neutral/ffhq_2729.png,0
train/neutral/ffhq_2730.png,2
train/neutral/ffhq_2731.png,2
train/neutral/ffhq_2732.png,0
train/neutral/ffhq_2733.png,5
train/neutral/ffhq_2734.png,2
train/neutral/ffhq_2735.png,0
train/neutral/ffhq_2736.png,0
train/neutral/ffhq_2737.png,3
train/neutral/ffhq_2738.png,0
train/neutral/ffhq_2739.png,0
train/neutral/ffhq_2740.png,0
train/neutral/ffhq_2741.png,7
train/neutral/ffhq_2742.png,0
train/neutral/ffhq_2743.png,0
train/neutral/ffhq_2744.png,3
train/neutral/ffhq_2745.png,3
train/neutral/ffhq_2746.png,0
train/neutral/ffhq_2747.png,0
train/neutral/ffhq_2748.png,7
train/neutral/ffhq_2749.png,5
train/neutral/ffhq_2750.png,3
train/neutral/ffhq_2751.png,1
train/neutral/ffhq_2752.png,7
train/neutral/ffhq_2753.png,0
train/neutral/ffhq_2754.png,6
train/neutral/ffhq_2755.png,0
train/neutral/ffhq_2756.png,2
train/neutral/ffhq_2757.png,5
train/neutral/ffhq_2758.png,7
train/neutral/ffhq_2759.png,2
train/neutral/ffhq_2760.png,6
train/neutral/ffhq_2761.png,0
train/neutral/ffhq_2762.png,5
train/neutral/ffhq_2763.png,3
train/neutral/ffhq_2764.png,0
train/neutral/ffhq_2765.png,0
train/neutral/ffhq_2766.png,1
train/neutral/ffhq_2767.png,0
train/neutral/ffhq_2768.png,0
train/neutral/ffhq_2769.png,2
train/neutral/ffhq_2770.png,2
train/neutral/ffhq_2771.png,0
train/neutral/ffhq_2772.png,3
train/neutral/ffhq_2773.png,2
train/neutral/ffhq_2774.png,7
train/neutral/ffhq_2775.png,0
train/neutral/ffhq_2776.png,0
train/neutral/ffhq_2777.png,7
train/neutral/ffhq_2778.png,0
train/neutral/ffhq_2779.png,5
train/neutral/ffhq_2780.png,1
train/neutral/ffhq_2781.png,2
train/neutral/ffhq_2782.png,3
train/neutral/ffhq_2783.png,2
train/neutral/ffhq_2784.png,7
train/neutral/ffhq_2785.png,2
train/neutral/ffhq_2786.png,0
train/neutral/ffhq_2787.png,3
train/neutral/ffhq_2788.png,2
train/neutral/ffhq_2789.png,2
train/neutral/ffhq_2790.png,5
train/neutral/ffhq_2791.png,6
train/neutral/ffhq_2792.png,6
train/neutral/ffhq_2793.png,7
train/neutral/ffhq_2794.png,0
train/neutral/ffhq_2795.png,0
train/neutral/ffhq_2796.png,7
train/neutral/ffhq_2797.png,3
train/neutral/ffhq_2798.png,7
train/neutral/ffhq_2799.png,7
train/neutral/ffhq_2800.png,0
train/neutral/ffhq_2801.png,5
train/neutral/ffhq_2802.png,2
train/neutral/ffhq_2803.png,6
train/neutral/ffhq_2804.png,7
train/neutral/ffhq_2805.png,0
train/neutral/ffhq_2806.png,7
train/neutral/ffhq_2807.png,6
train/neutral/ffhq_2808.png,6
train/neutral/ffhq_2809.png,3
train/neutral/ffhq_2810.png,7
train/neutral/ffhq_2811.png,0
train/neutral/ffhq_2812.png,0
train/neutral/ffhq_2813.png,0
train/neutral/ffhq_2814.png,4
train/neutral/ffhq_2815.png,0
train/neutral/ffhq_2816.png,0
train/neutral/ffhq_2817.png,3
train/neutral/ffhq_2818.png,0
train/neutral/ffhq_2819.png,3
train/neutral/ffhq_2820.png,2
train/neutral/ffhq_2821.png,0
train/neutral/ffhq_2822.png,3
train/neutral/ffhq_2823.png,6
train/neutral/ffhq_2824.png,0
train/neutral/ffhq_2825.png,6
train/neutral/ffhq_2826.png,0
train/neutral/ffhq_2827.png,4
train/neutral/ffhq_2828.png,0
train/neutral/ffhq_2829.png,5
train/neutral/ffhq_2830.png,2
train/neutral/ffhq_2831.png,0
train/neutral/ffhq_2832.png,7
train/neutral/ffhq_2833.png,7
train/neutral/ffhq_2834.png,5
train/neutral/ffhq_2835.png,7
train/neutral/ffhq_2836.png,2
train/neutral/ffhq_2837.png,3
train/neutral/ffhq_2838.png,0
train/neutral/ffhq_2839.png,2
train/neutral/ffhq_2840.png,0
train/neutral/ffhq_2841.png,0
train/neutral/ffhq_2842.png,6
train/neutral/ffhq_2843.png,2
train/neutral/ffhq_2844.png,7
train/neutral/ffhq_2845.png,7
train/neutral/ffhq_2846.png,6
train/neutral/ffhq_2847.png,0
train/neutral/ffhq_2848.png,2
train/neutral/ffhq_2849.png,2
train/neutral/ffhq_2850.png,0
train/neutral/ffhq_2851.png,0
train/neutral/ffhq_2852.png,0
train/neutral/ffhq_2853.png,0
train/neutral/ffhq_2854.png,5
train/neutral/ffhq_2855.png,0
train/neutral/ffhq_2856.png,6
train/neutral/ffhq_2857.png,6
train/neutral/ffhq_2858.png,0
train/neutral/ffhq_2859.png,3
train/neutral/ffhq_2860.png,5
train/neutral/ffhq_2861.png,7
train/neutral/ffhq_2862.png,6
train/neutral/ffhq_2863.png,0
train/neutral/ffhq_2864.png,0
train/neutral/ffhq_2865.png,0
train/neutral/ffhq_2866.png,7
train/neutral/ffhq_2867.png,0
train/neutral/ffhq_2868.png,2
train/neutral/ffhq_2869.png,0
train/neutral/ffhq_2870.png,5
train/neutral/ffhq_2871.png,0
train/neutral/ffhq_2872.png,0
train/neutral/ffhq_2873.png,0
train/neutral/ffhq_2874.png,4
train/neutral/ffhq_2875.png,3
train/neutral/ffhq_2876.png,0
train/neutral/ffhq_2877.png,3
train/neutral/ffhq_2878.png,2
train/neutral/ffhq_2879.png,6
train/neutral/ffhq_2880.png,3
train/neutral/ffhq_2881.png,1
train/neutral/ffhq_2882.png,7
train/neutral/ffhq_2883.png,0
train/neutral/ffhq_2884.png,7
train/neutral/ffhq_2885.png,4
train/neutral/ffhq_2886.png,0
train/neutral/ffhq_2887.png,0
train/neutral/ffhq_2888.png,3
train/neutral/ffhq_2889.png,0
train/neutral/ffhq_2890.png,6
train/neutral/ffhq_2891.png,0
train/neutral/ffhq_2892.png,0
train/neutral/ffhq_2893.png,0
train/neutral/ffhq_2894.png,0
train/neutral/ffhq_2895.png,0
train/neutral/ffhq_2896.png,0
train/neutral/ffhq_2897.png,2
train/neutral/ffhq_2898.png,0
train/neutral/ffhq_2899.png,0
train/neutral/ffhq_2900.png,0
train/neutral/ffhq_2901.png,0
train/neutral/ffhq_2902.png,7
train/neutral/ffhq_2903.png,0
train/neutral/ffhq_2904.png,1
train/neutral/ffhq_2905.png,3
train/neutral/ffhq_2906.png,0
train/neutral/ffhq_2907.png,6
train/neutral/ffhq_2908.png,5
train/neutral/ffhq_2909.png,5
train/neutral/ffhq_2910.png,6
train/neutral/ffhq_2911.png,3
train/neutral/ffhq_2912.png,2
train/neutral/ffhq_2913.png,0
train/neutral/ffhq_2914.png,0
train/neutral/ffhq_2915.png,6
train/neutral/ffhq_2916.png,3
train/neutral/ffhq_2917.png,3
train/neutral/ffhq_2918.png,7
train/neutral/ffhq_2919.png,0
train/neutral/ffhq_2920.png,0
train/neutral/ffhq_2921.png,0
train/neutral/ffhq_2922.png,2
train/neutral/ffhq_2923.png,0
train/neutral/ffhq_2924.png,6
train/neutral/ffhq_2925.png,0
train/neutral/ffhq_2926.png,0
train/neutral/ffhq_2927.png,5
train/neutral/ffhq_2928.png,7
train/neutral/ffhq_2929.png,0
train/neutral/ffhq_2930.png,2
train/neutral/ffhq_2931.png,0
train/neutral/ffhq_2932.png,0
train/neutral/ffhq_2933.png,5
train/neutral/ffhq_2934.png,5
train/neutral/ffhq_2935.png,7
train/neutral/ffhq_2936.png,1
train/neutral/ffhq_2937.png,3
train/neutral/ffhq_2938.png,2
train/neutral/ffhq_2939.png,0
train/neutral/ffhq_2940.png,7
train/neutral/ffhq_2941.png,0
train/neutral/ffhq_2942.png,6
train/neutral/ffhq_2943.png,2
train/neutral/ffhq_2944.png,0
train/neutral/ffhq_2945.png,5
train/neutral/ffhq_2946.png,7
train/neutral/ffhq_2947.png,0
train/neutral/ffhq_2948.png,2
train/neutral/ffhq_2949.png,3
train/neutral/ffhq_2950.png,6
train/neutral/ffhq_2951.png,5
train/neutral/ffhq_2952.png,1
train/neutral/ffhq_2953.png,0
train/neutral/ffhq_2954.png,3
train/neutral/ffhq_2955.png,2
train/neutral/ffhq_2956.png,6
train/neutral/ffhq_2957.png,7
train/neutral/ffhq_2958.png,5
train/neutral/ffhq_2959.png,6
train/neutral/ffhq_2960.png,6
train/neutral/ffhq_2961.png,0
train/neutral/ffhq_2962.png,7
train/neutral/ffhq_2963.png,2
train/neutral/ffhq_2964.png,4
train/neutral/ffhq_2965.png,2
train/neutral/ffhq_2966.png,7
train/neutral/ffhq_2967.png,0
train/neutral/ffhq_2968.png,3
train/neutral/ffhq_2969.png,0
train/neutral/ffhq_2970.png,3
train/neutral/ffhq_2971.png,0
train/neutral/ffhq_2972.png,0
train/neutral/ffhq_2973.png,5
train/neutral/ffhq_2974.png,0
train/neutral/ffhq_2975.png,5
train/neutral/ffhq_2976.png,0
train/neutral/ffhq_2977.png,3
train/neutral/ffhq_2978.png,3
train/neutral/ffhq_2979.png,3
train/neutral/ffhq_2980.png,3
train/neutral/ffhq_2981.png,0
train/neutral/ffhq_2982.png,2
train/neutral/ffhq_2983.png,3
train/neutral/ffhq_2984.png,6
train/neutral/ffhq_2985.png,0
train/neutral/ffhq_2986.png,0
train/neutral/ffhq_2987.png,6
train/neutral/ffhq_2988.png,5
train/neutral/ffhq_2989.png,6
train/neutral/ffhq_2990.png,0
train/neutral/ffhq_2991.png,3
train/neutral/ffhq_2992.png,0
train/neutral/ffhq_2993.png,0
train/neutral/ffhq_2994.png,6
train/neutral/ffhq_2995.png,6
train/neutral/ffhq_2996.png,0
train/neutral/ffhq_2997.png,6
train/neutral/ffhq_2998.png,0
train/neutral/ffhq_2999.png,3
train/neutral/ffhq_3000.png,2
train/neutral/ffhq_3001.png,0
train/neutral/ffhq_3002.png,7
train/neutral/ffhq_3003.png,0
train/neutral/ffhq_3004.png,0
train/neutral/ffhq_3005.png,7
train/neutral/ffhq_3006.png,2
train/neutral/ffhq_3007.png,2
train/neutral/ffhq_3008.png,2
train/neutral/ffhq_3009.png,7
train/neutral/ffhq_3010.png,7
train/neutral/ffhq_3011.png,3
train/neutral/ffhq_3012.png,2
train/neutral/ffhq_3013.png,0
train/neutral/ffhq_3014.png,5
train/neutral/ffhq_3015.png,6
train/neutral/ffhq_3016.png,2
train/neutral/ffhq_3017.png,6
train/neutral/ffhq_3018.png,0
train/neutral/ffhq_3019.png,0
train/neutral/ffhq_3020.png,0
train/neutral/ffhq_3021.png,6
train/neutral/ffhq_3022.png,4
train/neutral/ffhq_3023.png,2
train/neutral/ffhq_3024.png,7
train/neutral/ffhq_3025.png,2
train/neutral/ffhq_3026.png,0
train/neutral/ffhq_3027.png,6
train/neutral/ffhq_3028.png,7
train/neutral/ffhq_3029.png,5
train/neutral/ffhq_3030.png,5
train/neutral/ffhq_3031.png,0
train/neutral/ffhq_3032.png,5
train/neutral/ffhq_3033.png,0
train/neutral/ffhq_3034.png,0
train/neutral/ffhq_3035.png,5
train/neutral/ffhq_3036.png,5
train/neutral/ffhq_3037.png,7
train/neutral/ffhq_3038.png,0
train/neutral/ffhq_3039.png,3
train/neutral/ffhq_3040.png,0
train/neutral/ffhq_3041.png,0
train/neutral/ffhq_3042.png,6
train/neutral/ffhq_3043.png,7
train/neutral/ffhq_3044.png,3
train/neutral/ffhq_3045.png,0
train/neutral/ffhq_3046.png,2
train/neutral/ffhq_3047.png,5
train/neutral/ffhq_3048.png,7
train/neutral/ffhq_3049.png,6
train/neutral/ffhq_3050.png,5
train/neutral/ffhq_3051.png,2
train/neutral/ffhq_3052.png,2
train/neutral/ffhq_3053.png,7
train/neutral/ffhq_3054.png,0
train/neutral/ffhq_3055.png,0
train/neutral/ffhq_3056.png,7
train/neutral/ffhq_3057.png,0
train/neutral/ffhq_3058.png,3
train/neutral/ffhq_3059.png,2
train/neutral/ffhq_3060.png,2
train/neutral/ffhq_3061.png,5
train/neutral/ffhq_3062.png,5
train/neutral/ffhq_3063.png,2
train/neutral/ffhq_3064.png,7
train/neutral/ffhq_3065.png,6
train/neutral/ffhq_3066.png,6
train/neutral/ffhq_3067.png,3
train/neutral/ffhq_3068.png,3
train/neutral/ffhq_3069.png,2
train/neutral/ffhq_3070.png,0
train/neutral/ffhq_3071.png,0
train/neutral/ffhq_3738.png,3
train/neutral/ffhq_3739.png,6
train/neutral/ffhq_3740.png,7
train/neutral/ffhq_3741.png,0
train/neutral/ffhq_3742.png,6
train/neutral/ffhq_3743.png,7
train/neutral/ffhq_3744.png,3
train/neutral/ffhq_3745.png,3
train/neutral/ffhq_3746.png,0
train/neutral/ffhq_3747.png,0
train/neutral/ffhq_3748.png,0
train/neutral/ffhq_3749.png,6
train/neutral/ffhq_3750.png,6
train/neutral/ffhq_3751.png,6
train/neutral/ffhq_3752.png,3
train/neutral/ffhq_3753.png,2
train/neutral/ffhq_3754.png,2
train/neutral/ffhq_3755.png,6
train/neutral/ffhq_3756.png,0
train/neutral/ffhq_3757.png,7
train/neutral/ffhq_3758.png,7
train/neutral/ffhq_3759.png,7
train/neutral/ffhq_3760.png,7
train/neutral/ffhq_3761.png,2
train/neutral/ffhq_3762.png,6
train/neutral/ffhq_3763.png,0
train/neutral/ffhq_3764.png,5
train/neutral/ffhq_3765.png,0
train/neutral/ffhq_3766.png,0
train/neutral/ffhq_3767.png,7
train/neutral/ffhq_3768.png,3
train/neutral/ffhq_3769.png,7
train/neutral/ffhq_3770.png,0
train/neutral/ffhq_3771.png,3
train/neutral/ffhq_3772.png,0
train/neutral/ffhq_3773.png,0
train/neutral/ffhq_3774.png,2
train/neutral/ffhq_3775.png,7
train/neutral/ffhq_3776.png,2
train/neutral/ffhq_3777.png,0
train/neutral/ffhq_3778.png,5
train/neutral/ffhq_3779.png,2
train/neutral/ffhq_3780.png,0
train/neutral/ffhq_3781.png,0
train/neutral/ffhq_3782.png,6
train/neutral/ffhq_3783.png,1
train/neutral/ffhq_3784.png,0
train/neutral/ffhq_3785.png,6
train/neutral/ffhq_3786.png,0
train/neutral/ffhq_3787.png,2
train/neutral/ffhq_3788.png,0
train/neutral/ffhq_3789.png,3
train/neutral/ffhq_3790.png,3
train/neutral/ffhq_3791.png,3
train/neutral/ffhq_3792.png,6
train/neutral/ffhq_3793.png,0
train/neutral/ffhq_3794.png,6
train/neutral/ffhq_3795.png,0
train/neutral/ffhq_3796.png,5
train/neutral/ffhq_3797.png,3
train/neutral/ffhq_3798.png,2
train/neutral/ffhq_3799.png,0
train/neutral/ffhq_3800.png,3
train/neutral/ffhq_3801.png,0
train/neutral/ffhq_3802.png,6
train/neutral/ffhq_3803.png,6
train/neutral/ffhq_3804.png,3
train/neutral/ffhq_3805.png,2
train/neutral/ffhq_3806.png,0
train/neutral/ffhq_3807.png,5
train/neutral/ffhq_3808.png,2
train/neutral/ffhq_3809.png,0
train/neutral/ffhq_3810.png,0
train/neutral/ffhq_3811.png,0
train/neutral/ffhq_3812.png,0
train/neutral/ffhq_3813.png,0
train/neutral/ffhq_3814.png,5
train/neutral/ffhq_3815.png,0
train/neutral/ffhq_3816.png,0
train/neutral/ffhq_3817.png,2
train/neutral/ffhq_3818.png,7
train/neutral/ffhq_3819.png,6
train/neutral/ffhq_3820.png,0
train/neutral/ffhq_3821.png,4
train/neutral/ffhq_3822.png,0
train/neutral/ffhq_3823.png,0
train/neutral/ffhq_3824.png,7
train/neutral/ffhq_3825.png,0
train/neutral/ffhq_3826.png,7
train/neutral/ffhq_3827.png,0
train/neutral/ffhq_3828.png,5
train/neutral/ffhq_3829.png,7
train/neutral/ffhq_3830.png,0
train/neutral/ffhq_3831.png,6
train/neutral/ffhq_3832.png,7
train/neutral/ffhq_3833.png,7
train/neutral/ffhq_3834.png,6
train/neutral/ffhq_3835.png,3
train/neutral/ffhq_3836.png,0
train/neutral/ffhq_3837.png,0
train/neutral/ffhq_3838.png,6
train/neutral/ffhq_3839.png,0
train/neutral/ffhq_3840.png,6
train/neutral/ffhq_3841.png,0
train/neutral/ffhq_3842.png,6
train/neutral/ffhq_3843.png,5
train/neutral/ffhq_3844.png,2
train/neutral/ffhq_3845.png,2
train/neutral/ffhq_3846.png,3
train/neutral/ffhq_3847.png,3
train/neutral/ffhq_3848.png,2
train/neutral/ffhq_3849.png,6
train/neutral/ffhq_3850.png,5
train/neutral/ffhq_3851.png,2
train/neutral/ffhq_3852.png,3
train/neutral/ffhq_3853.png,6
train/neutral/ffhq_3854.png,7
train/neutral/ffhq_3855.png,0
train/neutral/ffhq_3856.png,0
train/neutral/ffhq_3857.png,7
train/neutral/ffhq_3858.png,5
train/neutral/ffhq_3859.png,2
train/neutral/ffhq_3860.png,3
train/neutral/ffhq_3861.png,0
train/neutral/ffhq_3862.png,3
train/neutral/ffhq_3863.png,6
train/neutral/ffhq_3864.png,3
train/neutral/ffhq_3865.png,3
train/neutral/ffhq_3866.png,6
train/neutral/ffhq_3867.png,2
train/neutral/ffhq_3868.png,0
train/neutral/ffhq_3869.png,0
train/neutral/ffhq_3870.png,0
train/neutral/ffhq_3871.png,2
train/neutral/ffhq_3872.png,5
train/neutral/ffhq_3873.png,5
train/neutral/ffhq_3874.png,5
train/neutral/ffhq_3875.png,2
train/neutral/ffhq_3876.png,0
train/neutral/ffhq_3877.png,3
train/neutral/ffhq_3878.png,0
train/neutral/ffhq_3879.png,0
train/neutral/ffhq_3880.png,0
train/neutral/ffhq_3881.png,5
train/neutral/ffhq_3882.png,3
train/neutral/ffhq_3883.png,6
train/neutral/ffhq_3884.png,0
train/neutral/ffhq_3885.png,0
train/neutral/ffhq_3886.png,6
train/neutral/ffhq_3887.png,0
train/neutral/ffhq_3888.png,3
train/neutral/ffhq_3889.png,0
train/neutral/ffhq_3890.png,7
train/neutral/ffhq_3891.png,5
train/neutral/ffhq_3892.png,2
train/neutral/ffhq_3893.png,6
train/neutral/ffhq_3894.png,7
train/neutral/ffhq_3895.png,5
train/neutral/ffhq_3896.png,6
train/neutral/ffhq_3897.png,0
train/neutral/ffhq_3898.png,6
train/neutral/ffhq_3899.png,3
train/neutral/ffhq_3900.png,0
train/neutral/ffhq_3901.png,7
train/neutral/ffhq_3902.png,5
train/neutral/ffhq_3903.png,0
train/neutral/ffhq_3904.png,0
train/neutral/ffhq_3905.png,5
train/neutral/ffhq_3906.png,0
train/neutral/ffhq_3907.png,0
train/neutral/ffhq_3908.png,5
train/neutral/ffhq_3909.png,0
train/neutral/ffhq_3910.png,2
train/neutral/ffhq_3911.png,7
train/neutral/ffhq_3912.png,0
train/neutral/ffhq_3913.png,6
train/neutral/ffhq_3914.png,3
train/neutral/ffhq_3915.png,4
train/neutral/ffhq_3916.png,7
train/neutral/ffhq_3917.png,2
train/neutral/ffhq_3918.png,0
train/neutral/ffhq_3919.png,3
train/neutral/ffhq_3920.png,0
train/neutral/ffhq_3921.png,6
train/neutral/ffhq_3922.png,3
train/neutral/ffhq_3923.png,3
train/neutral/ffhq_3924.png,2
train/neutral/ffhq_3925.png,7
train/neutral/ffhq_3926.png,0
train/neutral/ffhq_3927.png,5
train/neutral/ffhq_3928.png,0
train/neutral/ffhq_3929.png,3
train/neutral/ffhq_3930.png,2
train/neutral/ffhq_3931.png,0
train/neutral/ffhq_3932.png,5
train/neutral/ffhq_3933.png,6
train/neutral/ffhq_3934.png,0
train/neutral/ffhq_3935.png,6
train/neutral/ffhq_3936.png,1
train/neutral/ffhq_3937.png,0
train/neutral/ffhq_3938.png,0
train/neutral/ffhq_3939.png,3
train/neutral/ffhq_3940.png,0
train/neutral/ffhq_3941.png,2
train/neutral/ffhq_3942.png,4
train/neutral/ffhq_3943.png,5
train/neutral/ffhq_3944.png,7
train/neutral/ffhq_3945.png,0
train/neutral/ffhq_3946.png,0
train/neutral/ffhq_3947.png,0
train/neutral/ffhq_3948.png,0
train/neutral/ffhq_3949.png,0
train/neutral/ffhq_3950.png,5
train/neutral/ffhq_3951.png,0
train/neutral/ffhq_3952.png,2
train/neutral/ffhq_3953.png,5
train/neutral/ffhq_3954.png,0
train/neutral/ffhq_3955.png,0
train/neutral/ffhq_3956.png,7
train/neutral/ffhq_3957.png,0
train/neutral/ffhq_3958.png,3
train/neutral/ffhq_3959.png,0
train/neutral/ffhq_3960.png,2
train/neutral/ffhq_3961.png,6
train/neutral/ffhq_3962.png,3
train/neutral/ffhq_3963.png,0
train/neutral/ffhq_3964.png,3
train/neutral/ffhq_3965.png,0
train/neutral/ffhq_3966.png,0
train/neutral/ffhq_3967.png,2
train/neutral/ffhq_3968.png,2
train/neutral/ffhq_3969.png,6
train/neutral/ffhq_3970.png,5
train/neutral/ffhq_3971.png,3
train/neutral/ffhq_3972.png,0
train/neutral/ffhq_3973.png,4
train/neutral/ffhq_3974.png,3
train/neutral/ffhq_3975.png,3
train/neutral/ffhq_3976.png,0
train/neutral/ffhq_3977.png,3
train/neutral/ffhq_3978.png,0
train/neutral/ffhq_3979.png,3
train/neutral/ffhq_3980.png,7
train/neutral/ffhq_3981.png,0
train/neutral/ffhq_3982.png,0
train/neutral/ffhq_3983.png,0
train/neutral/ffhq_3984.png,3
train/neutral/ffhq_3985.png,6
train/neutral/ffhq_3986.png,0
train/neutral/ffhq_3987.png,0
train/neutral/ffhq_3988.png,7
train/neutral/ffhq_3989.png,0
train/neutral/ffhq_3990.png,0
train/neutral/ffhq_3991.png,0
train/neutral/ffhq_3992.png,7
train/neutral/ffhq_3993.png,6
train/neutral/ffhq_3994.png,3
train/neutral/ffhq_3995.png,7
train/neutral/ffhq_3996.png,6
train/neutral/ffhq_3997.png,7
train/neutral/ffhq_3998.png,4
train/neutral/ffhq_3999.png,3
train/neutral/ffhq_4000.png,5
train/neutral/ffhq_4001.png,7
train/neutral/ffhq_4002.png,0
train/neutral/ffhq_4003.png,1
train/neutral/ffhq_4004.png,0
train/neutral/ffhq_4005.png,6
train/neutral/ffhq_4006.png,0
train/neutral/ffhq_4007.png,0
train/neutral/ffhq_4008.png,0
train/neutral/ffhq_4009.png,0
train/neutral/ffhq_4010.png,3
train/neutral/ffhq_4011.png,0
train/neutral/ffhq_4012.png,6
train/neutral/ffhq_4013.png,6
train/neutral/ffhq_4014.png,3
train/neutral/ffhq_4015.png,7
train/neutral/ffhq_4016.png,2
train/neutral/ffhq_4017.png,2
train/neutral/ffhq_4018.png,7
train/neutral/ffhq_4019.png,6
train/neutral/ffhq_4020.png,5
train/neutral/ffhq_4021.png,6
train/neutral/ffhq_4022.png,7
train/neutral/ffhq_4023.png,3
train/neutral/ffhq_4024.png,0
train/neutral/ffhq_4025.png,0
train/neutral/ffhq_4026.png,0
train/neutral/ffhq_4027.png,0
train/neutral/ffhq_4028.png,5
train/neutral/ffhq_4029.png,2
train/neutral/ffhq_4030.png,0
train/neutral/ffhq_4031.png,0
train/neutral/ffhq_4032.png,2
train/neutral/ffhq_4033.png,0
train/neutral/ffhq_4034.png,0
train/neutral/ffhq_4035.png,6
train/neutral/ffhq_4036.png,0
train/neutral/ffhq_4037.png,2
train/neutral/ffhq_4038.png,0
train/neutral/ffhq_4039.png,6
train/neutral/ffhq_4040.png,7
train/neutral/ffhq_4041.png,0
train/neutral/ffhq_4042.png,2
train/neutral/ffhq_4043.png,6
train/neutral/ffhq_4044.png,6
train/neutral/ffhq_4045.png,2
train/neutral/ffhq_4046.png,0
train/neutral/ffhq_4047.png,2
train/neutral/ffhq_4048.png,0
train/neutral/ffhq_4049.png,6
train/neutral/ffhq_4050.png,3
train/neutral/ffhq_4051.png,4
train/neutral/ffhq_4052.png,1
train/neutral/ffhq_4053.png,4
train/neutral/ffhq_4054.png,5
train/neutral/ffhq_4055.png,0
train/neutral/ffhq_4056.png,2
train/neutral/ffhq_4057.png,5
train/neutral/ffhq_4058.png,4
train/neutral/ffhq_4059.png,6
train/neutral/ffhq_4060.png,0
train/neutral/ffhq_4061.png,2
train/neutral/ffhq_4062.png,2
train/neutral/ffhq_4063.png,0
train/neutral/ffhq_4064.png,0
train/neutral/ffhq_4065.png,0
train/neutral/ffhq_4066.png,2
train/neutral/ffhq_4067.png,5
train/neutral/ffhq_4068.png,0
train/neutral/ffhq_4069.png,6
train/neutral/ffhq_4070.png,0
train/neutral/ffhq_4071.png,2
train/neutral/ffhq_4072.png,0
train/neutral/ffhq_4073.png,2
train/neutral/ffhq_4074.png,0
train/neutral/ffhq_4075.png,7
train/neutral/ffhq_4076.png,2
train/neutral/ffhq_4077.png,6
train/neutral/ffhq_4078.png,5
train/neutral/ffhq_4079.png,0
train/neutral/ffhq_4080.png,3
train/neutral/ffhq_4081.png,6
train/neutral/ffhq_4082.png,3
train/neutral/ffhq_4083.png,1
train/neutral/ffhq_4084.png,6
train/neutral/ffhq_4085.png,2
train/neutral/ffhq_4086.png,7
train/neutral/ffhq_4087.png,0
train/neutral/ffhq_4088.png,0
train/neutral/ffhq_4089.png,3
train/neutral/ffhq_4090.png,0
train/neutral/ffhq_4091.png,5
train/neutral/ffhq_4092.png,6
train/neutral/ffhq_4093.png,5
train/neutral/ffhq_4094.png,0
train/neutral/ffhq_4095.png,3
train/neutral/ffhq_4096.png,0
train/neutral/ffhq_4097.png,7
train/neutral/ffhq_4098.png,0
train/neutral/ffhq_4099.png,0
train/neutral/ffhq_4100.png,3
train/neutral/ffhq_4101.png,2
train/neutral/ffhq_4102.png,7
train/neutral/ffhq_4103.png,2
train/neutral/ffhq_4104.png,6
train/neutral/ffhq_4105.png,5
train/neutral/ffhq_4106.png,0
train/neutral/ffhq_4107.png,3
train/neutral/ffhq_4108.png,4
train/neutral/ffhq_4109.png,0
train/neutral/ffhq_4110.png,7
train/neutral/ffhq_4111.png,0
train/neutral/ffhq_4112.png,6
train/neutral/ffhq_4113.png,7
train/neutral/ffhq_4114.png,2
train/neutral/ffhq_4115.png,2
train/neutral/ffhq_4116.png,2
train/neutral/ffhq_4117.png,2
train/neutral/ffhq_4118.png,7
train/neutral/ffhq_4119.png,5
train/neutral/ffhq_4120.png,3
train/neutral/ffhq_4121.png,2
train/neutral/ffhq_4122.png,3
train/neutral/ffhq_4123.png,7
train/neutral/ffhq_4124.png,2
train/neutral/ffhq_4125.png,3
train/neutral/ffhq_4126.png,6
train/neutral/ffhq_4127.png,0
train/neutral/ffhq_4128.png,7
train/neutral/ffhq_4129.png,5
train/neutral/ffhq_4130.png,3
train/neutral/ffhq_4131.png,3
train/neutral/ffhq_4132.png,0
train/neutral/ffhq_4133.png,2
train/neutral/ffhq_4134.png,6
train/neutral/ffhq_4135.png,0
train/neutral/ffhq_4136.png,5
train/neutral/ffhq_4137.png,2
train/neutral/ffhq_4138.png,7
train/neutral/ffhq_4139.png,7
train/neutral/ffhq_4140.png,3
train/neutral/ffhq_4141.png,0
train/neutral/ffhq_4142.png,6
train/neutral/ffhq_4143.png,0
train/neutral/ffhq_4144.png,0
train/neutral/ffhq_4145.png,2
train/neutral/ffhq_4146.png,2
train/neutral/ffhq_4147.png,5
train/neutral/ffhq_4148.png,3
train/neutral/ffhq_4149.png,2
train/neutral/ffhq_4150.png,0
train/neutral/ffhq_4151.png,6
train/neutral/ffhq_4152.png,6
train/neutral/ffhq_4153.png,6
train/neutral/ffhq_4154.png,6
train/neutral/ffhq_4155.png,0
train/neutral/ffhq_4156.png,2
train/neutral/ffhq_4157.png,2
train/neutral/ffhq_4158.png,2
train/neutral/ffhq_4159.png,6
train/neutral/ffhq_4160.png,0
train/neutral/ffhq_4161.png,0
train/neutral/ffhq_4162.png,2
train/neutral/ffhq_4163.png,0
train/neutral/ffhq_4164.png,0
train/neutral/ffhq_4165.png,0
train/neutral/ffhq_4166.png,5
train/neutral/ffhq_4167.png,3
train/neutral/ffhq_4168.png,4
train/neutral/ffhq_4169.png,0
train/neutral/ffhq_4170.png,0
train/neutral/ffhq_4171.png,2
train/neutral/ffhq_4172.png,2
train/neutral/ffhq_4173.png,5
train/neutral/ffhq_4174.png,5
train/neutral/ffhq_4175.png,6
train/neutral/ffhq_4176.png,0
train/neutral/ffhq_4177.png,0
train/neutral/ffhq_4178.png,0
train/neutral/ffhq_4179.png,0
train/neutral/ffhq_4180.png,0
train/neutral/ffhq_4181.png,2
train/neutral/ffhq_4182.png,5
train/neutral/ffhq_4183.png,6
train/neutral/ffhq_4184.png,0
train/neutral/ffhq_4185.png,0
train/neutral/ffhq_4186.png,7
train/neutral/ffhq_4187.png,7
train/neutral/ffhq_4188.png,7
train/neutral/ffhq_4189.png,7
train/neutral/ffhq_4190.png,7
train/neutral/ffhq_4191.png,7
train/neutral/ffhq_4192.png,3
train/neutral/ffhq_4193.png,7
train/neutral/ffhq_4194.png,3
train/neutral/ffhq_4195.png,2
train/neutral/ffhq_4196.png,2
train/neutral/ffhq_4197.png,0
train/neutral/ffhq_4198.png,0
train/neutral/ffhq_4199.png,7
train/neutral/ffhq_4200.png,7
train/neutral/ffhq_4201.png,6
train/neutral/ffhq_4202.png,4
train/neutral/ffhq_4203.png,3
train/neutral/ffhq_4204.png,3
train/neutral/ffhq_4205.png,0
train/neutral/ffhq_4206.png,5
train/neutral/ffhq_4207.png,0
train/neutral/ffhq_4208.png,0
train/neutral/ffhq_4209.png,5
train/neutral/ffhq_4210.png,0
train/neutral/ffhq_4211.png,5
train/neutral/ffhq_4212.png,0
train/neutral/ffhq_4213.png,0
train/neutral/ffhq_4214.png,5
train/neutral/ffhq_4215.png,6
train/neutral/ffhq_4216.png,0
train/neutral/ffhq_4217.png,0
train/neutral/ffhq_4218.png,2
train/neutral/ffhq_4219.png,2
train/neutral/ffhq_4220.png,0
train/neutral/ffhq_4221.png,0
train/neutral/ffhq_4222.png,0
train/neutral/ffhq_4223.png,7
train/neutral/ffhq_4224.png,3
train/neutral/ffhq_4225.png,2
train/neutral/ffhq_4226.png,0
train/neutral/ffhq_4227.png,3
train/neutral/ffhq_4228.png,7
train/neutral/ffhq_4229.png,3
train/neutral/ffhq_4230.png,0
train/neutral/ffhq_4231.png,0
train/neutral/ffhq_4232.png,0
train/neutral/ffhq_4233.png,6
train/neutral/ffhq_4234.png,3
train/neutral/ffhq_4235.png,0
train/neutral/ffhq_4236.png,6
train/neutral/ffhq_4237.png,5
train/neutral/ffhq_4238.png,3
train/neutral/ffhq_4239.png,5
train/neutral/ffhq_4240.png,7
train/neutral/ffhq_4241.png,7
train/neutral/ffhq_4242.png,6
train/neutral/ffhq_4243.png,4
train/neutral/ffhq_4244.png,0
train/neutral/ffhq_4245.png,4
train/neutral/ffhq_4246.png,0
train/neutral/ffhq_4247.png,6
train/neutral/ffhq_4248.png,0
train/neutral/ffhq_4249.png,5
train/neutral/ffhq_4250.png,4
train/neutral/ffhq_4251.png,0
train/neutral/ffhq_4252.png,0
train/neutral/ffhq_4253.png,6
train/neutral/ffhq_4254.png,4
train/neutral/ffhq_4255.png,2
train/neutral/ffhq_4256.png,7
train/neutral/ffhq_4257.png,0
train/neutral/ffhq_4258.png,3
train/neutral/ffhq_4259.png,5
train/neutral/ffhq_4260.png,0
train/neutral/ffhq_4261.png,6
train/neutral/ffhq_4262.png,0
train/neutral/ffhq_4263.png,6
train/neutral/ffhq_4264.png,6
train/neutral/ffhq_4265.png,0
train/neutral/ffhq_4266.png,6
train/neutral/ffhq_4267.png,0
train/neutral/ffhq_4268.png,6
train/neutral/ffhq_4269.png,2
train/neutral/ffhq_4270.png,3
train/neutral/ffhq_4271.png,5
train/neutral/ffhq_4272.png,0
train/neutral/ffhq_4273.png,6
train/neutral/ffhq_4274.png,0
train/neutral/ffhq_4275.png,2
train/neutral/ffhq_4276.png,6
train/neutral/ffhq_4277.png,2
train/neutral/ffhq_4278.png,2
train/neutral/ffhq_4279.png,0
train/neutral/ffhq_4280.png,7
train/neutral/ffhq_4281.png,0
train/neutral/ffhq_4282.png,6
train/neutral/ffhq_4283.png,0
train/neutral/ffhq_4284.png,0
train/neutral/ffhq_4285.png,2
train/neutral/ffhq_4286.png,2
train/neutral/ffhq_4287.png,0
train/neutral/ffhq_4288.png,0
train/neutral/ffhq_4289.png,2
train/neutral/ffhq_4290.png,2
train/neutral/ffhq_4291.png,0
train/neutral/ffhq_4292.png,7
train/neutral/ffhq_4293.png,6
train/neutral/ffhq_4294.png,5
train/neutral/ffhq_4295.png,0
train/neutral/ffhq_4296.png,2
train/neutral/ffhq_4297.png,3
train/neutral/ffhq_4298.png,2
train/neutral/ffhq_4299.png,6
train/neutral/ffhq_4300.png,0
train/neutral/ffhq_4301.png,3
train/neutral/ffhq_4302.png,6
train/neutral/ffhq_4303.png,5
train/neutral/ffhq_4304.png,7
train/neutral/ffhq_4305.png,0
train/neutral/ffhq_4306.png,7
train/neutral/ffhq_4307.png,7
train/neutral/ffhq_4308.png,5
train/neutral/ffhq_4309.png,0
train/neutral/ffhq_4310.png,0
train/neutral/ffhq_4311.png,0
train/neutral/ffhq_4312.png,0
train/neutral/ffhq_4313.png,7
train/neutral/ffhq_4314.png,7
train/neutral/ffhq_4315.png,0
train/neutral/ffhq_4316.png,3
train/neutral/ffhq_4317.png,0
train/neutral/ffhq_4318.png,0
train/neutral/ffhq_4319.png,2
train/neutral/ffhq_4320.png,3
train/neutral/ffhq_4321.png,6
train/neutral/ffhq_4322.png,0
train/neutral/ffhq_4323.png,2
train/neutral/ffhq_4324.png,0
train/neutral/ffhq_4325.png,7
train/neutral/ffhq_4326.png,6
train/neutral/ffhq_4327.png,2
train/neutral/ffhq_4328.png,0
train/neutral/ffhq_4329.png,0
train/neutral/ffhq_4330.png,0
train/neutral/ffhq_4331.png,0
train/neutral/ffhq_4332.png,7
train/neutral/ffhq_4333.png,5
train/neutral/ffhq_4334.png,0
train/neutral/ffhq_4335.png,4
train/neutral/ffhq_4336.png,0
train/neutral/ffhq_4337.png,5
train/neutral/ffhq_4338.png,3
train/neutral/ffhq_4339.png,2
train/neutral/ffhq_4340.png,6
train/neutral/ffhq_4341.png,0
train/neutral/ffhq_4342.png,6
train/neutral/ffhq_4343.png,0
train/neutral/ffhq_4344.png,6
train/neutral/ffhq_4345.png,6
train/neutral/ffhq_4346.png,6
train/neutral/ffhq_4347.png,2
train/neutral/ffhq_4348.png,2
train/neutral/ffhq_4349.png,6
train/neutral/ffhq_4350.png,0
train/neutral/ffhq_4351.png,7
train/neutral/ffhq_4352.png,3
train/neutral/ffhq_4353.png,2
train/neutral/ffhq_4354.png,6
train/neutral/ffhq_4355.png,4
train/neutral/ffhq_4356.png,5
train/neutral/ffhq_4357.png,5
train/neutral/ffhq_4358.png,6
train/neutral/ffhq_4359.png,0
train/neutral/ffhq_4360.png,6
train/neutral/ffhq_4361.png,0
train/neutral/ffhq_4362.png,0
train/neutral/ffhq_4363.png,0
train/neutral/ffhq_4364.png,7
train/neutral/ffhq_4365.png,0
train/neutral/ffhq_4366.png,0
train/neutral/ffhq_4367.png,3
train/neutral/ffhq_4368.png,3
train/neutral/ffhq_4369.png,5
train/neutral/ffhq_4370.png,4
train/neutral/ffhq_4371.png,3
train/neutral/ffhq_4372.png,7
train/neutral/ffhq_4373.png,7
train/neutral/ffhq_4374.png,7
train/neutral/ffhq_4375.png,0
train/neutral/ffhq_4376.png,7
train/neutral/ffhq_4377.png,0
train/neutral/ffhq_4378.png,6
train/neutral/ffhq_4379.png,0
train/neutral/ffhq_4380.png,0
train/neutral/ffhq_4381.png,0
train/neutral/ffhq_4382.png,5
train/neutral/ffhq_4383.png,5
train/neutral/ffhq_4384.png,6
train/neutral/ffhq_4385.png,5
train/neutral/ffhq_4386.png,5
train/neutral/ffhq_4387.png,6
train/neutral/ffhq_4388.png,0
train/neutral/ffhq_4389.png,0
train/neutral/ffhq_4390.png,7
train/neutral/ffhq_4391.png,3
train/neutral/ffhq_4392.png,5
train/neutral/ffhq_4393.png,6
train/neutral/ffhq_4394.png,0
train/neutral/ffhq_4395.png,0
train/neutral/ffhq_4396.png,4
train/neutral/ffhq_4397.png,6
train/neutral/ffhq_4398.png,2
train/neutral/ffhq_4399.png,5
train/neutral/ffhq_4400.png,7
train/neutral/ffhq_4401.png,6
train/neutral/ffhq_4402.png,2
train/neutral/ffhq_4403.png,6
train/neutral/ffhq_4404.png,5
train/neutral/ffhq_4405.png,0
train/neutral/ffhq_4406.png,3
train/neutral/ffhq_4407.png,3
train/neutral/ffhq_4408.png,6
train/neutral/ffhq_4409.png,0
train/neutral/ffhq_4410.png,2
train/neutral/ffhq_4411.png,0
train/neutral/ffhq_4412.png,5
train/neutral/ffhq_4413.png,6
train/neutral/ffhq_4414.png,6
train/neutral/ffhq_4415.png,6
train/neutral/ffhq_4416.png,6
train/neutral/ffhq_4417.png,0
train/neutral/ffhq_4418.png,5
train/neutral/ffhq_4419.png,6
train/neutral/ffhq_4420.png,2
train/neutral/ffhq_4421.png,7
train/neutral/ffhq_4422.png,0
train/neutral/ffhq_4423.png,3
train/neutral/ffhq_4424.png,2
train/neutral/ffhq_4425.png,5
train/neutral/ffhq_4426.png,2
train/neutral/ffhq_4427.png,3
train/neutral/ffhq_4428.png,0
train/neutral/ffhq_4429.png,0
train/neutral/ffhq_4430.png,0
train/neutral/ffhq_4431.png,3
train/neutral/ffhq_4432.png,3
train/neutral/ffhq_4433.png,5
train/neutral/ffhq_4434.png,0
train/neutral/ffhq_4435.png,6
train/neutral/ffhq_4436.png,2
train/neutral/ffhq_4437.png,0
train/neutral/ffhq_4438.png,5
train/neutral/ffhq_4439.png,5
train/neutral/ffhq_4440.png,5
train/neutral/ffhq_4441.png,3
train/neutral/ffhq_4442.png,7
train/neutral/ffhq_4443.png,6
train/neutral/ffhq_4444.png,7
train/neutral/ffhq_4445.png,2
train/neutral/ffhq_4446.png,0
train/neutral/ffhq_4447.png,0
train/neutral/ffhq_4448.png,0
train/neutral/ffhq_4449.png,2
train/neutral/ffhq_4450.png,0
train/neutral/ffhq_4451.png,6
train/neutral/ffhq_4452.png,5
train/neutral/ffhq_4453.png,5
train/neutral/ffhq_4454.png,0
train/neutral/ffhq_4455.png,2
train/neutral/ffhq_4456.png,2
train/neutral/ffhq_4457.png,2
train/neutral/ffhq_4458.png,0
train/neutral/ffhq_4459.png,2
train/neutral/ffhq_4460.png,0
train/neutral/ffhq_4461.png,7
train/neutral/ffhq_4462.png,0
train/neutral/ffhq_4463.png,0
train/neutral/ffhq_4464.png,0
train/neutral/ffhq_4465.png,7
train/neutral/ffhq_4466.png,7
train/neutral/ffhq_4467.png,0
train/neutral/ffhq_4468.png,0
train/neutral/ffhq_4469.png,1
train/neutral/ffhq_4470.png,2
train/neutral/ffhq_4471.png,2
train/neutral/ffhq_4472.png,0
train/neutral/ffhq_4473.png,3
train/neutral/ffhq_4474.png,0
train/neutral/ffhq_4475.png,0
train/neutral/ffhq_4476.png,5
train/neutral/ffhq_4477.png,6
train/neutral/ffhq_4478.png,6
train/neutral/ffhq_4479.png,0
train/neutral/ffhq_4480.png,0
train/neutral/ffhq_4481.png,0
train/neutral/ffhq_4482.png,0
train/neutral/ffhq_4483.png,4
train/neutral/ffhq_4484.png,3
train/neutral/ffhq_4485.png,3
train/neutral/ffhq_4486.png,3
train/neutral/ffhq_4487.png,2
train/neutral/ffhq_4488.png,0
train/neutral/ffhq_4489.png,0
train/neutral/ffhq_4490.png,4
train/neutral/ffhq_4491.png,0
train/neutral/ffhq_4492.png,0
train/neutral/ffhq_4493.png,6
train/neutral/ffhq_4494.png,7
train/neutral/ffhq_4495.png,0
train/neutral/ffhq_4496.png,5
train/neutral/ffhq_4497.png,0
train/neutral/ffhq_4498.png,0
train/neutral/ffhq_4499.png,3
train/neutral/ffhq_4500.png,3
train/neutral/ffhq_4501.png,4
train/neutral/ffhq_4502.png,2
train/neutral/ffhq_4503.png,7
train/neutral/ffhq_4504.png,0
train/neutral/ffhq_4505.png,3
train/neutral/ffhq_4506.png,2
train/neutral/ffhq_4507.png,0
train/neutral/ffhq_4508.png,7
train/neutral/ffhq_4509.png,6
train/neutral/ffhq_4510.png,7
train/neutral/ffhq_4511.png,0
train/neutral/ffhq_4512.png,0
train/neutral/ffhq_4513.png,6
train/neutral/ffhq_4514.png,0
train/neutral/ffhq_4515.png,3
train/neutral/ffhq_4516.png,3
train/neutral/ffhq_4517.png,0
train/neutral/ffhq_4518.png,3
train/neutral/ffhq_4519.png,3
train/neutral/ffhq_4520.png,3
train/neutral/ffhq_4521.png,0
train/neutral/ffhq_4522.png,3
train/neutral/ffhq_4523.png,0
train/neutral/ffhq_4524.png,0
train/neutral/ffhq_4525.png,7
train/neutral/ffhq_4526.png,0
train/neutral/ffhq_4527.png,3
train/neutral/ffhq_4528.png,0
train/neutral/ffhq_4529.png,0
train/neutral/ffhq_4530.png,5
train/neutral/ffhq_4531.png,2
train/neutral/ffhq_4532.png,2
train/neutral/ffhq_4533.png,6
train/neutral/ffhq_4534.png,6
train/neutral/ffhq_4535.png,6
train/neutral/ffhq_4536.png,3
train/neutral/ffhq_4537.png,0
train/neutral/ffhq_4538.png,6
train/neutral/ffhq_4539.png,7
train/neutral/ffhq_4540.png,6
train/neutral/ffhq_4541.png,6
train/neutral/ffhq_4542.png,2
train/neutral/ffhq_4543.png,2
train/neutral/ffhq_4544.png,5
train/neutral/ffhq_4545.png,0
train/neutral/ffhq_4546.png,0
train/neutral/ffhq_4547.png,3
train/neutral/ffhq_4548.png,7
train/neutral/ffhq_4549.png,0
train/neutral/ffhq_4550.png,2
train/neutral/ffhq_4551.png,6
train/neutral/ffhq_4552.png,6
train/neutral/ffhq_4553.png,2
train/neutral/ffhq_4554.png,2
train/neutral/ffhq_4555.png,7
train/neutral/ffhq_4556.png,0
train/neutral/ffhq_4557.png,2
train/neutral/ffhq_4558.png,7
train/neutral/ffhq_4559.png,0
train/neutral/ffhq_4560.png,3
train/neutral/ffhq_4561.png,7
train/neutral/ffhq_4562.png,7
train/neutral/ffhq_4563.png,0
train/neutral/ffhq_4564.png,3
train/neutral/ffhq_4565.png,3
train/neutral/ffhq_4566.png,0
train/neutral/ffhq_4567.png,0
train/neutral/ffhq_4568.png,3
train/neutral/ffhq_4569.png,3
train/neutral/ffhq_4570.png,0
train/neutral/ffhq_4571.png,2
train/neutral/ffhq_4572.png,0
train/neutral/ffhq_4573.png,0
train/neutral/ffhq_4574.png,2
train/neutral/ffhq_4575.png,5
train/neutral/ffhq_4576.png,6
train/neutral/ffhq_4577.png,2
train/neutral/ffhq_4578.png,7
train/neutral/ffhq_4579.png,0
train/neutral/ffhq_4580.png,5
train/neutral/ffhq_4581.png,2
train/neutral/ffhq_4582.png,5
train/neutral/ffhq_4583.png,0
train/neutral/ffhq_4584.png,2
train/neutral/ffhq_4585.png,0
train/neutral/ffhq_4586.png,0
train/neutral/ffhq_4587.png,0
train/neutral/ffhq_4588.png,5
train/neutral/ffhq_4589.png,0
train/neutral/ffhq_4590.png,6
train/neutral/ffhq_4591.png,0
train/neutral/ffhq_4592.png,0
train/neutral/ffhq_4593.png,0
train/neutral/ffhq_4594.png,5
train/neutral/ffhq_4595.png,7
train/neutral/ffhq_4596.png,3
train/neutral/ffhq_4597.png,7
train/neutral/ffhq_4598.png,5
train/neutral/ffhq_4599.png,5
train/neutral/ffhq_4600.png,0
train/neutral/ffhq_4601.png,0
train/neutral/ffhq_4602.png,0
train/neutral/ffhq_4603.png,0
train/neutral/ffhq_4604.png,0
train/neutral/ffhq_4605.png,0
train/neutral/ffhq_4606.png,0
train/neutral/ffhq_4607.png,2
train/neutral/ffhq_4608.png,0
train/neutral/ffhq_4609.png,3
train/neutral/ffhq_4610.png,0
train/neutral/ffhq_4611.png,0
train/neutral/ffhq_4612.png,2
train/neutral/ffhq_4613.png,3
train/neutral/ffhq_4614.png,5
train/neutral/ffhq_4615.png,6
train/neutral/ffhq_4616.png,0
train/neutral/ffhq_4617.png,0
train/neutral/ffhq_4618.png,5
train/neutral/ffhq_4619.png,0
train/neutral/ffhq_4620.png,5
train/neutral/ffhq_4621.png,3
train/neutral/ffhq_4622.png,0
train/neutral/ffhq_4623.png,5
train/neutral/ffhq_4624.png,7
train/neutral/ffhq_4625.png,2
train/neutral/ffhq_4626.png,3
train/neutral/ffhq_4627.png,0
train/neutral/ffhq_4628.png,6
train/neutral/ffhq_4629.png,0
train/neutral/ffhq_4630.png,0
train/neutral/ffhq_4631.png,4
train/neutral/ffhq_4632.png,3
train/neutral/ffhq_4633.png,5
train/neutral/ffhq_4634.png,3
train/neutral/ffhq_4635.png,7
train/neutral/ffhq_4636.png,6
train/neutral/ffhq_4637.png,0
train/neutral/ffhq_4638.png,2
train/neutral/ffhq_4639.png,6
train/neutral/ffhq_4640.png,0
train/neutral/ffhq_4641.png,7
train/neutral/ffhq_4642.png,3
train/neutral/ffhq_4643.png,3
train/neutral/ffhq_4644.png,3
train/neutral/ffhq_4645.png,5
train/neutral/ffhq_4646.png,7
train/neutral/ffhq_4647.png,3
train/neutral/ffhq_4648.png,6
train/neutral/ffhq_4649.png,3
train/neutral/ffhq_4650.png,3
train/neutral/ffhq_4651.png,7
train/neutral/ffhq_4652.png,5
train/neutral/ffhq_4653.png,6
train/neutral/ffhq_4654.png,3
train/neutral/ffhq_4655.png,6
train/neutral/ffhq_4656.png,3
train/neutral/ffhq_4657.png,2
train/neutral/ffhq_4658.png,6
train/neutral/ffhq_4659.png,6
train/neutral/ffhq_4660.png,2
train/neutral/ffhq_4661.png,0
train/neutral/ffhq_4662.png,5
train/neutral/ffhq_4663.png,0
train/neutral/ffhq_4664.png,0
train/neutral/ffhq_4665.png,0
train/neutral/ffhq_4666.png,5
train/neutral/ffhq_4667.png,0
train/neutral/ffhq_4668.png,6
train/neutral/ffhq_4669.png,0
train/neutral/ffhq_4670.png,2
train/neutral/ffhq_4671.png,6
train/neutral/ffhq_4672.png,6
train/neutral/ffhq_4673.png,2
train/neutral/ffhq_4674.png,5
train/neutral/ffhq_4675.png,5
train/neutral/ffhq_4676.png,4
train/neutral/ffhq_4677.png,7
train/neutral/ffhq_4678.png,7
train/neutral/ffhq_4679.png,7
train/neutral/ffhq_4680.png,2
train/neutral/ffhq_4681.png,6
train/neutral/ffhq_4682.png,1
train/neutral/ffhq_4683.png,3
train/neutral/ffhq_4684.png,1
train/neutral/ffhq_4685.png,0
train/neutral/ffhq_4686.png,3
train/neutral/ffhq_4687.png,3
train/neutral/ffhq_4688.png,0
train/neutral/ffhq_4689.png,6
train/neutral/ffhq_4690.png,6
train/neutral/ffhq_4691.png,0
train/neutral/ffhq_4692.png,0
train/neutral/ffhq_4693.png,6
train/neutral/ffhq_4694.png,7
train/neutral/ffhq_4695.png,6
train/neutral/ffhq_4696.png,0
train/neutral/ffhq_4697.png,0
train/neutral/ffhq_4698.png,7
train/neutral/ffhq_4699.png,7
train/neutral/ffhq_4700.png,0
train/neutral/ffhq_4701.png,0
train/neutral/ffhq_4702.png,5
train/neutral/ffhq_4703.png,2
train/neutral/ffhq_4704.png,7
train/neutral/ffhq_4705.png,3
train/neutral/ffhq_4706.png,0
train/neutral/ffhq_4707.png,5
train/neutral/ffhq_4708.png,0
train/neutral/ffhq_4709.png,0
train/neutral/ffhq_4710.png,0
train/neutral/ffhq_4711.png,3
train/neutral/ffhq_4712.png,3
train/neutral/ffhq_4713.png,0
train/neutral/ffhq_4714.png,0
train/neutral/ffhq_4715.png,0
train/neutral/ffhq_4716.png,6
train/neutral/ffhq_4717.png,3
train/neutral/ffhq_4718.png,7
train/neutral/ffhq_4719.png,6
train/neutral/ffhq_4720.png,4
train/neutral/ffhq_4721.png,6
train/neutral/ffhq_4722.png,1
train/neutral/ffhq_4723.png,7
train/neutral/ffhq_4724.png,2
train/neutral/ffhq_4725.png,5
train/neutral/ffhq_4726.png,2
train/neutral/ffhq_4727.png,0
train/neutral/ffhq_4728.png,0
train/neutral/ffhq_4729.png,6
train/neutral/ffhq_4730.png,4
train/neutral/ffhq_4731.png,0
train/neutral/ffhq_4732.png,0
train/neutral/ffhq_4733.png,5
train/neutral/ffhq_4734.png,0
train/neutral/ffhq_4735.png,7
train/neutral/ffhq_4736.png,0
train/neutral/ffhq_4737.png,6
train/neutral/ffhq_4738.png,0
train/neutral/ffhq_4739.png,5
train/neutral/ffhq_4740.png,0
train/neutral/ffhq_4741.png,5
train/neutral/ffhq_4742.png,0
train/neutral/ffhq_4743.png,7
train/neutral/ffhq_4744.png,0
train/neutral/ffhq_4745.png,1
train/neutral/ffhq_4746.png,7
train/neutral/ffhq_4747.png,7
train/neutral/ffhq_4748.png,0
train/neutral/ffhq_4749.png,0
train/neutral/ffhq_4750.png,6
train/neutral/ffhq_4751.png,2
train/neutral/ffhq_4752.png,4
train/neutral/ffhq_4753.png,5
train/neutral/ffhq_4754.png,0
train/neutral/ffhq_4755.png,0
train/neutral/ffhq_4756.png,2
train/neutral/ffhq_4757.png,2
train/neutral/ffhq_4758.png,3
train/neutral/ffhq_4759.png,7
train/neutral/ffhq_4760.png,6
train/neutral/ffhq_4761.png,0
train/neutral/ffhq_4762.png,0
train/neutral/ffhq_4763.png,0
train/neutral/ffhq_4764.png,7
train/neutral/ffhq_4765.png,0
train/neutral/ffhq_4766.png,6
train/neutral/ffhq_4767.png,0
train/neutral/ffhq_4768.png,6
train/neutral/ffhq_4769.png,0
train/neutral/ffhq_4770.png,4
train/neutral/ffhq_4771.png,7
train/neutral/ffhq_4772.png,0
train/neutral/ffhq_4773.png,3
train/neutral/ffhq_4774.png,7
train/neutral/ffhq_4775.png,3
train/neutral/ffhq_4776.png,6
train/neutral/ffhq_4777.png,4
train/neutral/ffhq_4778.png,5
train/neutral/ffhq_4779.png,4
train/neutral/ffhq_4780.png,0
train/neutral/ffhq_4781.png,0
train/neutral/ffhq_4782.png,0
train/neutral/ffhq_4783.png,5
train/neutral/ffhq_4784.png,0
train/neutral/ffhq_4785.png,0
train/neutral/ffhq_4786.png,3
train/neutral/ffhq_4787.png,6
train/neutral/ffhq_4788.png,3
train/neutral/ffhq_4789.png,7
train/neutral/ffhq_4790.png,5
train/neutral/ffhq_4791.png,7
train/neutral/ffhq_4792.png,7
train/neutral/ffhq_4793.png,2
train/neutral/ffhq_4794.png,2
train/neutral/ffhq_4795.png,7
train/neutral/ffhq_4796.png,0
train/neutral/ffhq_4797.png,7
train/neutral/ffhq_4798.png,5
train/neutral/ffhq_4799.png,0
train/neutral/ffhq_4800.png,0
train/neutral/ffhq_4801.png,0
train/neutral/ffhq_4802.png,0
train/neutral/ffhq_4803.png,2
train/neutral/ffhq_4804.png,0
train/neutral/ffhq_4805.png,0
train/neutral/ffhq_4806.png,2
train/neutral/ffhq_4807.png,0
train/neutral/ffhq_4808.png,0
train/neutral/ffhq_4809.png,2
train/neutral/ffhq_4810.png,5
train/neutral/ffhq_4811.png,0
train/neutral/ffhq_4812.png,2
train/neutral/ffhq_4813.png,2
train/neutral/ffhq_4814.png,0
train/neutral/ffhq_4815.png,6
train/neutral/ffhq_4816.png,1
train/neutral/ffhq_4817.png,0
train/neutral/ffhq_4818.png,0
train/neutral/ffhq_4819.png,6
train/neutral/ffhq_4820.png,3
train/neutral/ffhq_4821.png,3
train/neutral/ffhq_4822.png,5
train/neutral/ffhq_4823.png,0
train/neutral/ffhq_4824.png,7
train/neutral/ffhq_4825.png,3
train/neutral/ffhq_4826.png,5
train/neutral/ffhq_4827.png,5
train/neutral/ffhq_4828.png,0
train/neutral/ffhq_4829.png,2
train/neutral/ffhq_4830.png,0
train/neutral/ffhq_4831.png,3
train/neutral/ffhq_4832.png,0
train/neutral/ffhq_4833.png,0
train/neutral/ffhq_4834.png,2
train/neutral/ffhq_4835.png,0
train/neutral/ffhq_4836.png,0
train/neutral/ffhq_4837.png,6
train/neutral/ffhq_4838.png,0
train/neutral/ffhq_4839.png,0
train/neutral/ffhq_4840.png,3
train/neutral/ffhq_4841.png,2
train/neutral/ffhq_4842.png,5
train/neutral/ffhq_4843.png,3
train/neutral/ffhq_4844.png,0
train/neutral/ffhq_4845.png,2
train/neutral/ffhq_4846.png,0
train/neutral/ffhq_4847.png,7
train/neutral/ffhq_4848.png,2
train/neutral/ffhq_4849.png,2
train/neutral/ffhq_4850.png,0
train/neutral/ffhq_4851.png,5
train/neutral/ffhq_4852.png,0
train/neutral/ffhq_4853.png,5
train/neutral/ffhq_4854.png,5
train/neutral/ffhq_4855.png,0
train/neutral/ffhq_4856.png,0
train/neutral/ffhq_4857.png,7
train/neutral/ffhq_4858.png,3
train/neutral/ffhq_4859.png,3
train/neutral/ffhq_4860.png,6
train/neutral/ffhq_4861.png,7
train/neutral/ffhq_4862.png,2
train/neutral/ffhq_4863.png,5
train/neutral/ffhq_4864.png,2
train/neutral/ffhq_4865.png,6
train/neutral/ffhq_4866.png,3
train/neutral/ffhq_4867.png,3
train/neutral/ffhq_4868.png,7
train/neutral/ffhq_4869.png,6
train/neutral/ffhq_4870.png,0
train/neutral/ffhq_4871.png,7
train/neutral/ffhq_4872.png,6
train/neutral/ffhq_4873.png,7
train/neutral/ffhq_4874.png,3
train/neutral/ffhq_4875.png,0
train/neutral/ffhq_4876.png,3
train/neutral/ffhq_4877.png,0
train/neutral/ffhq_4878.png,7
train/neutral/ffhq_4879.png,5
train/neutral/ffhq_4880.png,6
train/neutral/ffhq_4881.png,3
train/neutral/ffhq_4882.png,5
train/neutral/ffhq_4883.png,0
train/neutral/ffhq_4884.png,2
train/neutral/ffhq_4885.png,0
train/neutral/ffhq_4886.png,3
train/neutral/ffhq_4887.png,6
train/neutral/ffhq_4888.png,2
train/neutral/ffhq_4889.png,5
train/neutral/ffhq_4890.png,0
train/neutral/ffhq_4891.png,0
train/neutral/ffhq_4892.png,3
train/neutral/ffhq_4893.png,7
train/neutral/ffhq_4894.png,0
train/neutral/ffhq_4895.png,5
train/neutral/ffhq_4896.png,3
train/neutral/ffhq_4897.png,0
train/neutral/ffhq_4898.png,0
train/neutral/ffhq_4899.png,3
train/neutral/ffhq_4900.png,6
train/neutral/ffhq_4901.png,0
train/neutral/ffhq_4902.png,3
train/neutral/ffhq_4903.png,7
train/neutral/ffhq_4904.png,0
train/neutral/ffhq_4905.png,7
train/neutral/ffhq_4906.png,0
train/neutral/ffhq_4907.png,0
train/neutral/ffhq_4908.png,3
train/neutral/ffhq_4909.png,0
train/neutral/ffhq_4910.png,7
train/neutral/ffhq_4911.png,6
train/neutral/ffhq_4912.png,3
train/neutral/ffhq_4913.png,0
train/neutral/ffhq_4914.png,7
train/neutral/ffhq_4915.png,3
train/neutral/ffhq_4916.png,5
train/neutral/ffhq_4917.png,7
train/neutral/ffhq_4918.png,0
train/neutral/ffhq_4919.png,3
train/neutral/ffhq_4920.png,7
train/neutral/ffhq_4921.png,0
train/neutral/ffhq_4922.png,3
train/neutral/ffhq_4923.png,3
train/neutral/ffhq_4924.png,0
train/neutral/ffhq_4925.png,0
train/neutral/ffhq_4926.png,0
train/neutral/ffhq_4927.png,5
train/neutral/ffhq_4928.png,0
train/neutral/ffhq_4929.png,3
train/neutral/ffhq_4930.png,7
train/neutral/ffhq_4931.png,4
train/neutral/ffhq_4932.png,2
train/neutral/ffhq_4933.png,2
train/neutral/ffhq_4934.png,0
train/neutral/ffhq_4935.png,0
train/neutral/ffhq_4936.png,6
train/neutral/ffhq_4937.png,0
train/neutral/ffhq_4938.png,0
train/neutral/ffhq_4939.png,5
train/neutral/ffhq_4940.png,0
train/neutral/ffhq_4941.png,2
train/neutral/ffhq_4942.png,3
train/neutral/ffhq_4943.png,0
train/neutral/ffhq_4944.png,6
train/neutral/ffhq_4945.png,0
train/neutral/ffhq_4946.png,0
train/neutral/ffhq_4947.png,0
train/neutral/ffhq_4948.png,5
train/neutral/ffhq_4949.png,0
train/neutral/ffhq_4950.png,2
train/neutral/ffhq_4951.png,0
train/neutral/ffhq_4952.png,0
train/neutral/ffhq_4953.png,5
train/neutral/ffhq_4954.png,3
train/neutral/ffhq_4955.png,7
train/neutral/ffhq_4956.png,7
train/neutral/ffhq_4957.png,6
train/neutral/ffhq_4958.png,5
train/neutral/ffhq_4959.png,0
train/neutral/ffhq_4960.png,3
train/neutral/ffhq_4961.png,5
train/neutral/ffhq_4962.png,5
train/neutral/ffhq_4963.png,6
train/neutral/ffhq_4964.png,6
train/neutral/ffhq_4965.png,0
train/neutral/ffhq_4966.png,3
train/neutral/ffhq_4967.png,2
train/neutral/ffhq_4968.png,3
train/neutral/ffhq_4969.png,3
train/neutral/ffhq_4970.png,6
train/neutral/ffhq_4971.png,0
train/neutral/ffhq_4972.png,6
train/neutral/ffhq_4973.png,0
train/neutral/ffhq_4974.png,5
train/neutral/ffhq_4975.png,0
train/neutral/ffhq_4976.png,5
train/neutral/ffhq_4977.png,2
train/neutral/ffhq_4978.png,2
train/neutral/ffhq_4979.png,0
train/neutral/ffhq_4980.png,6
train/neutral/ffhq_4981.png,0
train/neutral/ffhq_4982.png,0
train/neutral/ffhq_4983.png,0
train/neutral/ffhq_4984.png,2
train/neutral/ffhq_4985.png,4
train/neutral/ffhq_4986.png,0
train/neutral/ffhq_4987.png,6
train/neutral/ffhq_4988.png,6
train/neutral/ffhq_4989.png,6
train/neutral/ffhq_4990.png,2
train/neutral/ffhq_4991.png,7
train/neutral/ffhq_4992.png,3
train/neutral/ffhq_4993.png,6
train/neutral/ffhq_4994.png,0
train/neutral/ffhq_4995.png,3
train/neutral/ffhq_4996.png,3
train/neutral/ffhq_4997.png,2
train/neutral/ffhq_4998.png,6
train/neutral/ffhq_4999.png,7
train/neutral/ffhq_5000.png,7
train/neutral/ffhq_5001.png,0
train/neutral/ffhq_5002.png,0
train/neutral/ffhq_5003.png,3
train/neutral/ffhq_5004.png,0
train/neutral/ffhq_5005.png,0
train/neutral/ffhq_5006.png,0
train/neutral/ffhq_5007.png,2
train/neutral/ffhq_5008.png,7
train/neutral/ffhq_5009.png,6
train/neutral/ffhq_5010.png,0
train/neutral/ffhq_5011.png,3
train/neutral/ffhq_5012.png,3
train/neutral/ffhq_5013.png,2
train/neutral/ffhq_5014.png,0
train/neutral/ffhq_5015.png,6
train/neutral/ffhq_5016.png,0
train/neutral/ffhq_5017.png,0
train/neutral/ffhq_5018.png,0
train/neutral/ffhq_5019.png,7
train/neutral/ffhq_5020.png,7
train/neutral/ffhq_5021.png,6
train/neutral/ffhq_5022.png,7
train/neutral/ffhq_5023.png,3
train/neutral/ffhq_5024.png,7
train/neutral/ffhq_5025.png,3
train/neutral/ffhq_5026.png,0
train/neutral/ffhq_5027.png,6
train/neutral/ffhq_5028.png,5
train/neutral/ffhq_5029.png,0
train/neutral/ffhq_5030.png,6
train/neutral/ffhq_5031.png,6
train/neutral/ffhq_5032.png,5
train/neutral/ffhq_5033.png,2
train/neutral/ffhq_5034.png,7
train/neutral/ffhq_5035.png,3
train/neutral/ffhq_5036.png,7
train/neutral/ffhq_5037.png,0
train/neutral/ffhq_5038.png,0
train/neutral/ffhq_5039.png,7
train/neutral/ffhq_5040.png,0
train/neutral/ffhq_5041.png,0
train/neutral/ffhq_5042.png,5
train/neutral/ffhq_5043.png,2
train/neutral/ffhq_5044.png,0
train/neutral/ffhq_5045.png,5
train/neutral/ffhq_5046.png,0
train/neutral/ffhq_5047.png,5
train/neutral/ffhq_5048.png,3
train/neutral/ffhq_5049.png,0
train/neutral/ffhq_5050.png,2
train/neutral/ffhq_5051.png,0
train/neutral/ffhq_5052.png,3
train/neutral/ffhq_5053.png,6
train/neutral/ffhq_5054.png,4
train/neutral/ffhq_5055.png,7
train/neutral/ffhq_5056.png,3
train/neutral/ffhq_5057.png,6
train/neutral/ffhq_5058.png,7
train/neutral/ffhq_5059.png,0
train/neutral/ffhq_5060.png,5
train/neutral/ffhq_5061.png,0
train/neutral/ffhq_5062.png,2
train/neutral/ffhq_5063.png,0
train/neutral/ffhq_5064.png,0
train/neutral/ffhq_5065.png,3
train/neutral/ffhq_5066.png,3
train/neutral/ffhq_5067.png,0
train/neutral/ffhq_5068.png,3
train/neutral/ffhq_5069.png,7
train/neutral/ffhq_5070.png,0
train/neutral/ffhq_5071.png,3
train/neutral/ffhq_5072.png,0
train/neutral/ffhq_5073.png,2
train/neutral/ffhq_5074.png,0
train/neutral/ffhq_5075.png,3
train/neutral/ffhq_5076.png,2
train/neutral/ffhq_5077.png,5
train/neutral/ffhq_5078.png,3
train/neutral/ffhq_5079.png,3
train/neutral/ffhq_5080.png,4
train/neutral/ffhq_5081.png,7
train/neutral/ffhq_5082.png,2
train/neutral/ffhq_5083.png,0
train/neutral/ffhq_5084.png,3
train/neutral/ffhq_5085.png,0
train/neutral/ffhq_5086.png,3
train/neutral/ffhq_5087.png,7
train/neutral/ffhq_5088.png,0
train/neutral/ffhq_5089.png,3
train/neutral/ffhq_5090.png,5
train/neutral/ffhq_5091.png,3
train/neutral/ffhq_5092.png,7
train/neutral/ffhq_5093.png,3
train/neutral/ffhq_5094.png,0
train/neutral/ffhq_5095.png,7
train/neutral/ffhq_5096.png,0
train/neutral/ffhq_5097.png,0
train/neutral/ffhq_5098.png,7
train/neutral/ffhq_5099.png,0
train/neutral/ffhq_5100.png,0
train/neutral/ffhq_5101.png,6
train/neutral/ffhq_5102.png,0
train/neutral/ffhq_5103.png,6
train/neutral/ffhq_5104.png,3
train/neutral/ffhq_5105.png,7
train/neutral/ffhq_5106.png,2
train/neutral/ffhq_5107.png,7
train/neutral/ffhq_5108.png,0
train/neutral/ffhq_5109.png,0
train/neutral/ffhq_5110.png,7
train/neutral/ffhq_5111.png,0
train/neutral/ffhq_5112.png,1
train/neutral/ffhq_5113.png,7
train/neutral/ffhq_5114.png,4
train/neutral/ffhq_5115.png,2
train/neutral/ffhq_5116.png,2
train/neutral/ffhq_5117.png,2
train/neutral/ffhq_5118.png,0
train/neutral/ffhq_5119.png,4
train/neutral/ffhq_5120.png,3
train/neutral/ffhq_5121.png,0
train/neutral/ffhq_5122.png,6
train/neutral/ffhq_5123.png,3
train/neutral/ffhq_5124.png,0
train/neutral/ffhq_5125.png,2
train/neutral/ffhq_5126.png,0
train/neutral/ffhq_5127.png,2
train/neutral/ffhq_5128.png,0
train/neutral/ffhq_5129.png,5
train/neutral/ffhq_5130.png,0
train/neutral/ffhq_5131.png,0
train/neutral/ffhq_5132.png,0
train/neutral/ffhq_5133.png,0
train/neutral/ffhq_5134.png,6
train/neutral/ffhq_5135.png,2
train/neutral/ffhq_5136.png,7
train/neutral/ffhq_5137.png,0
train/neutral/ffhq_5138.png,2
train/neutral/ffhq_5139.png,0
train/neutral/ffhq_5140.png,0
train/neutral/ffhq_5141.png,6
train/neutral/ffhq_5142.png,2
train/neutral/ffhq_5143.png,2
train/neutral/ffhq_5144.png,0
train/neutral/ffhq_5145.png,2
train/neutral/ffhq_5146.png,0
train/neutral/ffhq_5147.png,3
train/neutral/ffhq_5148.png,5
train/neutral/ffhq_5149.png,7
train/neutral/ffhq_5150.png,0
train/neutral/ffhq_5151.png,1
train/neutral/ffhq_5152.png,7
train/neutral/ffhq_5153.png,3
train/neutral/ffhq_5154.png,0
train/neutral/ffhq_5155.png,3
train/neutral/ffhq_5156.png,7
train/neutral/ffhq_5157.png,0
train/neutral/ffhq_5158.png,0
train/neutral/ffhq_5159.png,0
train/neutral/ffhq_5160.png,0
train/neutral/ffhq_5161.png,7
train/neutral/ffhq_5162.png,0
train/neutral/ffhq_5163.png,0
train/neutral/ffhq_5164.png,4
train/neutral/ffhq_5165.png,5
train/neutral/ffhq_5166.png,6
train/neutral/ffhq_5167.png,0
train/neutral/ffhq_5168.png,0
train/neutral/ffhq_5169.png,5
train/neutral/ffhq_5170.png,2
train/neutral/ffhq_5171.png,0
train/neutral/ffhq_5172.png,7
train/neutral/ffhq_5173.png,0
train/neutral/ffhq_5174.png,0
train/neutral/ffhq_5175.png,0
train/neutral/ffhq_5176.png,7
train/neutral/ffhq_5177.png,0
train/neutral/ffhq_5178.png,0
train/neutral/ffhq_5179.png,5
train/neutral/ffhq_5180.png,0
train/neutral/ffhq_5181.png,3
train/neutral/ffhq_5182.png,5
train/neutral/ffhq_5183.png,3
train/neutral/ffhq_5184.png,0
train/neutral/ffhq_5185.png,2
train/neutral/ffhq_5186.png,7
train/neutral/ffhq_5187.png,0
train/neutral/ffhq_5188.png,0
train/neutral/ffhq_5189.png,0
train/neutral/ffhq_5190.png,0
train/neutral/ffhq_5191.png,2
train/neutral/ffhq_5192.png,2
train/neutral/ffhq_5193.png,0
train/neutral/ffhq_5194.png,0
train/neutral/ffhq_5195.png,3
train/neutral/ffhq_5196.png,2
train/neutral/ffhq_5197.png,0
train/neutral/ffhq_5198.png,6
train/neutral/ffhq_5199.png,3
train/neutral/ffhq_5200.png,7
train/neutral/ffhq_5201.png,2
train/neutral/ffhq_5202.png,0
train/neutral/ffhq_5203.png,6
train/neutral/ffhq_5204.png,3
train/neutral/ffhq_5205.png,6
train/neutral/ffhq_5206.png,3
train/neutral/ffhq_5207.png,0
train/neutral/ffhq_5208.png,6
train/neutral/ffhq_5209.png,2
train/neutral/ffhq_5210.png,1
train/neutral/ffhq_5211.png,6
train/neutral/ffhq_5212.png,6
train/neutral/ffhq_5213.png,2
train/neutral/ffhq_5214.png,3
train/neutral/ffhq_5215.png,6
train/neutral/ffhq_5216.png,0
train/neutral/ffhq_5217.png,6
train/neutral/ffhq_5218.png,6
train/neutral/ffhq_5219.png,0
train/neutral/ffhq_5220.png,0
train/neutral/ffhq_5221.png,0
train/neutral/ffhq_5222.png,0
train/neutral/ffhq_5223.png,3
train/neutral/ffhq_5224.png,6
train/neutral/ffhq_5225.png,3
train/neutral/ffhq_5226.png,2
train/neutral/ffhq_5227.png,3
train/neutral/ffhq_5228.png,6
train/neutral/ffhq_5229.png,2
train/neutral/ffhq_5230.png,2
train/neutral/ffhq_5231.png,2
train/neutral/ffhq_5232.png,0
train/neutral/ffhq_5233.png,0
train/neutral/ffhq_5234.png,2
train/neutral/ffhq_5235.png,3
train/neutral/ffhq_5236.png,5
train/neutral/ffhq_5237.png,0
train/neutral/ffhq_5238.png,2
train/neutral/ffhq_5239.png,0
train/neutral/ffhq_5240.png,0
train/neutral/ffhq_5241.png,2
train/neutral/ffhq_5242.png,6
train/neutral/ffhq_5243.png,3
train/neutral/ffhq_5244.png,7
train/neutral/ffhq_5245.png,0
train/neutral/ffhq_5246.png,2
train/neutral/ffhq_5247.png,0
train/neutral/ffhq_5248.png,3
train/neutral/ffhq_5249.png,6
train/neutral/ffhq_5250.png,2
train/neutral/ffhq_5251.png,2
train/neutral/ffhq_5252.png,0
train/neutral/ffhq_5253.png,0
train/neutral/ffhq_5254.png,0
train/neutral/ffhq_5255.png,2
train/neutral/ffhq_5256.png,0
train/neutral/ffhq_5257.png,7
train/neutral/ffhq_5258.png,4
train/neutral/ffhq_5259.png,7
train/neutral/ffhq_5260.png,0
train/neutral/ffhq_5261.png,5
train/neutral/ffhq_5262.png,5
train/neutral/ffhq_5263.png,0
train/neutral/ffhq_5264.png,5
train/neutral/ffhq_5265.png,2
train/neutral/ffhq_5266.png,7
train/neutral/ffhq_5267.png,5
train/neutral/ffhq_5268.png,6
train/neutral/ffhq_5269.png,6
train/neutral/ffhq_5270.png,7
train/neutral/ffhq_5271.png,7
train/neutral/ffhq_5272.png,7
train/neutral/ffhq_5273.png,5
train/neutral/ffhq_5274.png,3
train/neutral/ffhq_5275.png,7
train/neutral/ffhq_5276.png,0
train/neutral/ffhq_5277.png,0
train/neutral/ffhq_5278.png,2
train/neutral/ffhq_5279.png,2
train/neutral/ffhq_5280.png,0
train/neutral/ffhq_5281.png,7
train/neutral/ffhq_5282.png,5
train/neutral/ffhq_5283.png,7
train/neutral/ffhq_5284.png,0
train/neutral/ffhq_5285.png,6
train/neutral/ffhq_5286.png,6
train/neutral/ffhq_5287.png,7
train/neutral/ffhq_5288.png,3
train/neutral/ffhq_5289.png,0
train/neutral/ffhq_5290.png,2
train/neutral/ffhq_5291.png,0
train/neutral/ffhq_5292.png,0
train/neutral/ffhq_5293.png,3
train/neutral/ffhq_5294.png,7
train/neutral/ffhq_5295.png,3
train/neutral/ffhq_5296.png,0
train/neutral/ffhq_5297.png,0
train/neutral/ffhq_5298.png,0
train/neutral/ffhq_5299.png,6
train/neutral/ffhq_5300.png,0
train/neutral/ffhq_5301.png,2
train/neutral/ffhq_5302.png,0
train/neutral/ffhq_5303.png,2
train/neutral/ffhq_5304.png,0
train/neutral/ffhq_5305.png,6
train/neutral/ffhq_5306.png,4
train/neutral/ffhq_5307.png,7
train/neutral/ffhq_5308.png,0
train/neutral/ffhq_5309.png,3
train/neutral/ffhq_5310.png,3
train/neutral/ffhq_5311.png,3
train/neutral/ffhq_5312.png,0
train/neutral/ffhq_5313.png,0
train/neutral/ffhq_5314.png,2
train/neutral/ffhq_5315.png,0
train/neutral/ffhq_5316.png,0
train/neutral/ffhq_5317.png,3
train/neutral/ffhq_5318.png,7
train/neutral/ffhq_5319.png,7
train/neutral/ffhq_5320.png,0
train/neutral/ffhq_5321.png,2
train/neutral/ffhq_5322.png,0
train/neutral/ffhq_5323.png,3
train/neutral/ffhq_5324.png,0
train/neutral/ffhq_5325.png,6
train/neutral/ffhq_5326.png,3
train/neutral/ffhq_5327.png,5
train/neutral/ffhq_5328.png,5
train/neutral/ffhq_5329.png,7
train/neutral/ffhq_5330.png,7
train/neutral/ffhq_5331.png,0
train/neutral/ffhq_5332.png,0
train/neutral/ffhq_5333.png,4
train/neutral/ffhq_5334.png,7
train/neutral/ffhq_5335.png,0
train/neutral/ffhq_5336.png,2
train/neutral/ffhq_5337.png,0
train/neutral/ffhq_5338.png,0
train/neutral/ffhq_5339.png,3
train/neutral/ffhq_5340.png,7
train/neutral/ffhq_5341.png,6
train/neutral/ffhq_5342.png,7
train/neutral/ffhq_5343.png,3
train/neutral/ffhq_5344.png,0
train/neutral/ffhq_5345.png,3
train/neutral/ffhq_5346.png,0
train/neutral/ffhq_5347.png,0
train/neutral/ffhq_5348.png,7
train/neutral/ffhq_5349.png,0
train/neutral/ffhq_5350.png,7
train/neutral/ffhq_5351.png,3
train/neutral/ffhq_5352.png,0
train/neutral/ffhq_5353.png,6
train/neutral/ffhq_5354.png,0
train/neutral/ffhq_5355.png,0
train/neutral/ffhq_5356.png,2
train/neutral/ffhq_5357.png,3
train/neutral/ffhq_5358.png,4
train/neutral/ffhq_5359.png,3
train/neutral/ffhq_5360.png,7
train/neutral/ffhq_5361.png,6
train/neutral/ffhq_5362.png,7
train/neutral/ffhq_5363.png,7
train/neutral/ffhq_5364.png,0
train/neutral/ffhq_5365.png,3
train/neutral/ffhq_5366.png,0
train/neutral/ffhq_5367.png,7
train/neutral/ffhq_5368.png,0
train/neutral/ffhq_5369.png,3
train/neutral/ffhq_5370.png,0
train/neutral/ffhq_5371.png,2
train/neutral/ffhq_5372.png,0
train/neutral/ffhq_5373.png,0
train/neutral/ffhq_5374.png,3
train/neutral/ffhq_5375.png,0
train/neutral/ffhq_5376.png,1
train/neutral/ffhq_5377.png,3
train/neutral/ffhq_5378.png,3
train/neutral/ffhq_5379.png,0
train/neutral/ffhq_5380.png,0
train/neutral/ffhq_5381.png,5
train/neutral/ffhq_5382.png,6
train/neutral/ffhq_5383.png,6
train/neutral/ffhq_5384.png,0
train/neutral/ffhq_5385.png,2
train/neutral/ffhq_5386.png,0
train/neutral/ffhq_5387.png,7
train/neutral/ffhq_5388.png,4
train/neutral/ffhq_5389.png,0
train/neutral/ffhq_5390.png,5
train/neutral/ffhq_5391.png,0
train/neutral/ffhq_5392.png,3
train/neutral/ffhq_5393.png,5
train/neutral/ffhq_5394.png,0
train/neutral/ffhq_5395.png,6
train/neutral/ffhq_5396.png,5
train/neutral/ffhq_5397.png,7
train/neutral/ffhq_5398.png,0
train/neutral/ffhq_5399.png,3
train/neutral/ffhq_5400.png,5
train/neutral/ffhq_5401.png,3
train/neutral/ffhq_5402.png,7
train/neutral/ffhq_5403.png,0
train/neutral/ffhq_5404.png,7
train/neutral/ffhq_5405.png,7
train/neutral/ffhq_5406.png,0
train/neutral/ffhq_5407.png,7
train/neutral/ffhq_5408.png,0
train/neutral/ffhq_5409.png,3
train/neutral/ffhq_5410.png,2
train/neutral/ffhq_5411.png,0
train/neutral/ffhq_5412.png,0
train/neutral/ffhq_5413.png,3
train/neutral/ffhq_5414.png,3
train/neutral/ffhq_5415.png,7
train/neutral/ffhq_5416.png,3
train/neutral/ffhq_5417.png,2
train/neutral/ffhq_5418.png,0
train/neutral/ffhq_5419.png,0
train/neutral/ffhq_5420.png,7
train/neutral/ffhq_5421.png,0
train/neutral/ffhq_5422.png,7
train/neutral/ffhq_5423.png,0
train/neutral/ffhq_5424.png,0
train/neutral/ffhq_5425.png,4
train/neutral/ffhq_5426.png,3
train/neutral/ffhq_5427.png,7
train/neutral/ffhq_5428.png,2
train/neutral/ffhq_5429.png,7
train/neutral/ffhq_5430.png,0
train/neutral/ffhq_5431.png,7
train/neutral/ffhq_5432.png,7
train/neutral/ffhq_5433.png,2
train/neutral/ffhq_5434.png,7
train/neutral/ffhq_5435.png,3
train/neutral/ffhq_5436.png,0
train/neutral/ffhq_5437.png,7
train/neutral/ffhq_5438.png,0
train/neutral/ffhq_5439.png,6
train/neutral/ffhq_5440.png,3
train/neutral/ffhq_5441.png,3
train/neutral/ffhq_5442.png,2
train/neutral/ffhq_5443.png,2
train/neutral/ffhq_5444.png,2
train/neutral/ffhq_5445.png,1
train/neutral/ffhq_5446.png,2
train/neutral/ffhq_5447.png,3
train/neutral/ffhq_5448.png,0
train/neutral/ffhq_5449.png,0
train/neutral/ffhq_5450.png,0
train/neutral/ffhq_5451.png,2
train/neutral/ffhq_5452.png,0
train/neutral/ffhq_5453.png,0
train/neutral/ffhq_5454.png,0
train/neutral/ffhq_5455.png,4
train/neutral/ffhq_5456.png,4
train/neutral/ffhq_5457.png,6
train/neutral/ffhq_5458.png,4
train/neutral/ffhq_5459.png,0
train/neutral/ffhq_5460.png,0
train/neutral/ffhq_5461.png,0
train/neutral/ffhq_5462.png,7
train/neutral/ffhq_5463.png,0
train/neutral/ffhq_5464.png,0
train/neutral/ffhq_5465.png,5
train/neutral/ffhq_5466.png,0
train/neutral/ffhq_5467.png,3
train/neutral/ffhq_5468.png,0
train/neutral/ffhq_5469.png,0
train/neutral/ffhq_5470.png,0
train/neutral/ffhq_5471.png,0
train/neutral/ffhq_5472.png,0
train/neutral/ffhq_5473.png,0
train/neutral/ffhq_5474.png,6
train/neutral/ffhq_5475.png,0
train/neutral/ffhq_5476.png,5
train/neutral/ffhq_5477.png,6
train/neutral/ffhq_5478.png,3
train/neutral/ffhq_5479.png,0
train/neutral/ffhq_5480.png,0
train/neutral/ffhq_5481.png,7
train/neutral/ffhq_5482.png,0
train/neutral/ffhq_5483.png,4
train/neutral/ffhq_5484.png,2
train/neutral/ffhq_5485.png,3
train/neutral/ffhq_5486.png,5
train/neutral/ffhq_5487.png,6
train/neutral/ffhq_5488.png,0
train/neutral/ffhq_5489.png,2
train/neutral/ffhq_5490.png,7
train/neutral/ffhq_5491.png,2
train/neutral/ffhq_5492.png,6
train/neutral/ffhq_5493.png,3
train/neutral/ffhq_5494.png,6
train/neutral/ffhq_5495.png,7
train/neutral/ffhq_5496.png,7
train/neutral/ffhq_5497.png,5
train/neutral/ffhq_5498.png,6
train/neutral/ffhq_5499.png,0
train/neutral/ffhq_5500.png,0
train/neutral/ffhq_5501.png,0
train/neutral/ffhq_5502.png,3
train/neutral/ffhq_5503.png,0
train/neutral/ffhq_5504.png,7
train/neutral/ffhq_5505.png,5
train/neutral/ffhq_5506.png,7
train/neutral/ffhq_5507.png,6
train/neutral/ffhq_5508.png,2
train/neutral/ffhq_5509.png,6
train/neutral/ffhq_5510.png,0
train/neutral/ffhq_5511.png,2
train/neutral/ffhq_5512.png,3
train/neutral/ffhq_5513.png,0
train/neutral/ffhq_5514.png,0
train/neutral/ffhq_5515.png,6
train/neutral/ffhq_5516.png,7
train/neutral/ffhq_5517.png,1
train/neutral/ffhq_5518.png,5
train/neutral/ffhq_5519.png,7
train/neutral/ffhq_5520.png,5
train/neutral/ffhq_5521.png,0
train/neutral/ffhq_5522.png,2
train/neutral/ffhq_5523.png,0
train/neutral/ffhq_5524.png,2
train/neutral/ffhq_5525.png,3
train/neutral/ffhq_5526.png,5
train/neutral/ffhq_5527.png,3
train/neutral/ffhq_5528.png,0
train/neutral/ffhq_5529.png,5
train/neutral/ffhq_5530.png,7
train/neutral/ffhq_5531.png,0
train/neutral/ffhq_5532.png,2
train/neutral/ffhq_5533.png,0
train/neutral/ffhq_5534.png,6
train/neutral/ffhq_5535.png,0
train/neutral/ffhq_5536.png,2
train/neutral/ffhq_5537.png,7
train/neutral/ffhq_5538.png,0
train/neutral/ffhq_5539.png,2
train/neutral/ffhq_5540.png,3
train/neutral/ffhq_5541.png,6
train/neutral/ffhq_5542.png,5
train/neutral/ffhq_5543.png,0
train/neutral/ffhq_5544.png,0
train/neutral/ffhq_5545.png,0
train/neutral/ffhq_5546.png,2
train/neutral/ffhq_5547.png,7
train/neutral/ffhq_5548.png,2
train/neutral/ffhq_5549.png,2
train/neutral/ffhq_5550.png,6
train/neutral/ffhq_5551.png,0
train/neutral/ffhq_5552.png,5
train/neutral/ffhq_5553.png,0
train/neutral/ffhq_5554.png,7
train/neutral/ffhq_5555.png,0
train/neutral/ffhq_5556.png,0
train/neutral/ffhq_5557.png,0
train/neutral/ffhq_5558.png,5
train/neutral/ffhq_5559.png,0
train/neutral/ffhq_5560.png,0
train/neutral/ffhq_5561.png,0
train/neutral/ffhq_5562.png,0
train/neutral/ffhq_5563.png,0
train/neutral/ffhq_5564.png,0
train/neutral/ffhq_5565.png,0
train/neutral/ffhq_5566.png,0
train/neutral/ffhq_5567.png,0
train/neutral/ffhq_5568.png,3
train/neutral/ffhq_5569.png,6
train/neutral/ffhq_5570.png,0
train/neutral/ffhq_5571.png,5
train/neutral/ffhq_5572.png,0
train/neutral/ffhq_5573.png,3
train/neutral/ffhq_5574.png,0
train/neutral/ffhq_5575.png,0
train/neutral/ffhq_5576.png,6
train/neutral/ffhq_5577.png,3
train/neutral/ffhq_5578.png,2
train/neutral/ffhq_5579.png,2
train/neutral/ffhq_5580.png,7
train/neutral/ffhq_5581.png,3
train/neutral/ffhq_5582.png,3
train/neutral/ffhq_5583.png,7
train/neutral/ffhq_5584.png,2
train/neutral/ffhq_5585.png,0
train/neutral/ffhq_5586.png,0
train/neutral/ffhq_5587.png,5
train/neutral/ffhq_5588.png,0
train/neutral/ffhq_5589.png,4
train/neutral/ffhq_5590.png,0
train/neutral/ffhq_5591.png,2
train/neutral/ffhq_5592.png,3
train/neutral/ffhq_5593.png,2
train/neutral/ffhq_5594.png,2
train/neutral/ffhq_5595.png,2
train/neutral/ffhq_5596.png,0
train/neutral/ffhq_5597.png,5
train/neutral/ffhq_5598.png,6
train/neutral/ffhq_5599.png,5
train/neutral/ffhq_5600.png,2
train/neutral/ffhq_5601.png,0
train/neutral/ffhq_5602.png,7
train/neutral/ffhq_5603.png,0
train/neutral/ffhq_5604.png,3
train/neutral/ffhq_5605.png,0
train/neutral/ffhq_5606.png,0
train/neutral/ffhq_5607.png,1
train/neutral/ffhq_5608.png,7
train/neutral/ffhq_5609.png,3
train/neutral/ffhq_5610.png,0
train/neutral/ffhq_5611.png,0
train/neutral/ffhq_5612.png,6
train/neutral/ffhq_5613.png,3
train/neutral/ffhq_5614.png,0
train/neutral/ffhq_5615.png,0
train/neutral/ffhq_5616.png,0
train/neutral/ffhq_5617.png,0
train/neutral/ffhq_5618.png,7
train/neutral/ffhq_5619.png,7
train/neutral/ffhq_5620.png,3
train/neutral/ffhq_5621.png,2
train/neutral/ffhq_5622.png,6
train/neutral/ffhq_5623.png,6
train/neutral/ffhq_5624.png,3
train/neutral/ffhq_5625.png,6
train/neutral/ffhq_5626.png,3
train/neutral/ffhq_5627.png,0
train/neutral/ffhq_5628.png,2
train/neutral/ffhq_5629.png,2
train/neutral/ffhq_5630.png,0
train/neutral/ffhq_5631.png,7
train/neutral/ffhq_5632.png,4
train/neutral/ffhq_5633.png,3
train/neutral/ffhq_5634.png,0
train/neutral/ffhq_5635.png,7
train/neutral/ffhq_5636.png,7
train/neutral/ffhq_5637.png,6
train/neutral/ffhq_5638.png,6
train/neutral/ffhq_5639.png,6
train/neutral/ffhq_5640.png,3
train/neutral/ffhq_5641.png,0
train/neutral/ffhq_5642.png,2
train/neutral/ffhq_5643.png,5
train/neutral/ffhq_5644.png,6
train/neutral/ffhq_5645.png,7
train/neutral/ffhq_5646.png,6
train/neutral/ffhq_5647.png,3
train/neutral/ffhq_5648.png,0
train/neutral/ffhq_5649.png,0
train/neutral/ffhq_5650.png,5
train/neutral/ffhq_5651.png,3
train/neutral/ffhq_5653.png,0
train/neutral/ffhq_5654.png,7
train/neutral/ffhq_5655.png,6
train/neutral/ffhq_5656.png,5
train/neutral/ffhq_5657.png,6
train/neutral/ffhq_5658.png,6
train/neutral/ffhq_5659.png,5
train/neutral/ffhq_5660.png,7
train/neutral/ffhq_5661.png,7
train/neutral/ffhq_5662.png,0
train/neutral/ffhq_5663.png,3
train/neutral/ffhq_5664.png,3
train/neutral/image0000879.jpg,7
train/neutral/image0000939.jpg,7
train/neutral/image0002899.jpg,5
train/neutral/image0006632.jpg,2
train/neutral/image0006723.jpg,2
train/neutral/image0010108.jpg,0
train/neutral/image0013985.jpg,2
train/neutral/image0013998.jpg,6
train/neutral/image0014042.jpg,0
train/neutral/image0014239.jpg,6
train/neutral/image0014283.jpg,6
train/neutral/image0014286.jpg,0
train/neutral/image0014465.jpg,0
train/neutral/image0014476.jpg,0
train/neutral/image0014496.jpg,0
train/neutral/image0014532.jpg,0
train/neutral/image0014758.jpg,2
train/neutral/image0014997.jpg,0
train/neutral/image0015048.jpg,6
train/neutral/image0015250.jpg,6
train/neutral/image0015262.jpg,0
train/neutral/image0015342.jpg,6
train/neutral/image0015462.jpg,6
train/neutral/image0015510.jpg,0
train/neutral/image0015518.jpg,6
train/neutral/image0015635.jpg,6
train/neutral/image0015697.jpg,3
train/neutral/image0016093.jpg,0
train/neutral/image0016112.jpg,3
train/neutral/image0016125.jpg,6
train/neutral/image0016153.jpg,7
train/neutral/image0016197.jpg,6
train/neutral/image0016322.jpg,2
train/neutral/image0016706.jpg,7
train/neutral/image0016793.jpg,0
train/neutral/image0018903.jpg,0
train/neutral/image0021813.jpg,7
train/neutral/image0021856.jpg,0
train/neutral/image0021886.jpg,0
train/neutral/image0021913.jpg,6
train/neutral/image0022220.jpg,6
train/neutral/image0022287.jpg,6
train/neutral/image0022295.jpg,2
train/neutral/image0022352.jpg,6
train/neutral/image0022379.jpg,4
train/neutral/image0022384.jpg,7
train/neutral/image0022536.jpg,2
train/neutral/image0022731.jpg,2
train/neutral/image0022736.jpg,4
train/neutral/image0022739.jpg,2
train/neutral/image0022873.jpg,0
train/neutral/image0023293.jpg,2
train/neutral/image0024448.jpg,5
train/neutral/image0027781.jpg,2
train/neutral/image0027804.jpg,6
train/neutral/image0028007.jpg,0
train/neutral/image0029002.jpg,6
train/neutral/image0029148.jpg,5
train/neutral/image0030755.jpg,3
train/neutral/image0030786.jpg,5
train/neutral/image0030852.jpg,7
train/neutral/image0030861.jpg,1
train/neutral/image0030914.jpg,3
train/neutral/image0030963.jpg,0
train/neutral/image0030988.jpg,0
train/neutral/image0030989.jpg,0
train/neutral/image0031226.jpg,6
train/neutral/image0031251.jpg,0
train/neutral/image0031290.jpg,3
train/neutral/image0031458.jpg,6
train/neutral/image0031590.jpg,0
train/neutral/image0031666.jpg,3
train/neutral/image0031768.jpg,0
train/neutral/image0031779.jpg,6
train/neutral/image0031787.jpg,6
train/neutral/image0031841.jpg,0
train/neutral/image0032112.jpg,2
train/neutral/image0032130.jpg,4
train/neutral/image0032152.jpg,2
train/neutral/image0032187.jpg,5
train/neutral/image0032224.jpg,0
train/neutral/image0032248.jpg,0
train/neutral/image0032272.jpg,2
train/neutral/image0032326.jpg,3
train/neutral/image0032330.jpg,3
train/neutral/image0032335.jpg,5
train/neutral/image0032343.jpg,3
train/neutral/image0032405.jpg,3
train/neutral/image0032414.jpg,3
train/neutral/image0032477.jpg,3
train/neutral/image0032490.jpg,3
train/neutral/image0032495.jpg,0
train/neutral/image0032511.jpg,7
train/neutral/image0032517.jpg,6
train/neutral/image0032523.jpg,3
train/neutral/image0032693.jpg,4
train/neutral/image0032769.jpg,3
train/neutral/image0032772.jpg,6
train/neutral/image0032861.jpg,6
train/neutral/image0032874.jpg,3
train/neutral/image0032882.jpg,0
train/neutral/image0032905.jpg,3
train/neutral/image0032920.jpg,3
train/neutral/image0033249.jpg,3
train/neutral/image0033250.jpg,0
train/neutral/image0037009.jpg,0
train/neutral/image0037425.jpg,0
train/neutral/image0037645.jpg,3
train/neutral/image0037703.jpg,6
train/neutral/image0037769.jpg,5
train/neutral/image0037827.jpg,5
train/neutral/image0040535.jpg,7
train/neutral/image0041122.jpg,0
train/neutral/image0041520.jpg,0
train/neutral/image0041848.jpg,5
train/neutral/original_result.jpg,7
train/sad/image0000013.jpg,2
train/sad/image0000027.jpg,6
train/sad/image0000028.jpg,2
train/sad/image0000047.jpg,4
train/sad/image0000073.jpg,2
train/sad/image0000093.jpg,2
train/sad/image0000096.jpg,2
train/sad/image0000111.jpg,3
train/sad/image0000118.jpg,2
train/sad/image0000145.jpg,2
train/sad/image0000162.jpg,4
train/sad/image0000163.jpg,2
train/sad/image0000179.jpg,2
train/sad/image0000219.jpg,2
train/sad/image0000244.jpg,2
train/sad/image0000274.jpg,2
train/sad/image0000276.jpg,2
train/sad/image0000290.jpg,2
train/sad/image0000311.jpg,2
train/sad/image0000323.jpg,3
train/sad/image0000327.jpg,2
train/sad/image0000354.jpg,0
train/sad/image0000362.jpg,7
train/sad/image0000372.jpg,2
train/sad/image0000383.jpg,2
train/sad/image0000497.jpg,4
train/sad/image0000518.jpg,3
train/sad/image0000539.jpg,3
train/sad/image0000556.jpg,3
train/sad/image0000563.jpg,3
train/sad/image0000588.jpg,3
train/sad/image0000628.jpg,6
train/sad/image0000704.jpg,2
train/sad/image0000710.jpg,5
train/sad/image0000721.jpg,2
train/sad/image0000768.jpg,2
train/sad/image0000883.jpg,2
train/sad/image0000933.jpg,2
train/sad/image0000971.jpg,2
train/sad/image0000977.jpg,4
train/sad/image0000986.jpg,4
train/sad/image0000991.jpg,2
train/sad/image0001002.jpg,5
train/sad/image0001030.jpg,1
train/sad/image0001037.jpg,2
train/sad/image0001187.jpg,2
train/sad/image0001214.jpg,2
train/sad/image0001227.jpg,6
train/sad/image0001237.jpg,4
train/sad/image0001252.jpg,2
train/sad/image0001266.jpg,2
train/sad/image0001273.jpg,0
train/sad/image0001275.jpg,5
train/sad/image0001294.jpg,6
train/sad/image0001308.jpg,2
train/sad/image0001320.jpg,2
train/sad/image0001329.jpg,2
train/sad/image0001342.jpg,2
train/sad/image0001382.jpg,0
train/sad/image0001415.jpg,5
train/sad/image0001422.jpg,2
train/sad/image0001501.jpg,2
train/sad/image0001502.jpg,2
train/sad/image0001503.jpg,2
train/sad/image0001559.jpg,2
train/sad/image0001569.jpg,2
train/sad/image0001574.jpg,7
train/sad/image0001584.jpg,2
train/sad/image0001602.jpg,2
train/sad/image0001610.jpg,0
train/sad/image0001737.jpg,5
train/sad/image0001748.jpg,2
train/sad/image0001759.jpg,2
train/sad/image0001800.jpg,2
train/sad/image0001819.jpg,2
train/sad/image0001837.jpg,2
train/sad/image0001842.jpg,2
train/sad/image0001853.jpg,2
train/sad/image0001897.jpg,2
train/sad/image0001919.jpg,2
train/sad/image0001930.jpg,2
train/sad/image0001948.jpg,2
train/sad/image0001971.jpg,2
train/sad/image0001976.jpg,2
train/sad/image0001980.jpg,5
train/sad/image0001985.jpg,2
train/sad/image0001986.jpg,2
train/sad/image0002051.jpg,5
train/sad/image0002061.jpg,2
train/sad/image0002086.jpg,2
train/sad/image0002094.jpg,0
train/sad/image0002134.jpg,0
train/sad/image0002148.jpg,2
train/sad/image0002152.jpg,6
train/sad/image0002169.jpg,2
train/sad/image0002210.jpg,5
train/sad/image0002224.jpg,2
train/sad/image0002226.jpg,4
train/sad/image0002242.jpg,2
train/sad/image0002256.jpg,5
train/sad/image0002265.jpg,2
train/sad/image0002276.jpg,2
train/sad/image0002304.jpg,0
train/sad/image0002385.jpg,3
train/sad/image0002414.jpg,2
train/sad/image0002418.jpg,4
train/sad/image0002436.jpg,2
train/sad/image0002450.jpg,2
train/sad/image0002455.jpg,7
train/sad/image0002478.jpg,0
train/sad/image0002489.jpg,2
train/sad/image0002490.jpg,7
train/sad/image0002517.jpg,2
train/sad/image0002523.jpg,2
train/sad/image0002531.jpg,6
train/sad/image0002576.jpg,2
train/sad/image0002582.jpg,2
train/sad/image0002595.jpg,6
train/sad/image0002601.jpg,2
train/sad/image0002606.jpg,4
train/sad/image0002651.jpg,2
train/sad/image0002679.jpg,2
train/sad/image0002688.jpg,2
train/sad/image0002723.jpg,3
train/sad/image0002726.jpg,4
train/sad/image0002731.jpg,2
train/sad/image0002784.jpg,7
train/sad/image0002792.jpg,2
train/sad/image0002812.jpg,2
train/sad/image0002821.jpg,2
train/sad/image0002843.jpg,2
train/sad/image0002859.jpg,2
train/sad/image0002875.jpg,2
train/sad/image0002884.jpg,2
train/sad/image0002904.jpg,2
train/sad/image0002924.jpg,0
train/sad/image0002974.jpg,2
train/sad/image0002993.jpg,2
train/sad/image0003001.jpg,5
train/sad/image0003015.jpg,2
train/sad/image0003059.jpg,2
train/sad/image0003066.jpg,2
train/sad/image0003102.jpg,4
train/sad/image0003149.jpg,6
train/sad/image0003196.jpg,2
train/sad/image0003241.jpg,2
train/sad/image0003248.jpg,3
train/sad/image0003253.jpg,2
train/sad/image0003274.jpg,2
train/sad/image0003289.jpg,6
train/sad/image0003297.jpg,2
train/sad/image0003318.jpg,6
train/sad/image0003323.jpg,2
train/sad/image0003386.jpg,3
train/sad/image0003440.jpg,2
train/sad/image0003461.jpg,3
train/sad/image0003489.jpg,2
train/sad/image0003547.jpg,2
train/sad/image0003561.jpg,2
train/sad/image0003578.jpg,3
train/sad/image0003581.jpg,0
train/sad/image0003585.jpg,2
train/sad/image0003603.jpg,2
train/sad/image0003607.jpg,2
train/sad/image0003615.jpg,7
train/sad/image0003634.jpg,2
train/sad/image0003644.jpg,0
train/sad/image0003668.jpg,2
train/sad/image0003722.jpg,4
train/sad/image0003732.jpg,1
train/sad/image0003736.jpg,6
train/sad/image0003765.jpg,2
train/sad/image0003774.jpg,2
train/sad/image0003825.jpg,0
train/sad/image0003846.jpg,2
train/sad/image0003847.jpg,5
train/sad/image0003861.jpg,2
train/sad/image0003867.jpg,2
train/sad/image0003884.jpg,0
train/sad/image0003896.jpg,2
train/sad/image0003897.jpg,4
train/sad/image0003900.jpg,2
train/sad/image0003921.jpg,2
train/sad/image0003944.jpg,0
train/sad/image0003967.jpg,2
train/sad/image0003990.jpg,5
train/sad/image0004019.jpg,6
train/sad/image0004052.jpg,2
train/sad/image0004069.jpg,2
train/sad/image0004094.jpg,2
train/sad/image0004101.jpg,2
train/sad/image0004115.jpg,2
train/sad/image0004119.jpg,3
train/sad/image0004123.jpg,5
train/sad/image0004138.jpg,2
train/sad/image0004201.jpg,7
train/sad/image0004250.jpg,5
train/sad/image0004289.jpg,2
train/sad/image0004297.jpg,6
train/sad/image0004426.jpg,2
train/sad/image0004490.jpg,5
train/sad/image0004498.jpg,2
train/sad/image0004510.jpg,4
train/sad/image0004533.jpg,6
train/sad/image0004549.jpg,6
train/sad/image0004551.jpg,2
train/sad/image0004566.jpg,2
train/sad/image0004570.jpg,2
train/sad/image0004581.jpg,2
train/sad/image0004595.jpg,2
train/sad/image0004668.jpg,4
train/sad/image0004693.jpg,2
train/sad/image0004715.jpg,6
train/sad/image0004735.jpg,2
train/sad/image0004794.jpg,4
train/sad/image0004862.jpg,4
train/sad/image0004888.jpg,6
train/sad/image0004897.jpg,2
train/sad/image0004913.jpg,2
train/sad/image0005018.jpg,2
train/sad/image0005028.jpg,2
train/sad/image0005031.jpg,2
train/sad/image0005039.jpg,2
train/sad/image0005047.jpg,2
train/sad/image0005075.jpg,2
train/sad/image0005091.jpg,2
train/sad/image0005113.jpg,6
train/sad/image0005120.jpg,0
train/sad/image0005121.jpg,5
train/sad/image0005153.jpg,2
train/sad/image0005175.jpg,5
train/sad/image0005364.jpg,4
train/sad/image0005386.jpg,2
train/sad/image0005403.jpg,5
train/sad/image0005431.jpg,6
train/sad/image0005449.jpg,2
train/sad/image0005451.jpg,2
train/sad/image0005477.jpg,2
train/sad/image0005478.jpg,5
train/sad/image0005489.jpg,0
train/sad/image0005566.jpg,2
train/sad/image0005582.jpg,3
train/sad/image0005588.jpg,2
train/sad/image0005610.jpg,2
train/sad/image0005613.jpg,2
train/sad/image0005624.jpg,6
train/sad/image0005638.jpg,2
train/sad/image0005639.jpg,7
train/sad/image0005650.jpg,4
train/sad/image0005655.jpg,2
train/sad/image0005661.jpg,4
train/sad/image0005667.jpg,2
train/sad/image0005674.jpg,2
train/sad/image0005696.jpg,2
train/sad/image0005698.jpg,2
train/sad/image0005705.jpg,2
train/sad/image0005708.jpg,2
train/sad/image0005709.jpg,2
train/sad/image0005715.jpg,6
train/sad/image0005743.jpg,4
train/sad/image0005770.jpg,0
train/sad/image0005772.jpg,2
train/sad/image0005789.jpg,5
train/sad/image0005804.jpg,2
train/sad/image0005806.jpg,2
train/sad/image0005809.jpg,6
train/sad/image0005815.jpg,2
train/sad/image0005833.jpg,2
train/sad/image0005835.jpg,0
train/sad/image0005884.jpg,2
train/sad/image0005909.jpg,2
train/sad/image0005941.jpg,2
train/sad/image0005984.jpg,2
train/sad/image0005989.jpg,6
train/sad/image0006018.jpg,2
train/sad/image0006027.jpg,2
train/sad/image0006035.jpg,3
train/sad/image0006049.jpg,2
train/sad/image0006069.jpg,2
train/sad/image0006101.jpg,2
train/sad/image0006107.jpg,2
train/sad/image0006117.jpg,2
train/sad/image0006120.jpg,7
train/sad/image0006154.jpg,2
train/sad/image0006165.jpg,6
train/sad/image0006196.jpg,4
train/sad/image0006202.jpg,5
train/sad/image0006226.jpg,2
train/sad/image0006231.jpg,0
train/sad/image0006235.jpg,2
train/sad/image0006237.jpg,2
train/sad/image0006250.jpg,2
train/sad/image0006252.jpg,0
train/sad/image0006254.jpg,2
train/sad/image0006299.jpg,2
train/sad/image0006304.jpg,2
train/sad/image0006308.jpg,6
train/sad/image0006341.jpg,6
train/sad/image0006395.jpg,2
train/sad/image0006396.jpg,2
train/sad/image0006411.jpg,0
train/sad/image0006424.jpg,2
train/sad/image0006444.jpg,2
train/sad/image0006498.jpg,2
train/sad/image0006511.jpg,4
train/sad/image0006515.jpg,2
train/sad/image0006531.jpg,6
train/sad/image0006535.jpg,2
train/sad/image0006556.jpg,2
train/sad/image0006580.jpg,2
train/sad/image0006593.jpg,2
train/sad/image0006595.jpg,3
train/sad/image0006612.jpg,2
train/sad/image0006623.jpg,2
train/sad/image0006626.jpg,0
train/sad/image0006642.jpg,2
train/sad/image0006646.jpg,2
train/sad/image0006678.jpg,3
train/sad/image0006736.jpg,5
train/sad/image0006777.jpg,2
train/sad/image0006787.jpg,2
train/sad/image0006883.jpg,2
train/sad/image0006897.jpg,2
train/sad/image0006940.jpg,0
train/sad/image0006963.jpg,2
train/sad/image0006982.jpg,6
train/sad/image0007062.jpg,0
train/sad/image0007074.jpg,2
train/sad/image0007080.jpg,0
train/sad/image0007095.jpg,2
train/sad/image0007103.jpg,2
train/sad/image0007113.jpg,0
train/sad/image0007157.jpg,0
train/sad/image0007162.jpg,4
train/sad/image0007165.jpg,6
train/sad/image0007171.jpg,2
train/sad/image0007185.jpg,6
train/sad/image0007234.jpg,2
train/sad/image0007246.jpg,2
train/sad/image0007257.jpg,5
train/sad/image0007270.jpg,2
train/sad/image0007279.jpg,2
train/sad/image0007300.jpg,2
train/sad/image0007311.jpg,4
train/sad/image0007337.jpg,0
train/sad/image0007355.jpg,2
train/sad/image0007363.jpg,2
train/sad/image0007403.jpg,0
train/sad/image0007438.jpg,2
train/sad/image0007477.jpg,2
train/sad/image0007507.jpg,2
train/sad/image0007545.jpg,2
train/sad/image0007561.jpg,2
train/sad/image0007568.jpg,4
train/sad/image0007591.jpg,2
train/sad/image0007601.jpg,2
train/sad/image0007623.jpg,5
train/sad/image0007651.jpg,2
train/sad/image0007659.jpg,2
train/sad/image0007713.jpg,2
train/sad/image0007742.jpg,7
train/sad/image0007747.jpg,2
train/sad/image0007757.jpg,4
train/sad/image0007797.jpg,5
train/sad/image0007817.jpg,7
train/sad/image0007820.jpg,0
train/sad/image0007840.jpg,2
train/sad/image0007870.jpg,2
train/sad/image0007887.jpg,7
train/sad/image0007923.jpg,2
train/sad/image0007934.jpg,2
train/sad/image0007937.jpg,5
train/sad/image0007946.jpg,6
train/sad/image0007965.jpg,2
train/sad/image0007971.jpg,2
train/sad/image0007990.jpg,2
train/sad/image0008013.jpg,2
train/sad/image0008064.jpg,2
train/sad/image0008137.jpg,2
train/sad/image0008141.jpg,2
train/sad/image0008170.jpg,2
train/sad/image0008190.jpg,2
train/sad/image0008220.jpg,2
train/sad/image0008223.jpg,2
train/sad/image0008236.jpg,7
train/sad/image0008237.jpg,2
train/sad/image0008262.jpg,5
train/sad/image0008276.jpg,4
train/sad/image0008305.jpg,0
train/sad/image0008317.jpg,2
train/sad/image0008332.jpg,2
train/sad/image0008361.jpg,2
train/sad/image0008401.jpg,2
train/sad/image0008408.jpg,2
train/sad/image0008422.jpg,2
train/sad/image0008447.jpg,4
train/sad/image0008460.jpg,0
train/sad/image0008470.jpg,2
train/sad/image0008508.jpg,2
train/sad/image0008509.jpg,2
train/sad/image0008510.jpg,2
train/sad/image0008549.jpg,6
train/sad/image0008581.jpg,5
train/sad/image0008600.jpg,2
train/sad/image0008641.jpg,5
train/sad/image0008693.jpg,2
train/sad/image0008704.jpg,5
train/sad/image0008872.jpg,6
train/sad/image0008899.jpg,0
train/sad/image0008920.jpg,2
train/sad/image0008926.jpg,6
train/sad/image0008940.jpg,2
train/sad/image0008980.jpg,2
train/sad/image0008991.jpg,2
train/sad/image0008999.jpg,0
train/sad/image0009000.jpg,2
train/sad/image0009010.jpg,2
train/sad/image0009024.jpg,3
train/sad/image0009086.jpg,2
train/sad/image0009095.jpg,4
train/sad/image0009118.jpg,2
train/sad/image0009147.jpg,2
train/sad/image0009161.jpg,2
train/sad/image0009190.jpg,0
train/sad/image0009212.jpg,2
train/sad/image0009255.jpg,7
train/sad/image0009261.jpg,2
train/sad/image0009285.jpg,2
train/sad/image0009290.jpg,7
train/sad/image0009294.jpg,6
train/sad/image0009299.jpg,3
train/sad/image0009312.jpg,2
train/sad/image0009317.jpg,3
train/sad/image0009334.jpg,2
train/sad/image0009335.jpg,0
train/sad/image0009422.jpg,2
train/sad/image0009428.jpg,0
train/sad/image0009527.jpg,2
train/sad/image0009547.jpg,2
train/sad/image0009590.jpg,4
train/sad/image0009594.jpg,6
train/sad/image0009601.jpg,3
train/sad/image0009625.jpg,2
train/sad/image0009638.jpg,4
train/sad/image0009657.jpg,6
train/sad/image0009733.jpg,2
train/sad/image0009757.jpg,2
train/sad/image0009766.jpg,7
train/sad/image0009774.jpg,2
train/sad/image0009776.jpg,0
train/sad/image0009784.jpg,2
train/sad/image0009807.jpg,2
train/sad/image0009856.jpg,2
train/sad/image0009863.jpg,2
train/sad/image0009891.jpg,0
train/sad/image0009932.jpg,2
train/sad/image0009974.jpg,4
train/sad/image0009996.jpg,5
train/sad/image0010138.jpg,2
train/sad/image0010172.jpg,4
train/sad/image0010198.jpg,2
train/sad/image0010206.jpg,2
train/sad/image0010272.jpg,5
train/sad/image0010331.jpg,2
train/sad/image0010360.jpg,2
train/sad/image0010381.jpg,2
train/sad/image0010411.jpg,6
train/sad/image0010419.jpg,6
train/sad/image0010437.jpg,6
train/sad/image0010440.jpg,2
train/sad/image0010451.jpg,2
train/sad/image0010484.jpg,2
train/sad/image0010561.jpg,2
train/sad/image0010593.jpg,2
train/sad/image0010597.jpg,2
train/sad/image0010605.jpg,0
train/sad/image0010608.jpg,2
train/sad/image0010653.jpg,2
train/sad/image0010654.jpg,2
train/sad/image0010665.jpg,2
train/sad/image0010666.jpg,4
train/sad/image0010718.jpg,2
train/sad/image0010753.jpg,2
train/sad/image0010764.jpg,2
train/sad/image0010769.jpg,2
train/sad/image0010801.jpg,2
train/sad/image0010890.jpg,6
train/sad/image0010950.jpg,2
train/sad/image0010959.jpg,2
train/sad/image0010961.jpg,2
train/sad/image0010969.jpg,2
train/sad/image0010972.jpg,2
train/sad/image0011017.jpg,2
train/sad/image0011027.jpg,0
train/sad/image0011035.jpg,2
train/sad/image0011050.jpg,2
train/sad/image0011063.jpg,2
train/sad/image0011067.jpg,2
train/sad/image0011078.jpg,3
train/sad/image0011162.jpg,2
train/sad/image0011170.jpg,3
train/sad/image0011199.jpg,5
train/sad/image0011216.jpg,6
train/sad/image0011273.jpg,4
train/sad/image0011282.jpg,4
train/sad/image0011299.jpg,2
train/sad/image0011308.jpg,2
train/sad/image0011314.jpg,0
train/sad/image0011326.jpg,2
train/sad/image0011335.jpg,2
train/sad/image0011342.jpg,6
train/sad/image0011357.jpg,4
train/sad/image0011358.jpg,2
train/sad/image0011407.jpg,0
train/sad/image0011423.jpg,4
train/sad/image0011445.jpg,5
train/sad/image0011475.jpg,2
train/sad/image0011536.jpg,0
train/sad/image0011542.jpg,2
train/sad/image0011546.jpg,5
train/sad/image0011554.jpg,2
train/sad/image0011674.jpg,2
train/sad/image0011700.jpg,2
train/sad/image0011798.jpg,1
train/sad/image0011800.jpg,2
train/sad/image0011832.jpg,7
train/sad/image0011856.jpg,2
train/sad/image0011860.jpg,2
train/sad/image0011872.jpg,0
train/sad/image0011890.jpg,2
train/sad/image0011894.jpg,2
train/sad/image0011918.jpg,2
train/sad/image0011935.jpg,2
train/sad/image0011976.jpg,2
train/sad/image0011992.jpg,2
train/sad/image0011996.jpg,2
train/sad/image0012009.jpg,6
train/sad/image0012026.jpg,2
train/sad/image0012035.jpg,4
train/sad/image0012083.jpg,2
train/sad/image0012088.jpg,7
train/sad/image0012094.jpg,2
train/sad/image0012100.jpg,7
train/sad/image0012104.jpg,5
train/sad/image0012126.jpg,2
train/sad/image0012135.jpg,2
train/sad/image0012151.jpg,2
train/sad/image0012180.jpg,2
train/sad/image0012192.jpg,2
train/sad/image0012197.jpg,2
train/sad/image0012228.jpg,5
train/sad/image0012272.jpg,2
train/sad/image0012273.jpg,6
train/sad/image0012283.jpg,0
train/sad/image0012301.jpg,2
train/sad/image0012305.jpg,2
train/sad/image0012338.jpg,2
train/sad/image0012343.jpg,2
train/sad/image0012344.jpg,2
train/sad/image0012352.jpg,0
train/sad/image0012360.jpg,6
train/sad/image0012361.jpg,3
train/sad/image0012377.jpg,2
train/sad/image0012389.jpg,2
train/sad/image0012392.jpg,2
train/sad/image0012396.jpg,2
train/sad/image0012402.jpg,2
train/sad/image0012406.jpg,6
train/sad/image0012409.jpg,2
train/sad/image0012445.jpg,6
train/sad/image0012446.jpg,2
train/sad/image0012455.jpg,5
train/sad/image0012459.jpg,2
train/sad/image0012466.jpg,3
train/sad/image0012467.jpg,2
train/sad/image0012492.jpg,2
train/sad/image0012503.jpg,2
train/sad/image0012518.jpg,2
train/sad/image0012523.jpg,2
train/sad/image0012533.jpg,2
train/sad/image0012535.jpg,5
train/sad/image0012540.jpg,4
train/sad/image0012556.jpg,4
train/sad/image0012590.jpg,2
train/sad/image0012596.jpg,2
train/sad/image0012597.jpg,4
train/sad/image0012632.jpg,2
train/sad/image0012667.jpg,2
train/sad/image0012670.jpg,2
train/sad/image0012681.jpg,2
train/sad/image0012720.jpg,2
train/sad/image0012733.jpg,0
train/sad/image0012754.jpg,2
train/sad/image0012764.jpg,5
train/sad/image0012782.jpg,0
train/sad/image0012784.jpg,2
train/sad/image0012790.jpg,2
train/sad/image0012793.jpg,2
train/sad/image0012795.jpg,2
train/sad/image0012796.jpg,2
train/sad/image0012798.jpg,7
train/sad/image0012815.jpg,0
train/sad/image0012820.jpg,3
train/sad/image0012828.jpg,2
train/sad/image0012832.jpg,2
train/sad/image0012836.jpg,2
train/sad/image0012882.jpg,5
train/sad/image0012885.jpg,6
train/sad/image0012900.jpg,2
train/sad/image0012902.jpg,0
train/sad/image0012917.jpg,2
train/sad/image0012923.jpg,0
train/sad/image0012924.jpg,2
train/sad/image0012931.jpg,2
train/sad/image0012940.jpg,5
train/sad/image0012947.jpg,2
train/sad/image0012950.jpg,7
train/sad/image0012985.jpg,2
train/sad/image0012990.jpg,2
train/sad/image0012992.jpg,2
train/sad/image0012997.jpg,3
train/sad/image0013006.jpg,6
train/sad/image0013007.jpg,2
train/sad/image0013019.jpg,5
train/sad/image0013053.jpg,2
train/sad/image0013059.jpg,2
train/sad/image0013066.jpg,0
train/sad/image0013106.jpg,6
train/sad/image0013118.jpg,0
train/sad/image0013120.jpg,2
train/sad/image0013123.jpg,3
train/sad/image0013126.jpg,0
train/sad/image0013134.jpg,2
train/sad/image0013187.jpg,2
train/sad/image0013199.jpg,2
train/sad/image0013202.jpg,2
train/sad/image0013220.jpg,2
train/sad/image0013235.jpg,2
train/sad/image0013249.jpg,2
train/sad/image0013264.jpg,2
train/sad/image0013276.jpg,2
train/sad/image0013298.jpg,2
train/sad/image0013306.jpg,0
train/sad/image0013361.jpg,4
train/sad/image0013403.jpg,0
train/sad/image0013434.jpg,2
train/sad/image0013441.jpg,2
train/sad/image0013443.jpg,2
train/sad/image0013465.jpg,2
train/sad/image0013477.jpg,2
train/sad/image0013487.jpg,2
train/sad/image0013499.jpg,4
train/sad/image0013521.jpg,2
train/sad/image0013528.jpg,2
train/sad/image0013529.jpg,2
train/sad/image0013547.jpg,3
train/sad/image0013548.jpg,2
train/sad/image0013574.jpg,0
train/sad/image0013580.jpg,4
train/sad/image0013582.jpg,7
train/sad/image0013602.jpg,2
train/sad/image0013616.jpg,2
train/sad/image0013619.jpg,2
train/sad/image0013655.jpg,4
train/sad/image0013656.jpg,6
train/sad/image0013661.jpg,2
train/sad/image0013683.jpg,6
train/sad/image0013685.jpg,0
train/sad/image0013697.jpg,6
train/sad/image0013698.jpg,4
train/sad/image0013707.jpg,2
train/sad/image0013711.jpg,2
train/sad/image0013749.jpg,2
train/sad/image0013755.jpg,2
train/sad/image0013779.jpg,2
train/sad/image0013782.jpg,2
train/sad/image0013791.jpg,4
train/sad/image0013792.jpg,2
train/sad/image0013796.jpg,2
train/sad/image0013804.jpg,6
train/sad/image0013824.jpg,6
train/sad/image0013832.jpg,2
train/sad/image0013878.jpg,0
train/sad/image0013888.jpg,6
train/sad/image0013919.jpg,0
train/sad/image0013931.jpg,2
train/sad/image0013937.jpg,6
train/sad/image0013959.jpg,2
train/sad/image0013977.jpg,2
train/sad/image0013978.jpg,2
train/sad/image0013979.jpg,2
train/sad/image0013984.jpg,2
train/sad/image0014002.jpg,2
train/sad/image0014045.jpg,2
train/sad/image0014046.jpg,0
train/sad/image0014050.jpg,2
train/sad/image0014052.jpg,2
train/sad/image0014084.jpg,4
train/sad/image0014103.jpg,2
train/sad/image0014138.jpg,2
train/sad/image0014139.jpg,0
train/sad/image0014145.jpg,2
train/sad/image0014147.jpg,4
train/sad/image0014157.jpg,6
train/sad/image0014173.jpg,0
train/sad/image0014181.jpg,2
train/sad/image0014198.jpg,0
train/sad/image0014205.jpg,0
train/sad/image0014214.jpg,2
train/sad/image0014258.jpg,6
train/sad/image0014263.jpg,2
train/sad/image0014274.jpg,2
train/sad/image0014278.jpg,2
train/sad/image0014285.jpg,2
train/sad/image0014287.jpg,2
train/sad/image0014311.jpg,2
train/sad/image0014327.jpg,2
train/sad/image0014336.jpg,6
train/sad/image0014340.jpg,2
train/sad/image0014347.jpg,2
train/sad/image0014361.jpg,2
train/sad/image0014370.jpg,2
train/sad/image0014373.jpg,3
train/sad/image0014376.jpg,2
train/sad/image0014379.jpg,2
train/sad/image0014382.jpg,2
train/sad/image0014387.jpg,2
train/sad/image0014389.jpg,6
train/sad/image0014395.jpg,2
train/sad/image0014421.jpg,2
train/sad/image0014424.jpg,2
train/sad/image0014434.jpg,0
train/sad/image0014473.jpg,0
train/sad/image0014479.jpg,6
train/sad/image0014485.jpg,2
train/sad/image0014489.jpg,6
train/sad/image0014523.jpg,2
train/sad/image0014531.jpg,4
train/sad/image0014565.jpg,2
train/sad/image0014571.jpg,2
train/sad/image0014584.jpg,2
train/sad/image0014592.jpg,2
train/sad/image0014593.jpg,6
train/sad/image0014615.jpg,5
train/sad/image0014659.jpg,2
train/sad/image0014688.jpg,0
train/sad/image0014691.jpg,2
train/sad/image0014726.jpg,2
train/sad/image0014744.jpg,4
train/sad/image0014752.jpg,2
train/sad/image0014756.jpg,0
train/sad/image0014757.jpg,2
train/sad/image0014778.jpg,4
train/sad/image0014797.jpg,0
train/sad/image0014799.jpg,0
train/sad/image0014802.jpg,6
train/sad/image0014841.jpg,2
train/sad/image0014849.jpg,2
train/sad/image0014851.jpg,7
train/sad/image0014854.jpg,2
train/sad/image0014887.jpg,0
train/sad/image0014914.jpg,5
train/sad/image0014916.jpg,2
train/sad/image0014922.jpg,2
train/sad/image0014931.jpg,2
train/sad/image0014936.jpg,2
train/sad/image0014942.jpg,2
train/sad/image0014946.jpg,2
train/sad/image0014949.jpg,4
train/sad/image0014951.jpg,0
train/sad/image0015015.jpg,2
train/sad/image0015023.jpg,3
train/sad/image0015041.jpg,2
train/sad/image0015052.jpg,2
train/sad/image0015055.jpg,7
train/sad/image0015068.jpg,2
train/sad/image0015074.jpg,6
train/sad/image0015100.jpg,0
train/sad/image0015106.jpg,2
train/sad/image0015124.jpg,2
train/sad/image0015131.jpg,7
train/sad/image0015134.jpg,2
train/sad/image0015136.jpg,2
train/sad/image0015143.jpg,6
train/sad/image0015146.jpg,2
train/sad/image0015157.jpg,6
train/sad/image0015162.jpg,6
train/sad/image0015218.jpg,2
train/sad/image0015227.jpg,0
train/sad/image0015232.jpg,2
train/sad/image0015239.jpg,3
train/sad/image0015261.jpg,6
train/sad/image0015264.jpg,2
train/sad/image0015266.jpg,4
train/sad/image0015292.jpg,2
train/sad/image0015303.jpg,2
train/sad/image0015317.jpg,2
train/sad/image0015325.jpg,5
train/sad/image0015328.jpg,2
train/sad/image0015335.jpg,3
train/sad/image0015357.jpg,2
train/sad/image0015370.jpg,2
train/sad/image0015373.jpg,5
train/sad/image0015377.jpg,6
train/sad/image0015388.jpg,0
train/sad/image0015402.jpg,2
train/sad/image0015403.jpg,7
train/sad/image0015415.jpg,2
train/sad/image0015430.jpg,2
train/sad/image0015440.jpg,2
train/sad/image0015442.jpg,3
train/sad/image0015455.jpg,6
train/sad/image0015465.jpg,2
train/sad/image0015467.jpg,2
train/sad/image0015483.jpg,4
train/sad/image0015485.jpg,6
train/sad/image0015491.jpg,1
train/sad/image0015494.jpg,0
train/sad/image0015496.jpg,6
train/sad/image0015505.jpg,2
train/sad/image0015536.jpg,6
train/sad/image0015546.jpg,1
train/sad/image0015574.jpg,2
train/sad/image0015613.jpg,2
train/sad/image0015618.jpg,4
train/sad/image0015632.jpg,4
train/sad/image0015646.jpg,2
train/sad/image0015648.jpg,6
train/sad/image0015656.jpg,2
train/sad/image0015667.jpg,2
train/sad/image0015681.jpg,2
train/sad/image0015685.jpg,2
train/sad/image0015715.jpg,2
train/sad/image0015728.jpg,2
train/sad/image0015731.jpg,2
train/sad/image0015737.jpg,6
train/sad/image0015738.jpg,3
train/sad/image0015751.jpg,6
train/sad/image0015752.jpg,2
train/sad/image0015754.jpg,3
train/sad/image0015756.jpg,2
train/sad/image0015769.jpg,2
train/sad/image0015793.jpg,6
train/sad/image0015795.jpg,0
train/sad/image0015811.jpg,7
train/sad/image0015816.jpg,6
train/sad/image0015817.jpg,2
train/sad/image0015835.jpg,2
train/sad/image0015853.jpg,2
train/sad/image0015854.jpg,2
train/sad/image0015865.jpg,6
train/sad/image0015867.jpg,0
train/sad/image0015875.jpg,4
train/sad/image0015909.jpg,2
train/sad/image0015942.jpg,2
train/sad/image0015968.jpg,6
train/sad/image0015973.jpg,2
train/sad/image0015981.jpg,4
train/sad/image0016020.jpg,2
train/sad/image0016054.jpg,2
train/sad/image0016065.jpg,2
train/sad/image0016111.jpg,2
train/sad/image0016135.jpg,2
train/sad/image0016141.jpg,2
train/sad/image0016175.jpg,2
train/sad/image0016182.jpg,1
train/sad/image0016204.jpg,2
train/sad/image0016207.jpg,6
train/sad/image0016219.jpg,2
train/sad/image0016225.jpg,7
train/sad/image0016231.jpg,0
train/sad/image0016237.jpg,2
train/sad/image0016272.jpg,2
train/sad/image0016278.jpg,2
train/sad/image0016279.jpg,3
train/sad/image0016304.jpg,0
train/sad/image0016317.jpg,6
train/sad/image0016331.jpg,2
train/sad/image0016341.jpg,2
train/sad/image0016342.jpg,2
train/sad/image0016355.jpg,2
train/sad/image0016357.jpg,2
train/sad/image0016362.jpg,0
train/sad/image0016379.jpg,2
train/sad/image0016380.jpg,2
train/sad/image0016398.jpg,3
train/sad/image0016404.jpg,2
train/sad/image0016449.jpg,4
train/sad/image0016454.jpg,2
train/sad/image0016469.jpg,0
train/sad/image0016471.jpg,0
train/sad/image0016509.jpg,0
train/sad/image0016524.jpg,3
train/sad/image0016551.jpg,6
train/sad/image0016553.jpg,2
train/sad/image0016555.jpg,2
train/sad/image0016561.jpg,2
train/sad/image0016564.jpg,6
train/sad/image0016587.jpg,2
train/sad/image0016588.jpg,0
train/sad/image0016594.jpg,2
train/sad/image0016595.jpg,2
train/sad/image0016596.jpg,5
train/sad/image0016599.jpg,2
train/sad/image0016607.jpg,2
train/sad/image0016619.jpg,2
train/sad/image0016627.jpg,2
train/sad/image0016633.jpg,2
train/sad/image0016639.jpg,2
train/sad/image0016649.jpg,0
train/sad/image0016654.jpg,2
train/sad/image0016667.jpg,2
train/sad/image0016675.jpg,2
train/sad/image0016677.jpg,2
train/sad/image0016679.jpg,4
train/sad/image0016713.jpg,6
train/sad/image0016714.jpg,3
train/sad/image0016728.jpg,2
train/sad/image0016731.jpg,2
train/sad/image0016751.jpg,0
train/sad/image0016787.jpg,5
train/sad/image0016799.jpg,0
train/sad/image0016803.jpg,2
train/sad/image0016808.jpg,2
train/sad/image0016822.jpg,2
train/sad/image0016826.jpg,2
train/sad/image0016832.jpg,5
train/sad/image0016834.jpg,3
train/sad/image0016856.jpg,0
train/sad/image0016863.jpg,2
train/sad/image0016864.jpg,5
train/sad/image0016908.jpg,2
train/sad/image0016909.jpg,2
train/sad/image0016936.jpg,6
train/sad/image0016938.jpg,2
train/sad/image0016943.jpg,5
train/sad/image0016946.jpg,0
train/sad/image0016974.jpg,5
train/sad/image0016982.jpg,4
train/sad/image0016989.jpg,2
train/sad/image0016995.jpg,4
train/sad/image0016997.jpg,6
train/sad/image0017004.jpg,2
train/sad/image0017011.jpg,2
train/sad/image0017018.jpg,2
train/sad/image0017028.jpg,2
train/sad/image0017030.jpg,2
train/sad/image0017044.jpg,2
train/sad/image0017050.jpg,0
train/sad/image0017060.jpg,4
train/sad/image0017124.jpg,4
train/sad/image0017131.jpg,0
train/sad/image0017170.jpg,2
train/sad/image0017194.jpg,2
train/sad/image0017220.jpg,2
train/sad/image0017235.jpg,6
train/sad/image0017238.jpg,2
train/sad/image0017241.jpg,2
train/sad/image0017246.jpg,2
train/sad/image0017248.jpg,2
train/sad/image0017271.jpg,2
train/sad/image0017275.jpg,0
train/sad/image0017281.jpg,0
train/sad/image0017297.jpg,4
train/sad/image0017308.jpg,4
train/sad/image0017322.jpg,2
train/sad/image0017340.jpg,6
train/sad/image0017349.jpg,2
train/sad/image0017360.jpg,2
train/sad/image0017366.jpg,6
train/sad/image0017377.jpg,5
train/sad/image0017378.jpg,6
train/sad/image0017380.jpg,2
train/sad/image0017407.jpg,2
train/sad/image0017416.jpg,0
train/sad/image0017417.jpg,4
train/sad/image0017445.jpg,0
train/sad/image0017452.jpg,2
train/sad/image0017464.jpg,4
train/sad/image0017468.jpg,2
train/sad/image0017471.jpg,2
train/sad/image0017473.jpg,2
train/sad/image0017477.jpg,2
train/sad/image0017480.jpg,2
train/sad/image0017483.jpg,2
train/sad/image0017484.jpg,2
train/sad/image0017486.jpg,2
train/sad/image0017496.jpg,2
train/sad/image0017498.jpg,0
train/sad/image0017501.jpg,5
train/sad/image0017524.jpg,2
train/sad/image0017535.jpg,7
train/sad/image0017549.jpg,3
train/sad/image0017552.jpg,2
train/sad/image0017557.jpg,5
train/sad/image0017579.jpg,5
train/sad/image0017604.jpg,2
train/sad/image0017609.jpg,2
train/sad/image0017612.jpg,2
train/sad/image0017613.jpg,0
train/sad/image0017614.jpg,2
train/sad/image0017617.jpg,2
train/sad/image0017620.jpg,2
train/sad/image0017624.jpg,2
train/sad/image0017630.jpg,2
train/sad/image0017632.jpg,2
train/sad/image0017637.jpg,2
train/sad/image0017643.jpg,2
train/sad/image0017657.jpg,2
train/sad/image0017673.jpg,0
train/sad/image0017687.jpg,6
train/sad/image0017690.jpg,2
train/sad/image0017701.jpg,2
train/sad/image0017703.jpg,2
train/sad/image0017716.jpg,4
train/sad/image0017723.jpg,2
train/sad/image0017733.jpg,2
train/sad/image0017734.jpg,2
train/sad/image0017735.jpg,3
train/sad/image0017758.jpg,2
train/sad/image0017773.jpg,2
train/sad/image0017776.jpg,2
train/sad/image0017782.jpg,6
train/sad/image0017796.jpg,2
train/sad/image0017797.jpg,2
train/sad/image0017804.jpg,2
train/sad/image0017827.jpg,7
train/sad/image0017828.jpg,5
train/sad/image0017831.jpg,6
train/sad/image0017852.jpg,2
train/sad/image0017860.jpg,2
train/sad/image0017864.jpg,2
train/sad/image0017874.jpg,2
train/sad/image0017875.jpg,3
train/sad/image0017877.jpg,2
train/sad/image0017881.jpg,0
train/sad/image0017901.jpg,0
train/sad/image0017904.jpg,6
train/sad/image0017910.jpg,5
train/sad/image0017914.jpg,6
train/sad/image0017916.jpg,2
train/sad/image0017921.jpg,0
train/sad/image0017924.jpg,0
train/sad/image0017946.jpg,2
train/sad/image0017950.jpg,2
train/sad/image0017956.jpg,6
train/sad/image0017958.jpg,2
train/sad/image0017967.jpg,6
train/sad/image0017977.jpg,2
train/sad/image0017981.jpg,5
train/sad/image0017990.jpg,2
train/sad/image0017991.jpg,4
train/sad/image0017994.jpg,2
train/sad/image0017995.jpg,2
train/sad/image0018000.jpg,2
train/sad/image0018006.jpg,2
train/sad/image0018026.jpg,2
train/sad/image0018037.jpg,2
train/sad/image0018047.jpg,2
train/sad/image0018049.jpg,2
train/sad/image0018053.jpg,4
train/sad/image0018057.jpg,2
train/sad/image0018062.jpg,0
train/sad/image0018083.jpg,2
train/sad/image0018098.jpg,2
train/sad/image0018103.jpg,0
train/sad/image0018109.jpg,6
train/sad/image0018117.jpg,4
train/sad/image0018120.jpg,2
train/sad/image0018132.jpg,6
train/sad/image0018134.jpg,2
train/sad/image0018137.jpg,2
train/sad/image0018153.jpg,2
train/sad/image0018166.jpg,6
train/sad/image0018167.jpg,2
train/sad/image0018181.jpg,2
train/sad/image0018194.jpg,2
train/sad/image0018205.jpg,6
train/sad/image0018210.jpg,2
train/sad/image0018216.jpg,2
train/sad/image0018219.jpg,2
train/sad/image0018237.jpg,2
train/sad/image0018260.jpg,2
train/sad/image0018266.jpg,4
train/sad/image0018272.jpg,2
train/sad/image0018287.jpg,2
train/sad/image0018292.jpg,2
train/sad/image0018302.jpg,2
train/sad/image0018308.jpg,2
train/sad/image0018309.jpg,2
train/sad/image0018312.jpg,2
train/sad/image0018314.jpg,2
train/sad/image0018315.jpg,7
train/sad/image0018316.jpg,2
train/sad/image0018319.jpg,5
train/sad/image0018322.jpg,2
train/sad/image0018340.jpg,2
train/sad/image0018349.jpg,2
train/sad/image0018366.jpg,0
train/sad/image0018374.jpg,2
train/sad/image0018376.jpg,6
train/sad/image0018393.jpg,2
train/sad/image0018394.jpg,4
train/sad/image0018396.jpg,3
train/sad/image0018398.jpg,2
train/sad/image0018403.jpg,2
train/sad/image0018409.jpg,2
train/sad/image0018415.jpg,5
train/sad/image0018416.jpg,2
train/sad/image0018422.jpg,0
train/sad/image0018434.jpg,2
train/sad/image0018437.jpg,7
train/sad/image0018441.jpg,4
train/sad/image0018442.jpg,2
train/sad/image0018454.jpg,2
train/sad/image0018465.jpg,2
train/sad/image0018468.jpg,4
train/sad/image0018483.jpg,5
train/sad/image0018485.jpg,2
train/sad/image0018498.jpg,5
train/sad/image0018501.jpg,2
train/sad/image0018502.jpg,6
train/sad/image0018525.jpg,2
train/sad/image0018527.jpg,7
train/sad/image0018548.jpg,0
train/sad/image0018560.jpg,2
train/sad/image0018561.jpg,5
train/sad/image0018571.jpg,5
train/sad/image0018586.jpg,5
train/sad/image0018587.jpg,6
train/sad/image0018591.jpg,5
train/sad/image0018595.jpg,2
train/sad/image0018597.jpg,2
train/sad/image0018627.jpg,2
train/sad/image0018630.jpg,0
train/sad/image0018645.jpg,2
train/sad/image0018655.jpg,3
train/sad/image0018663.jpg,2
train/sad/image0018672.jpg,2
train/sad/image0018681.jpg,6
train/sad/image0018686.jpg,2
train/sad/image0018687.jpg,2
train/sad/image0018692.jpg,4
train/sad/image0018695.jpg,2
train/sad/image0018696.jpg,2
train/sad/image0018700.jpg,2
train/sad/image0018730.jpg,2
train/sad/image0018735.jpg,2
train/sad/image0018736.jpg,5
train/sad/image0018739.jpg,2
train/sad/image0018764.jpg,5
train/sad/image0018768.jpg,6
train/sad/image0018769.jpg,6
train/sad/image0018771.jpg,0
train/sad/image0018784.jpg,5
train/sad/image0018791.jpg,2
train/sad/image0018800.jpg,2
train/sad/image0018801.jpg,2
train/sad/image0018805.jpg,2
train/sad/image0018818.jpg,0
train/sad/image0018821.jpg,2
train/sad/image0018822.jpg,2
train/sad/image0018823.jpg,3
train/sad/image0018825.jpg,3
train/sad/image0018826.jpg,4
train/sad/image0018832.jpg,7
train/sad/image0018837.jpg,2
train/sad/image0018863.jpg,3
train/sad/image0018876.jpg,4
train/sad/image0018884.jpg,2
train/sad/image0018900.jpg,0
train/sad/image0018911.jpg,2
train/sad/image0018920.jpg,2
train/sad/image0018922.jpg,2
train/sad/image0018925.jpg,6
train/sad/image0018940.jpg,0
train/sad/image0018945.jpg,2
train/sad/image0018948.jpg,2
train/sad/image0018970.jpg,2
train/sad/image0018977.jpg,0
train/sad/image0018982.jpg,2
train/sad/image0018992.jpg,6
train/sad/image0019028.jpg,4
train/sad/image0019034.jpg,2
train/sad/image0019035.jpg,7
train/sad/image0019068.jpg,3
train/sad/image0019074.jpg,6
train/sad/image0019077.jpg,2
train/sad/image0019079.jpg,2
train/sad/image0019084.jpg,2
train/sad/image0019085.jpg,2
train/sad/image0019088.jpg,6
train/sad/image0019089.jpg,0
train/sad/image0019092.jpg,2
train/sad/image0019097.jpg,0
train/sad/image0019099.jpg,2
train/sad/image0019108.jpg,2
train/sad/image0019111.jpg,2
train/sad/image0019114.jpg,2
train/sad/image0019119.jpg,7
train/sad/image0019122.jpg,7
train/sad/image0019135.jpg,2
train/sad/image0019141.jpg,4
train/sad/image0019149.jpg,6
train/sad/image0019152.jpg,6
train/sad/image0019154.jpg,4
train/sad/image0019155.jpg,2
train/sad/image0019161.jpg,6
train/sad/image0019163.jpg,7
train/sad/image0019167.jpg,2
train/sad/image0019170.jpg,2
train/sad/image0019197.jpg,2
train/sad/image0019198.jpg,2
train/sad/image0019204.jpg,2
train/sad/image0019212.jpg,2
train/sad/image0019213.jpg,3
train/sad/image0019220.jpg,2
train/sad/image0019226.jpg,2
train/sad/image0019235.jpg,6
train/sad/image0019253.jpg,2
train/sad/image0019259.jpg,4
train/sad/image0019273.jpg,6
train/sad/image0019282.jpg,2
train/sad/image0019285.jpg,2
train/sad/image0019292.jpg,4
train/sad/image0019295.jpg,2
train/sad/image0019304.jpg,2
train/sad/image0019306.jpg,2
train/sad/image0019313.jpg,2
train/sad/image0019315.jpg,5
train/sad/image0019318.jpg,2
train/sad/image0019325.jpg,0
train/sad/image0019330.jpg,2
train/sad/image0019360.jpg,2
train/sad/image0019366.jpg,2
train/sad/image0019401.jpg,2
train/sad/image0019406.jpg,2
train/sad/image0019411.jpg,2
train/sad/image0019419.jpg,2
train/sad/image0019444.jpg,2
train/sad/image0019493.jpg,2
train/sad/image0019496.jpg,2
train/sad/image0019497.jpg,2
train/sad/image0019499.jpg,4
train/sad/image0019510.jpg,4
train/sad/image0019516.jpg,2
train/sad/image0019547.jpg,2
train/sad/image0019555.jpg,2
train/sad/image0019563.jpg,2
train/sad/image0019575.jpg,0
train/sad/image0019581.jpg,4
train/sad/image0019583.jpg,2
train/sad/image0019586.jpg,2
train/sad/image0019589.jpg,2
train/sad/image0019608.jpg,2
train/sad/image0019611.jpg,5
train/sad/image0019615.jpg,2
train/sad/image0019623.jpg,4
train/sad/image0019632.jpg,2
train/sad/image0019644.jpg,2
train/sad/image0019650.jpg,0
train/sad/image0019666.jpg,2
train/sad/image0019675.jpg,6
train/sad/image0019677.jpg,2
train/sad/image0019680.jpg,2
train/sad/image0019681.jpg,0
train/sad/image0019700.jpg,2
train/sad/image0019705.jpg,0
train/sad/image0019722.jpg,2
train/sad/image0019730.jpg,2
train/sad/image0019742.jpg,0
train/sad/image0019744.jpg,4
train/sad/image0019747.jpg,2
train/sad/image0019749.jpg,5
train/sad/image0019751.jpg,2
train/sad/image0019765.jpg,2
train/sad/image0019782.jpg,4
train/sad/image0019786.jpg,7
train/sad/image0019789.jpg,2
train/sad/image0019790.jpg,2
train/sad/image0019791.jpg,2
train/sad/image0019807.jpg,2
train/sad/image0019812.jpg,2
train/sad/image0019819.jpg,2
train/sad/image0019821.jpg,2
train/sad/image0019824.jpg,2
train/sad/image0019831.jpg,2
train/sad/image0019832.jpg,2
train/sad/image0019834.jpg,2
train/sad/image0019836.jpg,4
train/sad/image0019851.jpg,5
train/sad/image0019856.jpg,6
train/sad/image0019857.jpg,4
train/sad/image0019890.jpg,2
train/sad/image0019904.jpg,2
train/sad/image0019906.jpg,2
train/sad/image0019913.jpg,2
train/sad/image0019916.jpg,4
train/sad/image0019927.jpg,0
train/sad/image0019936.jpg,2
train/sad/image0019940.jpg,3
train/sad/image0019960.jpg,2
train/sad/image0019961.jpg,7
train/sad/image0019982.jpg,2
train/sad/image0019987.jpg,6
train/sad/image0019988.jpg,2
train/sad/image0019998.jpg,2
train/sad/image0020005.jpg,3
train/sad/image0020009.jpg,0
train/sad/image0020010.jpg,5
train/sad/image0020011.jpg,0
train/sad/image0020024.jpg,2
train/sad/image0020031.jpg,2
train/sad/image0020039.jpg,0
train/sad/image0020045.jpg,2
train/sad/image0020047.jpg,2
train/sad/image0020050.jpg,2
train/sad/image0020054.jpg,7
train/sad/image0020065.jpg,2
train/sad/image0020083.jpg,5
train/sad/image0020102.jpg,2
train/sad/image0020105.jpg,5
train/sad/image0020107.jpg,2
train/sad/image0020133.jpg,2
train/sad/image0020137.jpg,0
train/sad/image0020138.jpg,0
train/sad/image0020144.jpg,5
train/sad/image0020152.jpg,2
train/sad/image0020164.jpg,2
train/sad/image0020168.jpg,2
train/sad/image0020189.jpg,2
train/sad/image0020196.jpg,6
train/sad/image0020202.jpg,2
train/sad/image0020205.jpg,2
train/sad/image0020215.jpg,2
train/sad/image0020246.jpg,4
train/sad/image0020258.jpg,2
train/sad/image0020262.jpg,2
train/sad/image0020270.jpg,0
train/sad/image0020272.jpg,5
train/sad/image0020274.jpg,4
train/sad/image0020275.jpg,2
train/sad/image0020277.jpg,2
train/sad/image0020281.jpg,2
train/sad/image0020285.jpg,2
train/sad/image0020288.jpg,2
train/sad/image0020304.jpg,0
train/sad/image0020309.jpg,4
train/sad/image0020311.jpg,5
train/sad/image0020317.jpg,0
train/sad/image0020322.jpg,2
train/sad/image0020330.jpg,6
train/sad/image0020332.jpg,2
train/sad/image0020350.jpg,2
train/sad/image0020351.jpg,2
train/sad/image0020352.jpg,2
train/sad/image0020358.jpg,0
train/sad/image0020362.jpg,6
train/sad/image0020378.jpg,2
train/sad/image0020379.jpg,2
train/sad/image0020380.jpg,2
train/sad/image0020384.jpg,3
train/sad/image0020392.jpg,2
train/sad/image0020395.jpg,2
train/sad/image0020398.jpg,2
train/sad/image0020408.jpg,2
train/sad/image0020411.jpg,2
train/sad/image0020424.jpg,2
train/sad/image0020431.jpg,3
train/sad/image0020432.jpg,3
train/sad/image0020441.jpg,2
train/sad/image0020445.jpg,2
train/sad/image0020461.jpg,2
train/sad/image0020468.jpg,2
train/sad/image0020470.jpg,4
train/sad/image0020472.jpg,0
train/sad/image0020478.jpg,2
train/sad/image0020501.jpg,2
train/sad/image0020505.jpg,5
train/sad/image0020522.jpg,2
train/sad/image0020523.jpg,2
train/sad/image0020529.jpg,2
train/sad/image0020548.jpg,2
train/sad/image0020559.jpg,2
train/sad/image0020564.jpg,2
train/sad/image0020570.jpg,0
train/sad/image0020571.jpg,5
train/sad/image0020572.jpg,0
train/sad/image0020575.jpg,2
train/sad/image0020579.jpg,5
train/sad/image0020580.jpg,5
train/sad/image0020582.jpg,6
train/sad/image0020587.jpg,2
train/sad/image0020590.jpg,2
train/sad/image0020593.jpg,2
train/sad/image0020597.jpg,2
train/sad/image0020599.jpg,2
train/sad/image0020601.jpg,2
train/sad/image0020609.jpg,2
train/sad/image0020615.jpg,0
train/sad/image0020626.jpg,2
train/sad/image0020631.jpg,2
train/sad/image0020643.jpg,2
train/sad/image0020644.jpg,2
train/sad/image0020665.jpg,5
train/sad/image0020683.jpg,5
train/sad/image0020686.jpg,2
train/sad/image0020688.jpg,2
train/sad/image0020694.jpg,2
train/sad/image0020701.jpg,2
train/sad/image0020711.jpg,5
train/sad/image0020714.jpg,2
train/sad/image0020726.jpg,4
train/sad/image0020740.jpg,2
train/sad/image0020755.jpg,4
train/sad/image0020774.jpg,2
train/sad/image0020777.jpg,5
train/sad/image0020780.jpg,4
train/sad/image0020786.jpg,4
train/sad/image0020816.jpg,5
train/sad/image0020817.jpg,2
train/sad/image0020868.jpg,2
train/sad/image0020871.jpg,3
train/sad/image0020875.jpg,5
train/sad/image0020877.jpg,2
train/sad/image0020903.jpg,7
train/sad/image0020911.jpg,0
train/sad/image0020917.jpg,6
train/sad/image0020924.jpg,2
train/sad/image0020925.jpg,3
train/sad/image0020932.jpg,5
train/sad/image0020940.jpg,2
train/sad/image0020943.jpg,0
train/sad/image0020944.jpg,5
train/sad/image0020947.jpg,6
train/sad/image0020957.jpg,5
train/sad/image0020977.jpg,7
train/sad/image0020980.jpg,2
train/sad/image0020988.jpg,6
train/sad/image0020990.jpg,2
train/sad/image0020996.jpg,2
train/sad/image0020997.jpg,2
train/sad/image0021001.jpg,2
train/sad/image0021005.jpg,5
train/sad/image0021006.jpg,2
train/sad/image0021021.jpg,2
train/sad/image0021027.jpg,0
train/sad/image0021055.jpg,4
train/sad/image0021058.jpg,2
train/sad/image0021067.jpg,2
train/sad/image0021071.jpg,6
train/sad/image0021089.jpg,1
train/sad/image0021091.jpg,6
train/sad/image0021095.jpg,2
train/sad/image0021104.jpg,0
train/sad/image0021107.jpg,2
train/sad/image0021122.jpg,2
train/sad/image0021141.jpg,2
train/sad/image0021156.jpg,4
train/sad/image0021169.jpg,2
train/sad/image0021179.jpg,2
train/sad/image0021181.jpg,0
train/sad/image0021185.jpg,6
train/sad/image0021192.jpg,2
train/sad/image0021202.jpg,2
train/sad/image0021203.jpg,2
train/sad/image0021211.jpg,6
train/sad/image0021219.jpg,6
train/sad/image0021227.jpg,3
train/sad/image0021233.jpg,2
train/sad/image0021234.jpg,1
train/sad/image0021252.jpg,2
train/sad/image0021254.jpg,2
train/sad/image0021260.jpg,2
train/sad/image0021271.jpg,2
train/sad/image0021277.jpg,2
train/sad/image0021281.jpg,2
train/sad/image0021287.jpg,5
train/sad/image0021312.jpg,2
train/sad/image0021321.jpg,2
train/sad/image0021324.jpg,0
train/sad/image0021332.jpg,2
train/sad/image0021340.jpg,2
train/sad/image0021341.jpg,2
train/sad/image0021349.jpg,6
train/sad/image0021354.jpg,2
train/sad/image0021369.jpg,2
train/sad/image0021377.jpg,2
train/sad/image0021378.jpg,2
train/sad/image0021390.jpg,2
train/sad/image0021420.jpg,5
train/sad/image0021424.jpg,2
train/sad/image0021433.jpg,2
train/sad/image0021441.jpg,2
train/sad/image0021449.jpg,5
train/sad/image0021451.jpg,4
train/sad/image0021456.jpg,6
train/sad/image0021481.jpg,6
train/sad/image0021513.jpg,4
train/sad/image0021540.jpg,2
train/sad/image0021547.jpg,2
train/sad/image0021551.jpg,2
train/sad/image0021555.jpg,6
train/sad/image0021562.jpg,5
train/sad/image0021573.jpg,0
train/sad/image0021582.jpg,0
train/sad/image0021587.jpg,2
train/sad/image0021590.jpg,2
train/sad/image0021593.jpg,4
train/sad/image0021605.jpg,2
train/sad/image0021610.jpg,2
train/sad/image0021614.jpg,6
train/sad/image0021618.jpg,0
train/sad/image0021619.jpg,5
train/sad/image0021638.jpg,2
train/sad/image0021642.jpg,2
train/sad/image0021644.jpg,6
train/sad/image0021649.jpg,4
train/sad/image0021667.jpg,2
train/sad/image0021686.jpg,2
train/sad/image0021692.jpg,6
train/sad/image0021698.jpg,6
train/sad/image0021699.jpg,6
train/sad/image0021710.jpg,7
train/sad/image0021713.jpg,2
train/sad/image0021716.jpg,2
train/sad/image0021723.jpg,2
train/sad/image0021737.jpg,2
train/sad/image0021745.jpg,2
train/sad/image0021757.jpg,2
train/sad/image0021761.jpg,4
train/sad/image0021764.jpg,5
train/sad/image0021766.jpg,2
train/sad/image0021786.jpg,2
train/sad/image0021789.jpg,2
train/sad/image0021820.jpg,2
train/sad/image0021823.jpg,2
train/sad/image0021845.jpg,2
train/sad/image0021848.jpg,0
train/sad/image0021849.jpg,4
train/sad/image0021857.jpg,6
train/sad/image0021860.jpg,2
train/sad/image0021868.jpg,3
train/sad/image0021876.jpg,2
train/sad/image0021899.jpg,2
train/sad/image0021902.jpg,6
train/sad/image0021922.jpg,2
train/sad/image0021942.jpg,6
train/sad/image0021956.jpg,2
train/sad/image0021958.jpg,2
train/sad/image0021972.jpg,2
train/sad/image0021975.jpg,2
train/sad/image0021981.jpg,2
train/sad/image0021984.jpg,3
train/sad/image0021986.jpg,2
train/sad/image0021989.jpg,2
train/sad/image0022005.jpg,2
train/sad/image0022008.jpg,1
train/sad/image0022010.jpg,3
train/sad/image0022028.jpg,2
train/sad/image0022044.jpg,2
train/sad/image0022055.jpg,6
train/sad/image0022070.jpg,2
train/sad/image0022072.jpg,5
train/sad/image0022075.jpg,2
train/sad/image0022076.jpg,2
train/sad/image0022086.jpg,6
train/sad/image0022089.jpg,2
train/sad/image0022094.jpg,0
train/sad/image0022106.jpg,2
train/sad/image0022119.jpg,2
train/sad/image0022120.jpg,5
train/sad/image0022122.jpg,3
train/sad/image0022126.jpg,6
train/sad/image0022137.jpg,2
train/sad/image0022147.jpg,0
train/sad/image0022148.jpg,2
train/sad/image0022149.jpg,6
train/sad/image0022152.jpg,4
train/sad/image0022155.jpg,2
train/sad/image0022164.jpg,2
train/sad/image0022166.jpg,2
train/sad/image0022182.jpg,2
train/sad/image0022185.jpg,2
train/sad/image0022187.jpg,2
train/sad/image0022202.jpg,2
train/sad/image0022219.jpg,2
train/sad/image0022221.jpg,3
train/sad/image0022230.jpg,0
train/sad/image0022241.jpg,6
train/sad/image0022245.jpg,2
train/sad/image0022255.jpg,2
train/sad/image0022265.jpg,2
train/sad/image0022291.jpg,2
train/sad/image0022296.jpg,2
train/sad/image0022301.jpg,0
train/sad/image0022310.jpg,2
train/sad/image0022312.jpg,2
train/sad/image0022314.jpg,2
train/sad/image0022318.jpg,4
train/sad/image0022328.jpg,2
train/sad/image0022348.jpg,2
train/sad/image0022350.jpg,2
train/sad/image0022361.jpg,4
train/sad/image0022369.jpg,6
train/sad/image0022374.jpg,2
train/sad/image0022406.jpg,6
train/sad/image0022408.jpg,4
train/sad/image0022410.jpg,2
train/sad/image0022457.jpg,2
train/sad/image0022458.jpg,0
train/sad/image0022464.jpg,2
train/sad/image0022467.jpg,4
train/sad/image0022468.jpg,2
train/sad/image0022481.jpg,4
train/sad/image0022483.jpg,2
train/sad/image0022487.jpg,4
train/sad/image0022496.jpg,2
train/sad/image0022502.jpg,2
train/sad/image0022505.jpg,6
train/sad/image0022518.jpg,2
train/sad/image0022521.jpg,0
train/sad/image0022527.jpg,6
train/sad/image0022546.jpg,2
train/sad/image0022554.jpg,2
train/sad/image0022555.jpg,2
train/sad/image0022571.jpg,2
train/sad/image0022574.jpg,2
train/sad/image0022576.jpg,2
train/sad/image0022579.jpg,2
train/sad/image0022585.jpg,2
train/sad/image0022586.jpg,2
train/sad/image0022589.jpg,3
train/sad/image0022601.jpg,5
train/sad/image0022611.jpg,0
train/sad/image0022632.jpg,2
train/sad/image0022636.jpg,4
train/sad/image0022638.jpg,2
train/sad/image0022655.jpg,2
train/sad/image0022657.jpg,2
train/sad/image0022660.jpg,2
train/sad/image0022666.jpg,2
train/sad/image0022671.jpg,2
train/sad/image0022677.jpg,4
train/sad/image0022687.jpg,2
train/sad/image0022700.jpg,2
train/sad/image0022704.jpg,2
train/sad/image0022714.jpg,4
train/sad/image0022722.jpg,2
train/sad/image0022727.jpg,6
train/sad/image0022760.jpg,0
train/sad/image0022761.jpg,2
train/sad/image0022775.jpg,5
train/sad/image0022784.jpg,6
train/sad/image0022805.jpg,2
train/sad/image0022807.jpg,2
train/sad/image0022808.jpg,2
train/sad/image0022818.jpg,6
train/sad/image0022819.jpg,2
train/sad/image0022842.jpg,2
train/sad/image0022853.jpg,2
train/sad/image0022856.jpg,4
train/sad/image0022896.jpg,5
train/sad/image0022905.jpg,6
train/sad/image0022910.jpg,2
train/sad/image0022923.jpg,3
train/sad/image0022928.jpg,2
train/sad/image0022930.jpg,2
train/sad/image0022947.jpg,6
train/sad/image0022958.jpg,2
train/sad/image0022987.jpg,2
train/sad/image0022997.jpg,2
train/sad/image0023004.jpg,2
train/sad/image0023034.jpg,2
train/sad/image0023045.jpg,4
train/sad/image0023046.jpg,6
train/sad/image0023055.jpg,2
train/sad/image0023057.jpg,6
train/sad/image0023089.jpg,4
train/sad/image0023096.jpg,2
train/sad/image0023097.jpg,6
train/sad/image0023098.jpg,2
train/sad/image0023099.jpg,2
train/sad/image0023100.jpg,0
train/sad/image0023102.jpg,2
train/sad/image0023105.jpg,0
train/sad/image0023119.jpg,2
train/sad/image0023135.jpg,4
train/sad/image0023142.jpg,7
train/sad/image0023159.jpg,2
train/sad/image0023203.jpg,2
train/sad/image0023210.jpg,2
train/sad/image0023213.jpg,5
train/sad/image0023222.jpg,0
train/sad/image0023223.jpg,2
train/sad/image0023226.jpg,4
train/sad/image0023234.jpg,2
train/sad/image0023244.jpg,6
train/sad/image0023257.jpg,5
train/sad/image0023281.jpg,0
train/sad/image0023295.jpg,2
train/sad/image0023303.jpg,0
train/sad/image0023306.jpg,2
train/sad/image0023320.jpg,6
train/sad/image0023322.jpg,6
train/sad/image0023329.jpg,2
train/sad/image0023337.jpg,2
train/sad/image0023352.jpg,5
train/sad/image0023358.jpg,2
train/sad/image0023360.jpg,6
train/sad/image0023371.jpg,6
train/sad/image0023383.jpg,2
train/sad/image0023389.jpg,6
train/sad/image0023408.jpg,2
train/sad/image0023415.jpg,2
train/sad/image0023416.jpg,4
train/sad/image0023420.jpg,6
train/sad/image0023422.jpg,0
train/sad/image0023429.jpg,2
train/sad/image0023430.jpg,2
train/sad/image0023431.jpg,2
train/sad/image0023446.jpg,4
train/sad/image0023448.jpg,2
train/sad/image0023450.jpg,2
train/sad/image0023456.jpg,0
train/sad/image0023460.jpg,2
train/sad/image0023472.jpg,6
train/sad/image0023490.jpg,2
train/sad/image0023506.jpg,2
train/sad/image0023509.jpg,3
train/sad/image0023523.jpg,6
train/sad/image0023538.jpg,6
train/sad/image0023540.jpg,2
train/sad/image0023550.jpg,2
train/sad/image0023557.jpg,5
train/sad/image0023558.jpg,2
train/sad/image0023559.jpg,6
train/sad/image0023565.jpg,2
train/sad/image0023573.jpg,2
train/sad/image0023576.jpg,4
train/sad/image0023588.jpg,2
train/sad/image0023591.jpg,4
train/sad/image0023592.jpg,5
train/sad/image0023610.jpg,2
train/sad/image0023614.jpg,0
train/sad/image0023621.jpg,2
train/sad/image0023623.jpg,2
train/sad/image0023625.jpg,2
train/sad/image0023637.jpg,2
train/sad/image0023642.jpg,2
train/sad/image0023643.jpg,2
train/sad/image0023645.jpg,6
train/sad/image0023649.jpg,2
train/sad/image0023655.jpg,0
train/sad/image0023660.jpg,6
train/sad/image0023667.jpg,5
train/sad/image0023675.jpg,0
train/sad/image0023685.jpg,2
train/sad/image0023686.jpg,0
train/sad/image0023687.jpg,3
train/sad/image0023689.jpg,3
train/sad/image0023693.jpg,3
train/sad/image0023695.jpg,0
train/sad/image0023700.jpg,6
train/sad/image0023701.jpg,2
train/sad/image0023736.jpg,5
train/sad/image0023749.jpg,2
train/sad/image0023750.jpg,5
train/sad/image0023751.jpg,2
train/sad/image0023752.jpg,2
train/sad/image0023757.jpg,2
train/sad/image0023758.jpg,2
train/sad/image0023760.jpg,6
train/sad/image0023763.jpg,2
train/sad/image0023776.jpg,2
train/sad/image0023799.jpg,0
train/sad/image0023804.jpg,2
train/sad/image0023810.jpg,0
train/sad/image0023819.jpg,2
train/sad/image0023846.jpg,2
train/sad/image0023864.jpg,0
train/sad/image0023869.jpg,1
train/sad/image0023876.jpg,0
train/sad/image0023882.jpg,2
train/sad/image0023883.jpg,6
train/sad/image0023896.jpg,2
train/sad/image0023916.jpg,6
train/sad/image0023921.jpg,6
train/sad/image0023922.jpg,2
train/sad/image0023925.jpg,2
train/sad/image0023932.jpg,0
train/sad/image0023936.jpg,6
train/sad/image0023946.jpg,2
train/sad/image0023951.jpg,4
train/sad/image0023970.jpg,2
train/sad/image0023973.jpg,2
train/sad/image0023977.jpg,0
train/sad/image0023980.jpg,2
train/sad/image0023994.jpg,2
train/sad/image0023998.jpg,0
train/sad/image0024001.jpg,2
train/sad/image0024030.jpg,2
train/sad/image0024036.jpg,0
train/sad/image0024043.jpg,2
train/sad/image0024045.jpg,2
train/sad/image0024054.jpg,2
train/sad/image0024057.jpg,2
train/sad/image0024063.jpg,2
train/sad/image0024066.jpg,2
train/sad/image0024074.jpg,2
train/sad/image0024083.jpg,2
train/sad/image0024086.jpg,0
train/sad/image0024087.jpg,0
train/sad/image0024088.jpg,2
train/sad/image0024090.jpg,2
train/sad/image0024097.jpg,2
train/sad/image0024103.jpg,2
train/sad/image0024106.jpg,0
train/sad/image0024107.jpg,2
train/sad/image0024115.jpg,2
train/sad/image0024130.jpg,2
train/sad/image0024132.jpg,0
train/sad/image0024137.jpg,2
train/sad/image0024141.jpg,2
train/sad/image0024144.jpg,4
train/sad/image0024152.jpg,2
train/sad/image0024156.jpg,2
train/sad/image0024165.jpg,2
train/sad/image0024206.jpg,2
train/sad/image0024222.jpg,5
train/sad/image0024224.jpg,5
train/sad/image0024225.jpg,2
train/sad/image0024226.jpg,2
train/sad/image0024228.jpg,4
train/sad/image0024231.jpg,0
train/sad/image0024232.jpg,5
train/sad/image0024236.jpg,2
train/sad/image0024242.jpg,2
train/sad/image0024254.jpg,2
train/sad/image0024257.jpg,2
train/sad/image0024264.jpg,2
train/sad/image0024279.jpg,2
train/sad/image0024291.jpg,0
train/sad/image0024328.jpg,2
train/sad/image0024330.jpg,2
train/sad/image0024334.jpg,0
train/sad/image0024336.jpg,2
train/sad/image0024352.jpg,0
train/sad/image0024366.jpg,2
train/sad/image0024368.jpg,2
train/sad/image0024382.jpg,3
train/sad/image0024391.jpg,2
train/sad/image0024397.jpg,2
train/sad/image0024407.jpg,2
train/sad/image0024411.jpg,2
train/sad/image0024418.jpg,2
train/sad/image0024433.jpg,2
train/sad/image0024456.jpg,0
train/sad/image0024460.jpg,2
train/sad/image0024467.jpg,2
train/sad/image0024470.jpg,4
train/sad/image0024471.jpg,2
train/sad/image0024474.jpg,0
train/sad/image0024476.jpg,0
train/sad/image0024495.jpg,2
train/sad/image0024502.jpg,2
train/sad/image0024507.jpg,2
train/sad/image0024530.jpg,2
train/sad/image0024532.jpg,0
train/sad/image0024535.jpg,3
train/sad/image0024545.jpg,0
train/sad/image0024548.jpg,2
train/sad/image0024555.jpg,0
train/sad/image0024565.jpg,2
train/sad/image0024568.jpg,2
train/sad/image0024572.jpg,2
train/sad/image0024574.jpg,0
train/sad/image0024596.jpg,2
train/sad/image0024600.jpg,6
train/sad/image0024601.jpg,2
train/sad/image0024613.jpg,2
train/sad/image0024615.jpg,2
train/sad/image0024616.jpg,2
train/sad/image0024617.jpg,2
train/sad/image0024619.jpg,6
train/sad/image0024620.jpg,0
train/sad/image0024624.jpg,2
train/sad/image0024625.jpg,2
train/sad/image0024627.jpg,2
train/sad/image0024637.jpg,2
train/sad/image0024641.jpg,2
train/sad/image0024651.jpg,2
train/sad/image0024659.jpg,2
train/sad/image0024671.jpg,0
train/sad/image0024676.jpg,0
train/sad/image0024681.jpg,2
train/sad/image0024693.jpg,3
train/sad/image0024694.jpg,0
train/sad/image0024699.jpg,2
train/sad/image0024700.jpg,2
train/sad/image0024712.jpg,2
train/sad/image0024722.jpg,2
train/sad/image0024723.jpg,2
train/sad/image0024724.jpg,2
train/sad/image0024729.jpg,2
train/sad/image0024735.jpg,2
train/sad/image0024742.jpg,2
train/sad/image0024743.jpg,2
train/sad/image0024748.jpg,0
train/sad/image0024755.jpg,0
train/sad/image0024757.jpg,6
train/sad/image0024761.jpg,2
train/sad/image0024767.jpg,4
train/sad/image0024779.jpg,2
train/sad/image0024805.jpg,0
train/sad/image0024806.jpg,5
train/sad/image0024807.jpg,2
train/sad/image0024814.jpg,0
train/sad/image0024817.jpg,4
train/sad/image0024818.jpg,0
train/sad/image0024821.jpg,2
train/sad/image0024832.jpg,2
train/sad/image0024839.jpg,2
train/sad/image0024844.jpg,4
train/sad/image0024853.jpg,2
train/sad/image0024883.jpg,2
train/sad/image0024884.jpg,2
train/sad/image0024890.jpg,2
train/sad/image0024896.jpg,3
train/sad/image0024898.jpg,2
train/sad/image0024903.jpg,2
train/sad/image0024905.jpg,2
train/sad/image0024909.jpg,2
train/sad/image0024928.jpg,2
train/sad/image0024930.jpg,0
train/sad/image0024944.jpg,4
train/sad/image0024952.jpg,2
train/sad/image0024966.jpg,2
train/sad/image0024968.jpg,2
train/sad/image0024972.jpg,2
train/sad/image0024978.jpg,5
train/sad/image0024981.jpg,2
train/sad/image0024988.jpg,2
train/sad/image0024993.jpg,6
train/sad/image0024994.jpg,0
train/sad/image0025016.jpg,5
train/sad/image0025017.jpg,6
train/sad/image0025018.jpg,2
train/sad/image0025020.jpg,2
train/sad/image0025044.jpg,2
train/sad/image0025047.jpg,2
train/sad/image0025050.jpg,5
train/sad/image0025066.jpg,2
train/sad/image0025082.jpg,2
train/sad/image0025086.jpg,3
train/sad/image0025087.jpg,2
train/sad/image0025089.jpg,2
train/sad/image0025096.jpg,2
train/sad/image0025114.jpg,2
train/sad/image0025116.jpg,6
train/sad/image0025125.jpg,2
train/sad/image0025131.jpg,5
train/sad/image0025134.jpg,2
train/sad/image0025137.jpg,3
train/sad/image0025158.jpg,2
train/sad/image0025160.jpg,3
train/sad/image0025162.jpg,2
train/sad/image0025165.jpg,2
train/sad/image0025185.jpg,2
train/sad/image0025192.jpg,2
train/sad/image0025195.jpg,7
train/sad/image0025196.jpg,2
train/sad/image0025197.jpg,2
train/sad/image0025231.jpg,4
train/sad/image0025233.jpg,2
train/sad/image0025238.jpg,3
train/sad/image0025248.jpg,2
train/sad/image0025256.jpg,2
train/sad/image0025284.jpg,3
train/sad/image0025287.jpg,2
train/sad/image0025310.jpg,6
train/sad/image0025327.jpg,2
train/sad/image0025330.jpg,2
train/sad/image0025335.jpg,3
train/sad/image0025340.jpg,6
train/sad/image0025348.jpg,5
train/sad/image0025353.jpg,6
train/sad/image0025356.jpg,2
train/sad/image0025357.jpg,5
train/sad/image0025359.jpg,2
train/sad/image0025363.jpg,2
train/sad/image0025367.jpg,2
train/sad/image0025373.jpg,0
train/sad/image0025378.jpg,2
train/sad/image0025383.jpg,2
train/sad/image0025397.jpg,0
train/sad/image0025414.jpg,2
train/sad/image0025422.jpg,0
train/sad/image0025441.jpg,0
train/sad/image0025469.jpg,6
train/sad/image0025477.jpg,2
train/sad/image0025479.jpg,2
train/sad/image0025480.jpg,2
train/sad/image0025509.jpg,0
train/sad/image0025511.jpg,0
train/sad/image0025512.jpg,6
train/sad/image0025513.jpg,0
train/sad/image0025517.jpg,2
train/sad/image0025524.jpg,4
train/sad/image0025530.jpg,2
train/sad/image0025536.jpg,2
train/sad/image0025558.jpg,2
train/sad/image0025591.jpg,0
train/sad/image0025606.jpg,3
train/sad/image0025614.jpg,4
train/sad/image0025627.jpg,2
train/sad/image0025633.jpg,3
train/sad/image0025638.jpg,2
train/sad/image0025643.jpg,2
train/sad/image0025645.jpg,2
train/sad/image0025648.jpg,2
train/sad/image0025659.jpg,2
train/sad/image0025666.jpg,5
train/sad/image0025673.jpg,2
train/sad/image0025679.jpg,3
train/sad/image0025681.jpg,3
train/sad/image0025693.jpg,2
train/sad/image0025694.jpg,0
train/sad/image0025697.jpg,0
train/sad/image0025715.jpg,2
train/sad/image0025725.jpg,3
train/sad/image0025726.jpg,2
train/sad/image0025730.jpg,6
train/sad/image0025736.jpg,2
train/sad/image0025753.jpg,2
train/sad/image0025760.jpg,5
train/sad/image0025761.jpg,6
train/sad/image0025774.jpg,5
train/sad/image0025787.jpg,6
train/sad/image0025808.jpg,2
train/sad/image0025822.jpg,2
train/sad/image0025834.jpg,2
train/sad/image0025835.jpg,2
train/sad/image0025843.jpg,2
train/sad/image0025845.jpg,2
train/sad/image0025854.jpg,2
train/sad/image0025858.jpg,6
train/sad/image0025861.jpg,3
train/sad/image0025862.jpg,2
train/sad/image0025875.jpg,6
train/sad/image0025878.jpg,2
train/sad/image0025905.jpg,2
train/sad/image0025914.jpg,2
train/sad/image0025926.jpg,2
train/sad/image0025933.jpg,0
train/sad/image0025940.jpg,0
train/sad/image0025950.jpg,0
train/sad/image0025969.jpg,4
train/sad/image0025979.jpg,2
train/sad/image0025985.jpg,2
train/sad/image0025992.jpg,0
train/sad/image0025995.jpg,0
train/sad/image0025999.jpg,2
train/sad/image0026024.jpg,2
train/sad/image0026045.jpg,2
train/sad/image0026046.jpg,2
train/sad/image0026051.jpg,6
train/sad/image0026052.jpg,5
train/sad/image0026053.jpg,2
train/sad/image0026057.jpg,0
train/sad/image0026069.jpg,2
train/sad/image0026072.jpg,2
train/sad/image0026074.jpg,6
train/sad/image0026080.jpg,3
train/sad/image0026088.jpg,2
train/sad/image0026092.jpg,6
train/sad/image0026104.jpg,2
train/sad/image0026105.jpg,2
train/sad/image0026109.jpg,0
train/sad/image0026110.jpg,2
train/sad/image0026119.jpg,6
train/sad/image0026120.jpg,2
train/sad/image0026123.jpg,2
train/sad/image0026128.jpg,2
train/sad/image0026132.jpg,6
train/sad/image0026140.jpg,2
train/sad/image0026142.jpg,0
train/sad/image0026147.jpg,2
train/sad/image0026150.jpg,2
train/sad/image0026161.jpg,2
train/sad/image0026162.jpg,2
train/sad/image0026172.jpg,2
train/sad/image0026178.jpg,3
train/sad/image0026188.jpg,1
train/sad/image0026195.jpg,4
train/sad/image0026215.jpg,2
train/sad/image0026226.jpg,2
train/sad/image0026247.jpg,2
train/sad/image0026248.jpg,4
train/sad/image0026254.jpg,2
train/sad/image0026255.jpg,6
train/sad/image0026276.jpg,5
train/sad/image0026282.jpg,2
train/sad/image0026292.jpg,2
train/sad/image0026295.jpg,2
train/sad/image0026297.jpg,3
train/sad/image0026306.jpg,2
train/sad/image0026312.jpg,7
train/sad/image0026313.jpg,2
train/sad/image0026319.jpg,0
train/sad/image0026320.jpg,2
train/sad/image0026321.jpg,0
train/sad/image0026327.jpg,2
train/sad/image0026343.jpg,6
train/sad/image0026347.jpg,2
train/sad/image0026360.jpg,0
train/sad/image0026361.jpg,2
train/sad/image0026363.jpg,6
train/sad/image0026365.jpg,0
train/sad/image0026383.jpg,2
train/sad/image0026384.jpg,2
train/sad/image0026386.jpg,2
train/sad/image0026395.jpg,6
train/sad/image0026402.jpg,3
train/sad/image0026429.jpg,6
train/sad/image0026433.jpg,7
train/sad/image0026435.jpg,6
train/sad/image0026438.jpg,2
train/sad/image0026440.jpg,4
train/sad/image0026444.jpg,2
train/sad/image0026459.jpg,4
train/sad/image0026494.jpg,2
train/sad/image0026518.jpg,6
train/sad/image0026527.jpg,1
train/sad/image0026537.jpg,2
train/sad/image0026538.jpg,5
train/sad/image0026541.jpg,6
train/sad/image0026545.jpg,2
train/sad/image0026548.jpg,2
train/sad/image0026561.jpg,2
train/sad/image0026563.jpg,2
train/sad/image0026565.jpg,0
train/sad/image0026566.jpg,2
train/sad/image0026569.jpg,6
train/sad/image0026570.jpg,0
train/sad/image0026579.jpg,4
train/sad/image0026589.jpg,2
train/sad/image0026597.jpg,2
train/sad/image0026601.jpg,2
train/sad/image0026605.jpg,6
train/sad/image0026606.jpg,2
train/sad/image0026612.jpg,2
train/sad/image0026622.jpg,2
train/sad/image0026623.jpg,1
train/sad/image0026629.jpg,6
train/sad/image0026648.jpg,2
train/sad/image0026649.jpg,2
train/sad/image0026656.jpg,2
train/sad/image0026659.jpg,4
train/sad/image0026676.jpg,0
train/sad/image0026678.jpg,2
train/sad/image0026684.jpg,5
train/sad/image0026686.jpg,5
train/sad/image0026688.jpg,3
train/sad/image0026691.jpg,2
train/sad/image0026701.jpg,5
train/sad/image0026708.jpg,2
train/sad/image0026711.jpg,2
train/sad/image0026721.jpg,2
train/sad/image0026723.jpg,2
train/sad/image0026731.jpg,0
train/sad/image0026740.jpg,2
train/sad/image0026744.jpg,0
train/sad/image0026746.jpg,2
train/sad/image0026749.jpg,3
train/sad/image0026763.jpg,2
train/sad/image0026770.jpg,2
train/sad/image0026771.jpg,2
train/sad/image0026772.jpg,4
train/sad/image0026781.jpg,2
train/sad/image0026782.jpg,2
train/sad/image0026792.jpg,0
train/sad/image0026793.jpg,2
train/sad/image0026812.jpg,4
train/sad/image0026825.jpg,2
train/sad/image0026834.jpg,2
train/sad/image0026839.jpg,2
train/sad/image0026842.jpg,2
train/sad/image0026856.jpg,2
train/sad/image0026865.jpg,2
train/sad/image0026868.jpg,3
train/sad/image0026878.jpg,0
train/sad/image0026879.jpg,2
train/sad/image0026880.jpg,3
train/sad/image0026900.jpg,2
train/sad/image0026901.jpg,4
train/sad/image0026907.jpg,2
train/sad/image0026915.jpg,0
train/sad/image0026916.jpg,2
train/sad/image0026931.jpg,7
train/sad/image0026933.jpg,6
train/sad/image0026935.jpg,2
train/sad/image0026938.jpg,6
train/sad/image0026945.jpg,2
train/sad/image0026950.jpg,7
train/sad/image0026957.jpg,2
train/sad/image0026960.jpg,2
train/sad/image0026967.jpg,2
train/sad/image0026968.jpg,2
train/sad/image0026969.jpg,2
train/sad/image0026972.jpg,5
train/sad/image0026973.jpg,4
train/sad/image0026974.jpg,0
train/sad/image0026977.jpg,2
train/sad/image0026984.jpg,5
train/sad/image0026988.jpg,2
train/sad/image0026989.jpg,2
train/sad/image0026990.jpg,2
train/sad/image0026995.jpg,2
train/sad/image0027002.jpg,2
train/sad/image0027006.jpg,2
train/sad/image0027020.jpg,5
train/sad/image0027023.jpg,2
train/sad/image0027027.jpg,2
train/sad/image0027030.jpg,7
train/sad/image0027034.jpg,6
train/sad/image0027044.jpg,2
train/sad/image0027051.jpg,2
train/sad/image0027055.jpg,2
train/sad/image0027076.jpg,0
train/sad/image0027077.jpg,2
train/sad/image0027080.jpg,4
train/sad/image0027091.jpg,0
train/sad/image0027093.jpg,2
train/sad/image0027094.jpg,2
train/sad/image0027096.jpg,2
train/sad/image0027100.jpg,2
train/sad/image0027101.jpg,4
train/sad/image0027102.jpg,5
train/sad/image0027105.jpg,3
train/sad/image0027111.jpg,0
train/sad/image0027112.jpg,2
train/sad/image0027133.jpg,2
train/sad/image0027137.jpg,2
train/sad/image0027143.jpg,3
train/sad/image0027144.jpg,2
train/sad/image0027146.jpg,5
train/sad/image0027153.jpg,6
train/sad/image0027158.jpg,5
train/sad/image0027171.jpg,2
train/sad/image0027172.jpg,2
train/sad/image0027178.jpg,7
train/sad/image0027183.jpg,3
train/sad/image0027185.jpg,4
train/sad/image0027188.jpg,0
train/sad/image0027189.jpg,2
train/sad/image0027193.jpg,5
train/sad/image0027208.jpg,7
train/sad/image0027212.jpg,2
train/sad/image0027220.jpg,5
train/sad/image0027227.jpg,0
train/sad/image0027229.jpg,2
train/sad/image0027239.jpg,2
train/sad/image0027259.jpg,2
train/sad/image0027272.jpg,2
train/sad/image0027282.jpg,2
train/sad/image0027286.jpg,4
train/sad/image0027297.jpg,3
train/sad/image0027302.jpg,2
train/sad/image0027305.jpg,0
train/sad/image0027309.jpg,2
train/sad/image0027312.jpg,2
train/sad/image0027319.jpg,2
train/sad/image0027320.jpg,3
train/sad/image0027322.jpg,3
train/sad/image0027334.jpg,2
train/sad/image0027337.jpg,2
train/sad/image0027341.jpg,4
train/sad/image0027342.jpg,2
train/sad/image0027345.jpg,2
train/sad/image0027346.jpg,3
train/sad/image0027352.jpg,0
train/sad/image0027355.jpg,2
train/sad/image0027362.jpg,2
train/sad/image0027373.jpg,2
train/sad/image0027376.jpg,5
train/sad/image0027380.jpg,6
train/sad/image0027385.jpg,2
train/sad/image0027389.jpg,2
train/sad/image0027392.jpg,2
train/sad/image0027400.jpg,0
train/sad/image0027403.jpg,2
train/sad/image0027405.jpg,2
train/sad/image0027406.jpg,0
train/sad/image0027411.jpg,3
train/sad/image0027413.jpg,2
train/sad/image0027421.jpg,6
train/sad/image0027425.jpg,2
train/sad/image0027428.jpg,2
train/sad/image0027431.jpg,1
train/sad/image0027441.jpg,2
train/sad/image0027445.jpg,3
train/sad/image0027449.jpg,2
train/sad/image0027458.jpg,6
train/sad/image0027471.jpg,7
train/sad/image0027474.jpg,2
train/sad/image0027479.jpg,2
train/sad/image0027480.jpg,6
train/sad/image0027482.jpg,5
train/sad/image0027486.jpg,2
train/sad/image0027492.jpg,2
train/sad/image0027493.jpg,6
train/sad/image0027498.jpg,4
train/sad/image0027503.jpg,0
train/sad/image0027513.jpg,0
train/sad/image0027514.jpg,6
train/sad/image0027518.jpg,2
train/sad/image0027520.jpg,3
train/sad/image0027525.jpg,2
train/sad/image0027526.jpg,2
train/sad/image0027531.jpg,2
train/sad/image0027532.jpg,2
train/sad/image0027534.jpg,2
train/sad/image0027535.jpg,2
train/sad/image0027539.jpg,6
train/sad/image0027540.jpg,0
train/sad/image0027542.jpg,2
train/sad/image0027547.jpg,2
train/sad/image0027548.jpg,2
train/sad/image0027553.jpg,2
train/sad/image0027556.jpg,6
train/sad/image0027558.jpg,2
train/sad/image0027567.jpg,6
train/sad/image0027570.jpg,2
train/sad/image0027582.jpg,2
train/sad/image0027590.jpg,2
train/sad/image0027597.jpg,4
train/sad/image0027602.jpg,2
train/sad/image0027613.jpg,0
train/sad/image0027617.jpg,2
train/sad/image0027619.jpg,2
train/sad/image0027630.jpg,3
train/sad/image0027632.jpg,2
train/sad/image0027644.jpg,2
train/sad/image0027649.jpg,2
train/sad/image0027652.jpg,2
train/sad/image0027654.jpg,2
train/sad/image0027657.jpg,6
train/sad/image0027661.jpg,6
train/sad/image0027671.jpg,2
train/sad/image0027673.jpg,2
train/sad/image0027691.jpg,2
train/sad/image0027701.jpg,2
train/sad/image0027702.jpg,7
train/sad/image0027714.jpg,2
train/sad/image0027715.jpg,2
train/sad/image0027720.jpg,2
train/sad/image0027726.jpg,2
train/sad/image0027735.jpg,5
train/sad/image0027736.jpg,2
train/sad/image0027737.jpg,2
train/sad/image0027738.jpg,2
train/sad/image0027740.jpg,0
train/sad/image0027748.jpg,2
train/sad/image0027751.jpg,2
train/sad/image0027755.jpg,2
train/sad/image0027757.jpg,4
train/sad/image0027758.jpg,2
train/sad/image0027759.jpg,7
train/sad/image0027770.jpg,4
train/sad/image0027772.jpg,2
train/sad/image0027776.jpg,2
train/sad/image0027786.jpg,6
train/sad/image0027800.jpg,0
train/sad/image0027807.jpg,0
train/sad/image0027824.jpg,6
train/sad/image0027828.jpg,0
train/sad/image0027830.jpg,2
train/sad/image0027833.jpg,2
train/sad/image0027835.jpg,2
train/sad/image0027838.jpg,2
train/sad/image0027840.jpg,2
train/sad/image0027848.jpg,2
train/sad/image0027849.jpg,3
train/sad/image0027853.jpg,2
train/sad/image0027869.jpg,2
train/sad/image0027873.jpg,6
train/sad/image0027883.jpg,2
train/sad/image0027887.jpg,2
train/sad/image0027889.jpg,2
train/sad/image0027897.jpg,0
train/sad/image0027899.jpg,2
train/sad/image0027900.jpg,2
train/sad/image0027916.jpg,2
train/sad/image0027924.jpg,5
train/sad/image0027937.jpg,0
train/sad/image0027940.jpg,5
train/sad/image0027941.jpg,2
train/sad/image0027959.jpg,0
train/sad/image0027961.jpg,2
train/sad/image0027965.jpg,2
train/sad/image0027966.jpg,0
train/sad/image0027967.jpg,5
train/sad/image0027971.jpg,2
train/sad/image0027973.jpg,2
train/sad/image0027975.jpg,2
train/sad/image0027978.jpg,4
train/sad/image0027980.jpg,0
train/sad/image0027990.jpg,2
train/sad/image0027995.jpg,6
train/sad/image0028001.jpg,7
train/sad/image0028006.jpg,6
train/sad/image0028008.jpg,1
train/sad/image0028011.jpg,0
train/sad/image0028012.jpg,2
train/sad/image0028021.jpg,2
train/sad/image0028034.jpg,2
train/sad/image0028052.jpg,3
train/sad/image0028057.jpg,2
train/sad/image0028062.jpg,2
train/sad/image0028064.jpg,3
train/sad/image0028081.jpg,2
train/sad/image0028087.jpg,6
train/sad/image0028091.jpg,2
train/sad/image0028107.jpg,6
train/sad/image0028109.jpg,2
train/sad/image0028112.jpg,7
train/sad/image0028114.jpg,2
train/sad/image0028115.jpg,2
train/sad/image0028125.jpg,2
train/sad/image0028126.jpg,2
train/sad/image0028141.jpg,2
train/sad/image0028144.jpg,6
train/sad/image0028150.jpg,2
train/sad/image0028157.jpg,6
train/sad/image0028159.jpg,2
train/sad/image0028177.jpg,2
train/sad/image0028178.jpg,2
train/sad/image0028179.jpg,4
train/sad/image0028181.jpg,0
train/sad/image0028187.jpg,0
train/sad/image0028189.jpg,2
train/sad/image0028190.jpg,2
train/sad/image0028191.jpg,2
train/sad/image0028193.jpg,2
train/sad/image0028195.jpg,3
train/sad/image0028200.jpg,2
train/sad/image0028207.jpg,2
train/sad/image0028209.jpg,2
train/sad/image0028213.jpg,2
train/sad/image0028214.jpg,2
train/sad/image0028215.jpg,0
train/sad/image0028216.jpg,2
train/sad/image0028217.jpg,2
train/sad/image0028230.jpg,3
train/sad/image0028231.jpg,2
train/sad/image0028233.jpg,2
train/sad/image0028234.jpg,2
train/sad/image0028237.jpg,2
train/sad/image0028239.jpg,0
train/sad/image0028247.jpg,2
train/sad/image0028248.jpg,2
train/sad/image0028256.jpg,2
train/sad/image0028258.jpg,2
train/sad/image0028261.jpg,2
train/sad/image0028263.jpg,2
train/sad/image0028265.jpg,2
train/sad/image0028266.jpg,5
train/sad/image0028269.jpg,2
train/sad/image0028270.jpg,2
train/sad/image0028275.jpg,6
train/sad/image0028281.jpg,2
train/sad/image0028282.jpg,6
train/sad/image0028283.jpg,2
train/sad/image0028295.jpg,2
train/sad/image0028297.jpg,2
train/sad/image0028298.jpg,0
train/sad/image0028302.jpg,2
train/sad/image0028305.jpg,6
train/sad/image0028306.jpg,3
train/sad/image0028318.jpg,2
train/sad/image0028324.jpg,2
train/sad/image0028333.jpg,3
train/sad/image0028342.jpg,2
train/sad/image0028347.jpg,0
train/sad/image0028351.jpg,2
train/sad/image0028354.jpg,2
train/sad/image0028358.jpg,4
train/sad/image0028366.jpg,2
train/sad/image0028370.jpg,2
train/sad/image0028371.jpg,2
train/sad/image0028381.jpg,0
train/sad/image0028387.jpg,2
train/sad/image0028388.jpg,2
train/sad/image0028389.jpg,4
train/sad/image0028391.jpg,0
train/sad/image0028404.jpg,2
train/sad/image0028406.jpg,0
train/sad/image0028407.jpg,0
train/sad/image0028410.jpg,2
train/sad/image0028411.jpg,5
train/sad/image0028412.jpg,0
train/sad/image0028428.jpg,0
train/sad/image0028430.jpg,6
train/sad/image0028432.jpg,2
train/sad/image0028434.jpg,0
train/sad/image0028442.jpg,6
train/sad/image0028454.jpg,0
train/sad/image0028462.jpg,2
train/sad/image0028463.jpg,2
train/sad/image0028473.jpg,3
train/sad/image0028478.jpg,2
train/sad/image0028479.jpg,2
train/sad/image0028484.jpg,0
train/sad/image0028490.jpg,0
train/sad/image0028491.jpg,5
train/sad/image0028493.jpg,2
train/sad/image0028499.jpg,2
train/sad/image0028502.jpg,0
train/sad/image0028504.jpg,6
train/sad/image0028520.jpg,2
train/sad/image0028530.jpg,4
train/sad/image0028536.jpg,2
train/sad/image0028539.jpg,7
train/sad/image0028544.jpg,2
train/sad/image0028547.jpg,5
train/sad/image0028574.jpg,2
train/sad/image0028575.jpg,4
train/sad/image0028577.jpg,2
train/sad/image0028579.jpg,6
train/sad/image0028581.jpg,2
train/sad/image0028583.jpg,2
train/sad/image0028584.jpg,2
train/sad/image0028594.jpg,0
train/sad/image0028600.jpg,2
train/sad/image0028601.jpg,7
train/sad/image0028602.jpg,2
train/sad/image0028609.jpg,0
train/sad/image0028610.jpg,0
train/sad/image0028614.jpg,2
train/sad/image0028615.jpg,2
train/sad/image0028621.jpg,2
train/sad/image0028622.jpg,2
train/sad/image0028630.jpg,2
train/sad/image0028647.jpg,2
train/sad/image0028651.jpg,2
train/sad/image0028655.jpg,2
train/sad/image0028674.jpg,2
train/sad/image0028676.jpg,2
train/sad/image0028681.jpg,2
train/sad/image0028683.jpg,2
train/sad/image0028688.jpg,2
train/sad/image0028694.jpg,2
train/sad/image0028695.jpg,2
train/sad/image0028699.jpg,0
train/sad/image0028700.jpg,2
train/sad/image0028701.jpg,5
train/sad/image0028702.jpg,2
train/sad/image0028703.jpg,0
train/sad/image0028705.jpg,2
train/sad/image0028706.jpg,2
train/sad/image0028711.jpg,2
train/sad/image0028712.jpg,2
train/sad/image0028715.jpg,2
train/sad/image0028734.jpg,2
train/sad/image0028735.jpg,5
train/sad/image0028739.jpg,2
train/sad/image0028741.jpg,2
train/sad/image0028747.jpg,0
train/sad/image0028756.jpg,4
train/sad/image0028790.jpg,2
train/sad/image0028791.jpg,6
train/sad/image0028792.jpg,5
train/sad/image0028800.jpg,2
train/sad/image0028804.jpg,0
train/sad/image0028811.jpg,6
train/sad/image0028817.jpg,2
train/sad/image0028823.jpg,2
train/sad/image0028824.jpg,2
train/sad/image0028830.jpg,4
train/sad/image0028849.jpg,2
train/sad/image0028851.jpg,4
train/sad/image0028852.jpg,4
train/sad/image0028865.jpg,6
train/sad/image0028866.jpg,0
train/sad/image0028867.jpg,2
train/sad/image0028873.jpg,6
train/sad/image0028886.jpg,0
train/sad/image0028892.jpg,2
train/sad/image0028896.jpg,5
train/sad/image0028904.jpg,2
train/sad/image0028907.jpg,4
train/sad/image0028908.jpg,3
train/sad/image0028909.jpg,2
train/sad/image0028914.jpg,7
train/sad/image0028919.jpg,2
train/sad/image0028940.jpg,2
train/sad/image0028941.jpg,2
train/sad/image0028942.jpg,0
train/sad/image0028943.jpg,2
train/sad/image0028945.jpg,2
train/sad/image0028948.jpg,0
train/sad/image0028950.jpg,0
train/sad/image0028951.jpg,2
train/sad/image0028966.jpg,4
train/sad/image0028978.jpg,2
train/sad/image0028984.jpg,5
train/sad/image0028985.jpg,6
train/sad/image0028990.jpg,0
train/sad/image0029005.jpg,6
train/sad/image0029008.jpg,2
train/sad/image0029012.jpg,3
train/sad/image0029021.jpg,2
train/sad/image0029025.jpg,7
train/sad/image0029037.jpg,2
train/sad/image0029040.jpg,2
train/sad/image0029053.jpg,2
train/sad/image0029057.jpg,2
train/sad/image0029058.jpg,6
train/sad/image0029059.jpg,2
train/sad/image0029062.jpg,0
train/sad/image0029069.jpg,7
train/sad/image0029070.jpg,2
train/sad/image0029071.jpg,6
train/sad/image0029072.jpg,4
train/sad/image0029076.jpg,2
train/sad/image0029078.jpg,2
train/sad/image0029081.jpg,2
train/sad/image0029086.jpg,2
train/sad/image0029090.jpg,2
train/sad/image0029092.jpg,2
train/sad/image0029094.jpg,0
train/sad/image0029095.jpg,2
train/sad/image0029103.jpg,2
train/sad/image0029104.jpg,2
train/sad/image0029112.jpg,2
train/sad/image0029113.jpg,4
train/sad/image0029114.jpg,2
train/sad/image0029119.jpg,2
train/sad/image0029136.jpg,2
train/sad/image0029137.jpg,2
train/sad/image0029160.jpg,2
train/sad/image0029166.jpg,2
train/sad/image0029168.jpg,6
train/sad/image0029183.jpg,2
train/sad/image0029190.jpg,2
train/sad/image0029193.jpg,0
train/sad/image0029196.jpg,6
train/sad/image0029199.jpg,2
train/sad/image0029202.jpg,2
train/sad/image0029204.jpg,6
train/sad/image0029211.jpg,4
train/sad/image0029214.jpg,2
train/sad/image0029215.jpg,2
train/sad/image0029229.jpg,2
train/sad/image0029232.jpg,5
train/sad/image0029233.jpg,2
train/sad/image0029238.jpg,2
train/sad/image0029241.jpg,7
train/sad/image0029250.jpg,2
train/sad/image0029256.jpg,2
train/sad/image0029265.jpg,3
train/sad/image0029269.jpg,4
train/sad/image0029274.jpg,2
train/sad/image0029284.jpg,2
train/sad/image0029288.jpg,3
train/sad/image0029292.jpg,5
train/sad/image0029294.jpg,0
train/sad/image0029305.jpg,5
train/sad/image0029308.jpg,2
train/sad/image0029309.jpg,6
train/sad/image0029310.jpg,4
train/sad/image0029319.jpg,2
train/sad/image0029320.jpg,2
train/sad/image0029329.jpg,3
train/sad/image0029338.jpg,2
train/sad/image0029341.jpg,5
train/sad/image0029342.jpg,6
train/sad/image0029349.jpg,2
train/sad/image0029351.jpg,4
train/sad/image0029354.jpg,7
train/sad/image0029357.jpg,6
train/sad/image0029363.jpg,2
train/sad/image0029364.jpg,5
train/sad/image0029371.jpg,0
train/sad/image0029377.jpg,2
train/sad/image0029378.jpg,2
train/sad/image0029384.jpg,2
train/sad/image0029386.jpg,2
train/sad/image0029388.jpg,7
train/sad/image0029391.jpg,2
train/sad/image0029396.jpg,2
train/sad/image0029399.jpg,2
train/sad/image0029400.jpg,0
train/sad/image0029402.jpg,0
train/sad/image0029403.jpg,3
train/sad/image0029406.jpg,2
train/sad/image0029418.jpg,0
train/sad/image0029422.jpg,6
train/sad/image0029449.jpg,6
train/sad/image0029452.jpg,3
train/sad/image0029454.jpg,5
train/sad/image0029455.jpg,0
train/sad/image0029461.jpg,2
train/sad/image0029464.jpg,0
train/sad/image0029471.jpg,0
train/sad/image0029472.jpg,5
train/sad/image0029478.jpg,2
train/sad/image0029481.jpg,5
train/sad/image0029488.jpg,2
train/sad/image0029495.jpg,2
train/sad/image0029496.jpg,2
train/sad/image0029501.jpg,2
train/sad/image0029504.jpg,2
train/sad/image0029505.jpg,2
train/sad/image0029509.jpg,6
train/sad/image0029511.jpg,2
train/sad/image0029514.jpg,2
train/sad/image0029515.jpg,2
train/sad/image0029517.jpg,2
train/sad/image0029520.jpg,6
train/sad/image0029525.jpg,2
train/sad/image0029526.jpg,7
train/sad/image0029531.jpg,2
train/sad/image0029535.jpg,2
train/sad/image0029536.jpg,2
train/sad/image0029538.jpg,2
train/sad/image0029539.jpg,2
train/sad/image0029542.jpg,0
train/sad/image0029543.jpg,3
train/sad/image0029545.jpg,2
train/sad/image0029547.jpg,2
train/sad/image0029548.jpg,2
train/sad/image0029556.jpg,2
train/sad/image0029566.jpg,2
train/sad/image0029567.jpg,2
train/sad/image0029568.jpg,2
train/sad/image0029572.jpg,2
train/sad/image0029575.jpg,2
train/sad/image0029579.jpg,2
train/sad/image0029580.jpg,6
train/sad/image0029582.jpg,2
train/sad/image0029590.jpg,6
train/sad/image0029592.jpg,6
train/sad/image0029602.jpg,2
train/sad/image0029603.jpg,0
train/sad/image0029604.jpg,2
train/sad/image0029608.jpg,2
train/sad/image0029610.jpg,0
train/sad/image0029623.jpg,6
train/sad/image0029626.jpg,5
train/sad/image0029636.jpg,5
train/sad/image0029639.jpg,2
train/sad/image0029640.jpg,2
train/sad/image0029645.jpg,2
train/sad/image0029653.jpg,2
train/sad/image0029660.jpg,2
train/sad/image0029666.jpg,2
train/sad/image0029670.jpg,2
train/sad/image0029680.jpg,4
train/sad/image0029681.jpg,3
train/sad/image0029697.jpg,2
train/sad/image0029703.jpg,6
train/sad/image0029704.jpg,6
train/sad/image0029708.jpg,2
train/sad/image0029710.jpg,2
train/sad/image0029711.jpg,4
train/sad/image0029720.jpg,2
train/sad/image0029721.jpg,6
train/sad/image0029731.jpg,6
train/sad/image0029736.jpg,6
train/sad/image0029737.jpg,5
train/sad/image0029747.jpg,5
train/sad/image0029755.jpg,1
train/sad/image0029756.jpg,0
train/sad/image0029757.jpg,1
train/sad/image0029760.jpg,6
train/sad/image0029764.jpg,2
train/sad/image0029772.jpg,4
train/sad/image0029777.jpg,0
train/sad/image0029789.jpg,0
train/sad/image0029793.jpg,6
train/sad/image0029795.jpg,4
train/sad/image0029796.jpg,6
train/sad/image0029798.jpg,4
train/sad/image0029804.jpg,2
train/sad/image0029805.jpg,2
train/sad/image0029812.jpg,3
train/sad/image0029816.jpg,2
train/sad/image0029822.jpg,2
train/sad/image0029833.jpg,6
train/sad/image0029839.jpg,2
train/sad/image0029846.jpg,2
train/sad/image0029855.jpg,7
train/sad/image0029856.jpg,2
train/sad/image0029859.jpg,2
train/sad/image0029869.jpg,3
train/sad/image0029871.jpg,2
train/sad/image0029873.jpg,2
train/sad/image0029879.jpg,6
train/sad/image0029884.jpg,6
train/sad/image0029887.jpg,2
train/sad/image0029906.jpg,2
train/sad/image0029907.jpg,5
train/sad/image0029908.jpg,2
train/sad/image0029912.jpg,2
train/sad/image0029916.jpg,2
train/sad/image0029922.jpg,6
train/sad/image0029933.jpg,2
train/sad/image0029937.jpg,2
train/sad/image0029943.jpg,2
train/sad/image0029945.jpg,2
train/sad/image0029947.jpg,2
train/sad/image0029951.jpg,6
train/sad/image0029952.jpg,2
train/sad/image0029955.jpg,2
train/sad/image0029956.jpg,4
train/sad/image0029961.jpg,2
train/sad/image0029962.jpg,6
train/sad/image0029967.jpg,2
train/sad/image0029983.jpg,2
train/sad/image0030025.jpg,2
train/sad/image0030031.jpg,4
train/sad/image0030036.jpg,0
train/sad/image0030041.jpg,6
train/sad/image0030044.jpg,2
train/sad/image0030045.jpg,4
train/sad/image0030049.jpg,6
train/sad/image0030055.jpg,0
train/sad/image0030056.jpg,2
train/sad/image0030065.jpg,2
train/sad/image0030066.jpg,3
train/sad/image0030071.jpg,2
train/sad/image0030079.jpg,2
train/sad/image0030084.jpg,3
train/sad/image0030085.jpg,4
train/sad/image0030092.jpg,2
train/sad/image0030096.jpg,6
train/sad/image0030097.jpg,2
train/sad/image0030100.jpg,3
train/sad/image0030105.jpg,5
train/sad/image0030111.jpg,3
train/sad/image0030113.jpg,2
train/sad/image0030116.jpg,2
train/sad/image0030125.jpg,2
train/sad/image0030133.jpg,4
train/sad/image0030134.jpg,2
train/sad/image0030137.jpg,0
train/sad/image0030140.jpg,4
train/sad/image0030145.jpg,2
train/sad/image0030148.jpg,0
train/sad/image0030151.jpg,2
train/sad/image0030156.jpg,2
train/sad/image0030161.jpg,2
train/sad/image0030165.jpg,3
train/sad/image0030168.jpg,2
train/sad/image0030174.jpg,2
train/sad/image0030175.jpg,0
train/sad/image0030179.jpg,5
train/sad/image0030183.jpg,2
train/sad/image0030184.jpg,2
train/sad/image0030188.jpg,2
train/sad/image0030194.jpg,2
train/sad/image0030213.jpg,2
train/sad/image0030219.jpg,6
train/sad/image0030220.jpg,6
train/sad/image0030221.jpg,6
train/sad/image0030222.jpg,2
train/sad/image0030233.jpg,2
train/sad/image0030235.jpg,2
train/sad/image0030239.jpg,5
train/sad/image0030251.jpg,0
train/sad/image0030252.jpg,2
train/sad/image0030253.jpg,2
train/sad/image0030259.jpg,6
train/sad/image0030262.jpg,2
train/sad/image0030264.jpg,3
train/sad/image0030269.jpg,7
train/sad/image0030270.jpg,2
train/sad/image0030275.jpg,0
train/sad/image0030279.jpg,0
train/sad/image0030280.jpg,2
train/sad/image0030281.jpg,0
train/sad/image0030287.jpg,5
train/sad/image0030288.jpg,2
train/sad/image0030293.jpg,2
train/sad/image0030305.jpg,2
train/sad/image0030308.jpg,5
train/sad/image0030311.jpg,2
train/sad/image0030314.jpg,2
train/sad/image0030316.jpg,2
train/sad/image0030321.jpg,2
train/sad/image0030323.jpg,2
train/sad/image0030325.jpg,0
train/sad/image0030327.jpg,3
train/sad/image0030331.jpg,4
train/sad/image0030336.jpg,2
train/sad/image0030341.jpg,3
train/sad/image0030343.jpg,2
train/sad/image0030345.jpg,2
train/sad/image0030346.jpg,2
train/sad/image0030348.jpg,4
train/sad/image0030351.jpg,0
train/sad/image0030353.jpg,2
train/sad/image0030355.jpg,2
train/sad/image0030358.jpg,2
train/sad/image0030359.jpg,2
train/sad/image0030370.jpg,2
train/sad/image0030371.jpg,0
train/sad/image0030379.jpg,2
train/sad/image0030383.jpg,7
train/sad/image0030388.jpg,5
train/sad/image0030389.jpg,2
train/sad/image0030394.jpg,7
train/sad/image0030397.jpg,4
train/sad/image0030413.jpg,6
train/sad/image0030415.jpg,2
train/sad/image0030421.jpg,2
train/sad/image0030422.jpg,5
train/sad/image0030428.jpg,0
train/sad/image0030431.jpg,6
train/sad/image0030434.jpg,2
train/sad/image0030439.jpg,3
train/sad/image0030440.jpg,2
train/sad/image0030444.jpg,2
train/sad/image0030452.jpg,4
train/sad/image0030464.jpg,6
train/sad/image0030470.jpg,6
train/sad/image0030485.jpg,2
train/sad/image0030488.jpg,5
train/sad/image0030489.jpg,0
train/sad/image0030491.jpg,2
train/sad/image0031265.jpg,4
train/sad/image0032475.jpg,2
train/surprise/image0023975.jpg,3
train/surprise/image0023995.jpg,3
train/surprise/image0024002.jpg,4
train/surprise/image0024009.jpg,3
train/surprise/image0024012.jpg,3
train/surprise/image0024015.jpg,4
train/surprise/image0024016.jpg,3
train/surprise/image0024019.jpg,3
train/surprise/image0024049.jpg,3
train/surprise/image0024102.jpg,3
train/surprise/image0024118.jpg,3
train/surprise/image0024122.jpg,4
train/surprise/image0024145.jpg,3
train/surprise/image0024151.jpg,4
train/surprise/image0024159.jpg,3
train/surprise/image0024163.jpg,3
train/surprise/image0024170.jpg,3
train/surprise/image0024180.jpg,3
train/surprise/image0024216.jpg,5
train/surprise/image0024266.jpg,2
train/surprise/image0024277.jpg,3
train/surprise/image0024295.jpg,3
train/surprise/image0024300.jpg,3
train/surprise/image0024306.jpg,4
train/surprise/image0024307.jpg,3
train/surprise/image0024310.jpg,3
train/surprise/image0024315.jpg,4
train/surprise/image0024356.jpg,3
train/surprise/image0024358.jpg,3
train/surprise/image0024362.jpg,4
train/surprise/image0024392.jpg,3
train/surprise/image0024393.jpg,4
train/surprise/image0024401.jpg,3
train/surprise/image0024403.jpg,5
train/surprise/image0024413.jpg,3
train/surprise/image0024426.jpg,3
train/surprise/image0024432.jpg,3
train/surprise/image0024435.jpg,5
train/surprise/image0024445.jpg,5
train/surprise/image0024449.jpg,3
train/surprise/image0024451.jpg,3
train/surprise/image0024457.jpg,3
train/surprise/image0024458.jpg,4
train/surprise/image0024487.jpg,3
train/surprise/image0024505.jpg,3
train/surprise/image0024510.jpg,3
train/surprise/image0024527.jpg,3
train/surprise/image0024559.jpg,0
train/surprise/image0024570.jpg,3
train/surprise/image0024588.jpg,3
train/surprise/image0024589.jpg,3
train/surprise/image0024594.jpg,3
train/surprise/image0024597.jpg,3
train/surprise/image0024644.jpg,3
train/surprise/image0024647.jpg,0
train/surprise/image0024667.jpg,3
train/surprise/image0024672.jpg,3
train/surprise/image0024679.jpg,3
train/surprise/image0024697.jpg,3
train/surprise/image0024702.jpg,5
train/surprise/image0024715.jpg,3
train/surprise/image0024733.jpg,3
train/surprise/image0024734.jpg,4
train/surprise/image0024740.jpg,3
train/surprise/image0024747.jpg,3
train/surprise/image0024760.jpg,3
train/surprise/image0024776.jpg,3
train/surprise/image0024803.jpg,4
train/surprise/image0024845.jpg,2
train/surprise/image0024851.jpg,3
train/surprise/image0024855.jpg,4
train/surprise/image0024863.jpg,3
train/surprise/image0024866.jpg,3
train/surprise/image0024867.jpg,3
train/surprise/image0024874.jpg,3
train/surprise/image0024880.jpg,1
train/surprise/image0024887.jpg,3
train/surprise/image0024899.jpg,3
train/surprise/image0024901.jpg,3
train/surprise/image0024933.jpg,6
train/surprise/image0024958.jpg,3
train/surprise/image0024985.jpg,6
train/surprise/image0025012.jpg,3
train/surprise/image0025024.jpg,3
train/surprise/image0025042.jpg,3
train/surprise/image0025059.jpg,2
train/surprise/image0025065.jpg,4
train/surprise/image0025083.jpg,3
train/surprise/image0025108.jpg,3
train/surprise/image0025111.jpg,3
train/surprise/image0025130.jpg,4
train/surprise/image0025140.jpg,3
train/surprise/image0025154.jpg,3
train/surprise/image0025171.jpg,2
train/surprise/image0025174.jpg,3
train/surprise/image0025209.jpg,3
train/surprise/image0025213.jpg,3
train/surprise/image0025224.jpg,4
train/surprise/image0025229.jpg,3
train/surprise/image0025247.jpg,3
train/surprise/image0025272.jpg,3
train/surprise/image0025289.jpg,3
train/surprise/image0025313.jpg,3
train/surprise/image0025323.jpg,0
train/surprise/image0025333.jpg,3
train/surprise/image0025334.jpg,3
train/surprise/image0025345.jpg,3
train/surprise/image0025346.jpg,3
train/surprise/image0025371.jpg,3
train/surprise/image0025389.jpg,0
train/surprise/image0025391.jpg,0
train/surprise/image0025399.jpg,5
train/surprise/image0025404.jpg,3
train/surprise/image0025408.jpg,3
train/surprise/image0025419.jpg,3
train/surprise/image0025436.jpg,3
train/surprise/image0025442.jpg,3
train/surprise/image0025449.jpg,3
train/surprise/image0025452.jpg,4
train/surprise/image0025457.jpg,4
train/surprise/image0025461.jpg,3
train/surprise/image0025465.jpg,3
train/surprise/image0025466.jpg,4
train/surprise/image0025490.jpg,0
train/surprise/image0025493.jpg,3
train/surprise/image0025501.jpg,3
train/surprise/image0025507.jpg,6
train/surprise/image0025532.jpg,3
train/surprise/image0025557.jpg,3
train/surprise/image0025571.jpg,3
train/surprise/image0025572.jpg,6
train/surprise/image0025573.jpg,3
train/surprise/image0025580.jpg,3
train/surprise/image0025595.jpg,3
train/surprise/image0025618.jpg,0
train/surprise/image0025620.jpg,5
train/surprise/image0025622.jpg,6
train/surprise/image0025637.jpg,3
train/surprise/image0025641.jpg,3
train/surprise/image0025646.jpg,4
train/surprise/image0025664.jpg,3
train/surprise/image0025668.jpg,4
train/surprise/image0025675.jpg,3
train/surprise/image0025682.jpg,3
train/surprise/image0025690.jpg,3
train/surprise/image0025692.jpg,3
train/surprise/image0025702.jpg,3
train/surprise/image0025727.jpg,4
train/surprise/image0025733.jpg,3
train/surprise/image0025737.jpg,3
train/surprise/image0025750.jpg,3
train/surprise/image0025762.jpg,3
train/surprise/image0025788.jpg,3
train/surprise/image0025791.jpg,3
train/surprise/image0025803.jpg,3
train/surprise/image0025811.jpg,3
train/surprise/image0025826.jpg,3
train/surprise/image0025836.jpg,3
train/surprise/image0025847.jpg,3
train/surprise/image0025890.jpg,3
train/surprise/image0025896.jpg,3
train/surprise/image0025903.jpg,0
train/surprise/image0025906.jpg,1
train/surprise/image0025952.jpg,1
train/surprise/image0025954.jpg,3
train/surprise/image0025974.jpg,3
train/surprise/image0025980.jpg,3
train/surprise/image0025981.jpg,3
train/surprise/image0026004.jpg,4
train/surprise/image0026005.jpg,3
train/surprise/image0026007.jpg,4
train/surprise/image0026010.jpg,3
train/surprise/image0026021.jpg,3
train/surprise/image0026034.jpg,7
train/surprise/image0026038.jpg,3
train/surprise/image0026040.jpg,3
train/surprise/image0026044.jpg,3
train/surprise/image0026054.jpg,6
train/surprise/image0026079.jpg,3
train/surprise/image0026087.jpg,0
train/surprise/image0026095.jpg,3
train/surprise/image0026108.jpg,1
train/surprise/image0026130.jpg,0
train/surprise/image0026134.jpg,3
train/surprise/image0026137.jpg,3
train/surprise/image0026151.jpg,6
train/surprise/image0026166.jpg,3
train/surprise/image0026174.jpg,6
train/surprise/image0026189.jpg,3
train/surprise/image0026198.jpg,3
train/surprise/image0026216.jpg,4
train/surprise/image0026235.jpg,3
train/surprise/image0026265.jpg,3
train/surprise/image0026271.jpg,3
train/surprise/image0026279.jpg,3
train/surprise/image0026290.jpg,3
train/surprise/image0026300.jpg,3
train/surprise/image0026303.jpg,3
train/surprise/image0026310.jpg,3
train/surprise/image0026345.jpg,3
train/surprise/image0026346.jpg,7
train/surprise/image0026373.jpg,3
train/surprise/image0026378.jpg,3
train/surprise/image0026385.jpg,0
train/surprise/image0026406.jpg,3
train/surprise/image0026419.jpg,4
train/surprise/image0026423.jpg,3
train/surprise/image0026426.jpg,3
train/surprise/image0026437.jpg,3
train/surprise/image0026462.jpg,4
train/surprise/image0026474.jpg,1
train/surprise/image0026484.jpg,4
train/surprise/image0026498.jpg,2
train/surprise/image0026499.jpg,3
train/surprise/image0026502.jpg,3
train/surprise/image0026504.jpg,3
train/surprise/image0026508.jpg,0
train/surprise/image0026520.jpg,5
train/surprise/image0026521.jpg,3
train/surprise/image0026535.jpg,6
train/surprise/image0026556.jpg,4
train/surprise/image0026562.jpg,3
train/surprise/image0026568.jpg,2
train/surprise/image0026571.jpg,3
train/surprise/image0026582.jpg,3
train/surprise/image0026598.jpg,3
train/surprise/image0026608.jpg,3
train/surprise/image0026614.jpg,5
train/surprise/image0026615.jpg,3
train/surprise/image0026630.jpg,3
train/surprise/image0026631.jpg,3
train/surprise/image0026633.jpg,4
train/surprise/image0026634.jpg,3
train/surprise/image0026641.jpg,3
train/surprise/image0026653.jpg,3
train/surprise/image0026658.jpg,5
train/surprise/image0026660.jpg,3
train/surprise/image0026666.jpg,3
train/surprise/image0026669.jpg,0
train/surprise/image0026673.jpg,4
train/surprise/image0026679.jpg,3
train/surprise/image0026682.jpg,3
train/surprise/image0026693.jpg,3
train/surprise/image0026694.jpg,3
train/surprise/image0026697.jpg,3
train/surprise/image0026724.jpg,3
train/surprise/image0026730.jpg,4
train/surprise/image0026734.jpg,0
train/surprise/image0026756.jpg,0
train/surprise/image0026757.jpg,3
train/surprise/image0026766.jpg,3
train/surprise/image0026779.jpg,3
train/surprise/image0026780.jpg,5
train/surprise/image0026785.jpg,7
train/surprise/image0026788.jpg,3
train/surprise/image0026791.jpg,3
train/surprise/image0026796.jpg,3
train/surprise/image0026805.jpg,1
train/surprise/image0026813.jpg,3
train/surprise/image0026828.jpg,7
train/surprise/image0026843.jpg,5
train/surprise/image0026849.jpg,3
train/surprise/image0026850.jpg,4
train/surprise/image0026857.jpg,3
train/surprise/image0026863.jpg,4
train/surprise/image0026867.jpg,3
train/surprise/image0026871.jpg,3
train/surprise/image0026882.jpg,3
train/surprise/image0026884.jpg,3
train/surprise/image0026890.jpg,4
train/surprise/image0026904.jpg,3
train/surprise/image0026908.jpg,3
train/surprise/image0026909.jpg,3
train/surprise/image0026912.jpg,3
train/surprise/image0026930.jpg,3
train/surprise/image0026932.jpg,0
train/surprise/image0026936.jpg,3
train/surprise/image0026937.jpg,3
train/surprise/image0026942.jpg,3
train/surprise/image0026943.jpg,4
train/surprise/image0026953.jpg,3
train/surprise/image0026963.jpg,3
train/surprise/image0026982.jpg,3
train/surprise/image0026994.jpg,6
train/surprise/image0027010.jpg,1
train/surprise/image0027012.jpg,3
train/surprise/image0027028.jpg,3
train/surprise/image0027037.jpg,6
train/surprise/image0027048.jpg,5
train/surprise/image0027049.jpg,3
train/surprise/image0027054.jpg,3
train/surprise/image0027056.jpg,3
train/surprise/image0027083.jpg,3
train/surprise/image0027086.jpg,3
train/surprise/image0027098.jpg,3
train/surprise/image0027103.jpg,1
train/surprise/image0027106.jpg,4
train/surprise/image0027109.jpg,3
train/surprise/image0027114.jpg,4
train/surprise/image0027115.jpg,3
train/surprise/image0027120.jpg,3
train/surprise/image0027124.jpg,3
train/surprise/image0027127.jpg,3
train/surprise/image0027129.jpg,3
train/surprise/image0027141.jpg,3
train/surprise/image0027147.jpg,3
train/surprise/image0027166.jpg,4
train/surprise/image0027176.jpg,4
train/surprise/image0027192.jpg,3
train/surprise/image0027199.jpg,4
train/surprise/image0027222.jpg,3
train/surprise/image0027238.jpg,6
train/surprise/image0027256.jpg,3
train/surprise/image0027263.jpg,4
train/surprise/image0027277.jpg,3
train/surprise/image0027292.jpg,4
train/surprise/image0027293.jpg,3
train/surprise/image0027306.jpg,6
train/surprise/image0027315.jpg,3
train/surprise/image0027326.jpg,4
train/surprise/image0027333.jpg,3
train/surprise/image0027350.jpg,4
train/surprise/image0027359.jpg,3
train/surprise/image0027363.jpg,4
train/surprise/image0027367.jpg,4
train/surprise/image0027368.jpg,3
train/surprise/image0027369.jpg,0
train/surprise/image0027377.jpg,3
train/surprise/image0027378.jpg,3
train/surprise/image0027390.jpg,3
train/surprise/image0027395.jpg,3
train/surprise/image0027396.jpg,1
train/surprise/image0027404.jpg,3
train/surprise/image0027408.jpg,4
train/surprise/image0027409.jpg,3
train/surprise/image0027414.jpg,4
train/surprise/image0027417.jpg,3
train/surprise/image0027420.jpg,3
train/surprise/image0027424.jpg,4
train/surprise/image0027429.jpg,3
train/surprise/image0027442.jpg,4
train/surprise/image0027455.jpg,4
train/surprise/image0027460.jpg,3
train/surprise/image0027462.jpg,3
train/surprise/image0027467.jpg,3
train/surprise/image0027470.jpg,3
train/surprise/image0027478.jpg,3
train/surprise/image0027489.jpg,1
train/surprise/image0027497.jpg,3
train/surprise/image0027499.jpg,4
train/surprise/image0027522.jpg,3
train/surprise/image0027528.jpg,7
train/surprise/image0027530.jpg,3
train/surprise/image0027538.jpg,4
train/surprise/image0027555.jpg,4
train/surprise/image0027572.jpg,4
train/surprise/image0027573.jpg,4
train/surprise/image0027574.jpg,4
train/surprise/image0027577.jpg,4
train/surprise/image0027579.jpg,3
train/surprise/image0027586.jpg,6
train/surprise/image0027587.jpg,4
train/surprise/image0027592.jpg,3
train/surprise/image0027599.jpg,3
train/surprise/image0027604.jpg,3
train/surprise/image0027606.jpg,3
train/surprise/image0027612.jpg,3
train/surprise/image0027620.jpg,3
train/surprise/image0027621.jpg,3
train/surprise/image0027636.jpg,2
train/surprise/image0027639.jpg,3
train/surprise/image0027645.jpg,3
train/surprise/image0027646.jpg,3
train/surprise/image0027650.jpg,3
train/surprise/image0027653.jpg,3
train/surprise/image0027663.jpg,3
train/surprise/image0027672.jpg,2
train/surprise/image0027693.jpg,4
train/surprise/image0027696.jpg,3
train/surprise/image0027697.jpg,7
train/surprise/image0027704.jpg,3
train/surprise/image0027713.jpg,3
train/surprise/image0027722.jpg,3
train/surprise/image0027729.jpg,0
train/surprise/image0027730.jpg,1
train/surprise/image0027739.jpg,3
train/surprise/image0027749.jpg,3
train/surprise/image0027750.jpg,6
train/surprise/image0027769.jpg,4
train/surprise/image0027773.jpg,3
train/surprise/image0027774.jpg,3
train/surprise/image0027777.jpg,3
train/surprise/image0027778.jpg,3
train/surprise/image0027780.jpg,3
train/surprise/image0027782.jpg,3
train/surprise/image0027785.jpg,3
train/surprise/image0027789.jpg,4
train/surprise/image0027801.jpg,0
train/surprise/image0027805.jpg,3
train/surprise/image0027821.jpg,3
train/surprise/image0027823.jpg,3
train/surprise/image0027825.jpg,5
train/surprise/image0027834.jpg,3
train/surprise/image0027843.jpg,3
train/surprise/image0027844.jpg,3
train/surprise/image0027846.jpg,4
train/surprise/image0027863.jpg,3
train/surprise/image0027866.jpg,4
train/surprise/image0027868.jpg,3
train/surprise/image0027876.jpg,3
train/surprise/image0027890.jpg,3
train/surprise/image0027896.jpg,5
train/surprise/image0027908.jpg,3
train/surprise/image0027915.jpg,3
train/surprise/image0027925.jpg,3
train/surprise/image0027929.jpg,3
train/surprise/image0027948.jpg,4
train/surprise/image0027950.jpg,3
train/surprise/image0027951.jpg,3
train/surprise/image0027962.jpg,4
train/surprise/image0027968.jpg,3
train/surprise/image0027970.jpg,3
train/surprise/image0027982.jpg,3
train/surprise/image0027989.jpg,3
train/surprise/image0027993.jpg,5
train/surprise/image0027997.jpg,3
train/surprise/image0028018.jpg,6
train/surprise/image0028045.jpg,3
train/surprise/image0028050.jpg,3
train/surprise/image0028054.jpg,2
train/surprise/image0028055.jpg,4
train/surprise/image0028058.jpg,3
train/surprise/image0028061.jpg,3
train/surprise/image0028066.jpg,4
train/surprise/image0028077.jpg,0
train/surprise/image0028082.jpg,3
train/surprise/image0028088.jpg,3
train/surprise/image0028090.jpg,4
train/surprise/image0028094.jpg,4
train/surprise/image0028098.jpg,2
train/surprise/image0028118.jpg,4
train/surprise/image0028135.jpg,3
train/surprise/image0028137.jpg,3
train/surprise/image0028138.jpg,4
train/surprise/image0028140.jpg,3
train/surprise/image0028142.jpg,3
train/surprise/image0028145.jpg,3
train/surprise/image0028163.jpg,3
train/surprise/image0028164.jpg,3
train/surprise/image0028185.jpg,3
train/surprise/image0028186.jpg,6
train/surprise/image0028192.jpg,3
train/surprise/image0028206.jpg,3
train/surprise/image0028208.jpg,3
train/surprise/image0028223.jpg,3
train/surprise/image0028241.jpg,0
train/surprise/image0028254.jpg,1
train/surprise/image0028296.jpg,5
train/surprise/image0028301.jpg,0
train/surprise/image0028307.jpg,3
train/surprise/image0028308.jpg,5
train/surprise/image0028311.jpg,3
train/surprise/image0028314.jpg,4
train/surprise/image0028315.jpg,3
train/surprise/image0028327.jpg,2
train/surprise/image0028328.jpg,3
train/surprise/image0028348.jpg,4
train/surprise/image0028359.jpg,1
train/surprise/image0028364.jpg,3
train/surprise/image0028377.jpg,3
train/surprise/image0028392.jpg,3
train/surprise/image0028405.jpg,3
train/surprise/image0028408.jpg,3
train/surprise/image0028413.jpg,3
train/surprise/image0028420.jpg,3
train/surprise/image0028425.jpg,0
train/surprise/image0028433.jpg,3
train/surprise/image0028439.jpg,2
train/surprise/image0028440.jpg,3
train/surprise/image0028444.jpg,3
train/surprise/image0028451.jpg,3
train/surprise/image0028474.jpg,3
train/surprise/image0028477.jpg,3
train/surprise/image0028488.jpg,4
train/surprise/image0028489.jpg,3
train/surprise/image0028492.jpg,3
train/surprise/image0028523.jpg,3
train/surprise/image0028531.jpg,3
train/surprise/image0028534.jpg,3
train/surprise/image0028535.jpg,3
train/surprise/image0028538.jpg,4
train/surprise/image0028542.jpg,3
train/surprise/image0028545.jpg,4
train/surprise/image0028552.jpg,3
train/surprise/image0028554.jpg,3
train/surprise/image0028560.jpg,6
train/surprise/image0028576.jpg,4
train/surprise/image0028580.jpg,4
train/surprise/image0028593.jpg,3
train/surprise/image0028611.jpg,3
train/surprise/image0028618.jpg,3
train/surprise/image0028625.jpg,4
train/surprise/image0028626.jpg,3
train/surprise/image0028629.jpg,3
train/surprise/image0028633.jpg,0
train/surprise/image0028635.jpg,3
train/surprise/image0028637.jpg,3
train/surprise/image0028639.jpg,3
train/surprise/image0028649.jpg,3
train/surprise/image0028650.jpg,3
train/surprise/image0028659.jpg,3
train/surprise/image0028697.jpg,3
train/surprise/image0028704.jpg,3
train/surprise/image0028710.jpg,0
train/surprise/image0028714.jpg,3
train/surprise/image0028724.jpg,6
train/surprise/image0028726.jpg,3
train/surprise/image0028742.jpg,7
train/surprise/image0028744.jpg,3
train/surprise/image0028753.jpg,4
train/surprise/image0028766.jpg,3
train/surprise/image0028767.jpg,3
train/surprise/image0028770.jpg,5
train/surprise/image0028775.jpg,5
train/surprise/image0028783.jpg,4
train/surprise/image0028789.jpg,3
train/surprise/image0028794.jpg,3
train/surprise/image0028796.jpg,0
train/surprise/image0028798.jpg,5
train/surprise/image0028801.jpg,3
train/surprise/image0028807.jpg,3
train/surprise/image0028820.jpg,6
train/surprise/image0028821.jpg,3
train/surprise/image0028838.jpg,3
train/surprise/image0028842.jpg,3
train/surprise/image0028847.jpg,4
train/surprise/image0028877.jpg,4
train/surprise/image0028878.jpg,3
train/surprise/image0028883.jpg,3
train/surprise/image0028885.jpg,4
train/surprise/image0028912.jpg,2
train/surprise/image0028921.jpg,3
train/surprise/image0028922.jpg,3
train/surprise/image0028946.jpg,1
train/surprise/image0028949.jpg,0
train/surprise/image0028956.jpg,3
train/surprise/image0028971.jpg,3
train/surprise/image0028981.jpg,3
train/surprise/image0028995.jpg,5
train/surprise/image0028998.jpg,3
train/surprise/image0029014.jpg,3
train/surprise/image0029019.jpg,4
train/surprise/image0029030.jpg,4
train/surprise/image0029047.jpg,3
train/surprise/image0029048.jpg,3
train/surprise/image0029050.jpg,3
train/surprise/image0029052.jpg,3
train/surprise/image0029060.jpg,4
train/surprise/image0029067.jpg,3
train/surprise/image0029073.jpg,3
train/surprise/image0029083.jpg,4
train/surprise/image0029085.jpg,3
train/surprise/image0029097.jpg,3
train/surprise/image0029106.jpg,3
train/surprise/image0029108.jpg,3
train/surprise/image0029122.jpg,4
train/surprise/image0029128.jpg,4
train/surprise/image0029135.jpg,3
train/surprise/image0029141.jpg,3
train/surprise/image0029144.jpg,3
train/surprise/image0029151.jpg,3
train/surprise/image0029155.jpg,3
train/surprise/image0029170.jpg,3
train/surprise/image0029173.jpg,3
train/surprise/image0029177.jpg,3
train/surprise/image0029187.jpg,3
train/surprise/image0029189.jpg,3
train/surprise/image0029200.jpg,3
train/surprise/image0029206.jpg,3
train/surprise/image0029218.jpg,3
train/surprise/image0029225.jpg,3
train/surprise/image0029239.jpg,3
train/surprise/image0029240.jpg,3
train/surprise/image0029243.jpg,3
train/surprise/image0029244.jpg,3
train/surprise/image0029246.jpg,3
train/surprise/image0029248.jpg,4
train/surprise/image0029258.jpg,4
train/surprise/image0029262.jpg,1
train/surprise/image0029266.jpg,3
train/surprise/image0029277.jpg,3
train/surprise/image0029279.jpg,3
train/surprise/image0029282.jpg,3
train/surprise/image0029283.jpg,3
train/surprise/image0029289.jpg,2
train/surprise/image0029300.jpg,3
train/surprise/image0029381.jpg,3
train/surprise/image0029385.jpg,2
train/surprise/image0029387.jpg,2
train/surprise/image0029389.jpg,3
train/surprise/image0029395.jpg,3
train/surprise/image0029414.jpg,4
train/surprise/image0029429.jpg,3
train/surprise/image0029435.jpg,5
train/surprise/image0029451.jpg,3
train/surprise/image0029460.jpg,3
train/surprise/image0029480.jpg,3
train/surprise/image0029486.jpg,3
train/surprise/image0029487.jpg,3
train/surprise/image0029489.jpg,2
train/surprise/image0029499.jpg,3
train/surprise/image0029527.jpg,3
train/surprise/image0029551.jpg,3
train/surprise/image0029555.jpg,3
train/surprise/image0029564.jpg,3
train/surprise/image0029574.jpg,3
train/surprise/image0029589.jpg,1
train/surprise/image0029606.jpg,3
train/surprise/image0029613.jpg,3
train/surprise/image0029620.jpg,7
train/surprise/image0029625.jpg,3
train/surprise/image0029631.jpg,3
train/surprise/image0029634.jpg,3
train/surprise/image0029648.jpg,3
train/surprise/image0029650.jpg,3
train/surprise/image0029669.jpg,3
train/surprise/image0029671.jpg,0
train/surprise/image0029682.jpg,3
train/surprise/image0029683.jpg,3
train/surprise/image0029687.jpg,3
train/surprise/image0029688.jpg,2
train/surprise/image0029692.jpg,3
train/surprise/image0029722.jpg,3
train/surprise/image0029725.jpg,0
train/surprise/image0029730.jpg,3
train/surprise/image0029733.jpg,3
train/surprise/image0029752.jpg,3
train/surprise/image0029767.jpg,1
train/surprise/image0029775.jpg,5
train/surprise/image0029781.jpg,3
train/surprise/image0029785.jpg,3
train/surprise/image0029794.jpg,3
train/surprise/image0029803.jpg,3
train/surprise/image0029811.jpg,4
train/surprise/image0029821.jpg,3
train/surprise/image0029823.jpg,3
train/surprise/image0029826.jpg,3
train/surprise/image0029827.jpg,3
train/surprise/image0029832.jpg,3
train/surprise/image0029854.jpg,3
train/surprise/image0029868.jpg,3
train/surprise/image0029893.jpg,7
train/surprise/image0029897.jpg,3
train/surprise/image0029905.jpg,3
train/surprise/image0029931.jpg,6
train/surprise/image0029938.jpg,3
train/surprise/image0029939.jpg,3
train/surprise/image0029940.jpg,3
train/surprise/image0029957.jpg,4
train/surprise/image0029971.jpg,3
train/surprise/image0029975.jpg,3
train/surprise/image0029985.jpg,4
train/surprise/image0029986.jpg,4
train/surprise/image0029988.jpg,3
train/surprise/image0029992.jpg,3
train/surprise/image0029996.jpg,3
train/surprise/image0030002.jpg,3
train/surprise/image0030005.jpg,0
train/surprise/image0030010.jpg,3
train/surprise/image0030012.jpg,3
train/surprise/image0030013.jpg,3
train/surprise/image0030014.jpg,3
train/surprise/image0030016.jpg,2
train/surprise/image0030017.jpg,3
train/surprise/image0030020.jpg,7
train/surprise/image0030024.jpg,3
train/surprise/image0030026.jpg,3
train/surprise/image0030035.jpg,3
train/surprise/image0030042.jpg,3
train/surprise/image0030052.jpg,3
train/surprise/image0030058.jpg,4
train/surprise/image0030076.jpg,3
train/surprise/image0030089.jpg,6
train/surprise/image0030093.jpg,3
train/surprise/image0030099.jpg,5
train/surprise/image0030103.jpg,3
train/surprise/image0030112.jpg,4
train/surprise/image0030117.jpg,3
train/surprise/image0030138.jpg,3
train/surprise/image0030144.jpg,3
train/surprise/image0030147.jpg,3
train/surprise/image0030149.jpg,3
train/surprise/image0030163.jpg,2
train/surprise/image0030170.jpg,3
train/surprise/image0030186.jpg,5
train/surprise/image0030199.jpg,3
train/surprise/image0030203.jpg,3
train/surprise/image0030206.jpg,3
train/surprise/image0030249.jpg,3
train/surprise/image0030256.jpg,3
train/surprise/image0030261.jpg,4
train/surprise/image0030274.jpg,3
train/surprise/image0030282.jpg,3
train/surprise/image0030285.jpg,4
train/surprise/image0030296.jpg,1
train/surprise/image0030310.jpg,3
train/surprise/image0030324.jpg,3
train/surprise/image0030344.jpg,3
train/surprise/image0030347.jpg,3
train/surprise/image0030350.jpg,3
train/surprise/image0030367.jpg,4
train/surprise/image0030387.jpg,3
train/surprise/image0030404.jpg,3
train/surprise/image0030405.jpg,3
train/surprise/image0030419.jpg,3
train/surprise/image0030420.jpg,3
train/surprise/image0030433.jpg,3
train/surprise/image0030437.jpg,7
train/surprise/image0030443.jpg,6
train/surprise/image0030449.jpg,0
train/surprise/image0030454.jpg,3
train/surprise/image0030461.jpg,4
train/surprise/image0030469.jpg,4
train/surprise/image0030472.jpg,3
train/surprise/image0030474.jpg,3
train/surprise/image0030478.jpg,3
train/surprise/image0030479.jpg,1
train/surprise/image0030505.jpg,3
train/surprise/image0030507.jpg,4
train/surprise/image0030518.jpg,3
train/surprise/image0030520.jpg,4
train/surprise/image0030558.jpg,3
train/surprise/image0030559.jpg,3
train/surprise/image0030567.jpg,4
train/surprise/image0030569.jpg,6
train/surprise/image0030572.jpg,4
train/surprise/image0030580.jpg,3
train/surprise/image0030589.jpg,2
train/surprise/image0030591.jpg,3
train/surprise/image0030598.jpg,0
train/surprise/image0030611.jpg,1
train/surprise/image0030616.jpg,3
train/surprise/image0030622.jpg,3
train/surprise/image0030629.jpg,3
train/surprise/image0030641.jpg,3
train/surprise/image0030649.jpg,3
train/surprise/image0030650.jpg,3
train/surprise/image0030651.jpg,3
train/surprise/image0030653.jpg,3
train/surprise/image0030655.jpg,1
train/surprise/image0030662.jpg,4
train/surprise/image0030671.jpg,4
train/surprise/image0030672.jpg,3
train/surprise/image0030678.jpg,3
train/surprise/image0030682.jpg,4
train/surprise/image0030691.jpg,3
train/surprise/image0030699.jpg,3
train/surprise/image0030703.jpg,3
train/surprise/image0030710.jpg,3
train/surprise/image0030711.jpg,3
train/surprise/image0030717.jpg,3
train/surprise/image0030720.jpg,3
train/surprise/image0030721.jpg,3
train/surprise/image0030724.jpg,3
train/surprise/image0030726.jpg,3
train/surprise/image0030736.jpg,5
train/surprise/image0030744.jpg,3
train/surprise/image0030756.jpg,3
train/surprise/image0030758.jpg,5
train/surprise/image0030761.jpg,3
train/surprise/image0030762.jpg,3
train/surprise/image0030766.jpg,3
train/surprise/image0030767.jpg,4
train/surprise/image0030770.jpg,5
train/surprise/image0030771.jpg,3
train/surprise/image0030773.jpg,3
train/surprise/image0030784.jpg,3
train/surprise/image0030790.jpg,3
train/surprise/image0030791.jpg,3
train/surprise/image0030793.jpg,3
train/surprise/image0030794.jpg,1
train/surprise/image0030795.jpg,2
train/surprise/image0030797.jpg,3
train/surprise/image0030799.jpg,3
train/surprise/image0030800.jpg,3
train/surprise/image0030801.jpg,3
train/surprise/image0030804.jpg,3
train/surprise/image0030816.jpg,1
train/surprise/image0030822.jpg,3
train/surprise/image0030824.jpg,3
train/surprise/image0030825.jpg,3
train/surprise/image0030828.jpg,3
train/surprise/image0030829.jpg,4
train/surprise/image0030833.jpg,3
train/surprise/image0030836.jpg,3
train/surprise/image0030842.jpg,3
train/surprise/image0030850.jpg,3
train/surprise/image0030851.jpg,3
train/surprise/image0030853.jpg,4
train/surprise/image0030859.jpg,3
train/surprise/image0030860.jpg,3
train/surprise/image0030863.jpg,4
train/surprise/image0030880.jpg,0
train/surprise/image0030881.jpg,3
train/surprise/image0030890.jpg,5
train/surprise/image0030892.jpg,3
train/surprise/image0030896.jpg,4
train/surprise/image0030902.jpg,3
train/surprise/image0030913.jpg,3
train/surprise/image0030915.jpg,0
train/surprise/image0030917.jpg,3
train/surprise/image0030922.jpg,3
train/surprise/image0030932.jpg,3
train/surprise/image0030935.jpg,3
train/surprise/image0030936.jpg,1
train/surprise/image0030937.jpg,3
train/surprise/image0030938.jpg,4
train/surprise/image0030943.jpg,3
train/surprise/image0030947.jpg,3
train/surprise/image0030948.jpg,3
train/surprise/image0030954.jpg,4
train/surprise/image0030955.jpg,5
train/surprise/image0030958.jpg,3
train/surprise/image0030961.jpg,3
train/surprise/image0030962.jpg,3
train/surprise/image0030965.jpg,3
train/surprise/image0030966.jpg,3
train/surprise/image0030968.jpg,4
train/surprise/image0030969.jpg,3
train/surprise/image0030972.jpg,4
train/surprise/image0030973.jpg,3
train/surprise/image0030974.jpg,1
train/surprise/image0030975.jpg,6
train/surprise/image0030976.jpg,3
train/surprise/image0030982.jpg,3
train/surprise/image0031004.jpg,3
train/surprise/image0031011.jpg,3
train/surprise/image0031017.jpg,4
train/surprise/image0031019.jpg,3
train/surprise/image0031022.jpg,0
train/surprise/image0031026.jpg,3
train/surprise/image0031027.jpg,3
train/surprise/image0031028.jpg,3
train/surprise/image0031036.jpg,3
train/surprise/image0031038.jpg,3
train/surprise/image0031047.jpg,3
train/surprise/image0031048.jpg,3
train/surprise/image0031052.jpg,3
train/surprise/image0031054.jpg,3
train/surprise/image0031060.jpg,3
train/surprise/image0031066.jpg,3
train/surprise/image0031071.jpg,4
train/surprise/image0031072.jpg,3
train/surprise/image0031074.jpg,3
train/surprise/image0031075.jpg,3
train/surprise/image0031080.jpg,3
train/surprise/image0031081.jpg,3
train/surprise/image0031083.jpg,3
train/surprise/image0031085.jpg,3
train/surprise/image0031088.jpg,4
train/surprise/image0031091.jpg,3
train/surprise/image0031095.jpg,3
train/surprise/image0031096.jpg,3
train/surprise/image0031105.jpg,3
train/surprise/image0031110.jpg,4
train/surprise/image0031111.jpg,3
train/surprise/image0031115.jpg,3
train/surprise/image0031117.jpg,3
train/surprise/image0031119.jpg,0
train/surprise/image0031125.jpg,3
train/surprise/image0031131.jpg,3
train/surprise/image0031133.jpg,3
train/surprise/image0031134.jpg,3
train/surprise/image0031140.jpg,3
train/surprise/image0031141.jpg,4
train/surprise/image0031146.jpg,0
train/surprise/image0031150.jpg,0
train/surprise/image0031151.jpg,3
train/surprise/image0031158.jpg,3
train/surprise/image0031159.jpg,4
train/surprise/image0031161.jpg,3
train/surprise/image0031167.jpg,4
train/surprise/image0031171.jpg,3
train/surprise/image0031172.jpg,3
train/surprise/image0031176.jpg,3
train/surprise/image0031177.jpg,3
train/surprise/image0031178.jpg,3
train/surprise/image0031180.jpg,3
train/surprise/image0031181.jpg,3
train/surprise/image0031185.jpg,7
train/surprise/image0031186.jpg,4
train/surprise/image0031190.jpg,5
train/surprise/image0031192.jpg,3
train/surprise/image0031193.jpg,3
train/surprise/image0031194.jpg,3
train/surprise/image0031196.jpg,3
train/surprise/image0031199.jpg,3
train/surprise/image0031200.jpg,2
train/surprise/image0031204.jpg,3
train/surprise/image0031205.jpg,3
train/surprise/image0031209.jpg,6
train/surprise/image0031218.jpg,3
train/surprise/image0031224.jpg,0
train/surprise/image0031229.jpg,3
train/surprise/image0031230.jpg,3
train/surprise/image0031238.jpg,3
train/surprise/image0031241.jpg,3
train/surprise/image0031245.jpg,3
train/surprise/image0031248.jpg,3
train/surprise/image0031249.jpg,3
train/surprise/image0031250.jpg,3
train/surprise/image0031257.jpg,3
train/surprise/image0031259.jpg,3
train/surprise/image0031260.jpg,3
train/surprise/image0031262.jpg,4
train/surprise/image0031264.jpg,3
train/surprise/image0031268.jpg,3
train/surprise/image0031271.jpg,3
train/surprise/image0031273.jpg,2
train/surprise/image0031275.jpg,3
train/surprise/image0031276.jpg,3
train/surprise/image0031280.jpg,3
train/surprise/image0031281.jpg,3
train/surprise/image0031282.jpg,4
train/surprise/image0031284.jpg,3
train/surprise/image0031285.jpg,2
train/surprise/image0031286.jpg,3
train/surprise/image0031288.jpg,3
train/surprise/image0031292.jpg,3
train/surprise/image0031296.jpg,3
train/surprise/image0031300.jpg,4
train/surprise/image0031301.jpg,3
train/surprise/image0031305.jpg,3
train/surprise/image0031306.jpg,3
train/surprise/image0031310.jpg,4
train/surprise/image0031313.jpg,3
train/surprise/image0031316.jpg,3
train/surprise/image0031317.jpg,3
train/surprise/image0031318.jpg,4
train/surprise/image0031324.jpg,4
train/surprise/image0031326.jpg,0
train/surprise/image0031327.jpg,3
train/surprise/image0031331.jpg,3
train/surprise/image0031333.jpg,3
train/surprise/image0031334.jpg,3
train/surprise/image0031336.jpg,3
train/surprise/image0031337.jpg,2
train/surprise/image0031341.jpg,3
train/surprise/image0031344.jpg,3
train/surprise/image0031350.jpg,3
train/surprise/image0031351.jpg,3
train/surprise/image0031356.jpg,0
train/surprise/image0031357.jpg,3
train/surprise/image0031361.jpg,0
train/surprise/image0031363.jpg,3
train/surprise/image0031374.jpg,3
train/surprise/image0031378.jpg,3
train/surprise/image0031381.jpg,3
train/surprise/image0031382.jpg,3
train/surprise/image0031384.jpg,3
train/surprise/image0031388.jpg,1
train/surprise/image0031394.jpg,3
train/surprise/image0031403.jpg,3
train/surprise/image0031404.jpg,3
train/surprise/image0031408.jpg,0
train/surprise/image0031413.jpg,3
train/surprise/image0031419.jpg,1
train/surprise/image0031420.jpg,1
train/surprise/image0031431.jpg,3
train/surprise/image0031434.jpg,3
train/surprise/image0031439.jpg,3
train/surprise/image0031442.jpg,3
train/surprise/image0031446.jpg,4
train/surprise/image0031449.jpg,3
train/surprise/image0031450.jpg,3
train/surprise/image0031451.jpg,6
train/surprise/image0031452.jpg,3
train/surprise/image0031454.jpg,3
train/surprise/image0031456.jpg,3
train/surprise/image0031461.jpg,4
train/surprise/image0031468.jpg,3
train/surprise/image0031469.jpg,5
train/surprise/image0031473.jpg,3
train/surprise/image0031481.jpg,3
train/surprise/image0031485.jpg,4
train/surprise/image0031486.jpg,2
train/surprise/image0031487.jpg,3
train/surprise/image0031489.jpg,3
train/surprise/image0031490.jpg,4
train/surprise/image0031491.jpg,3
train/surprise/image0031494.jpg,3
train/surprise/image0031496.jpg,4
train/surprise/image0031497.jpg,3
train/surprise/image0031499.jpg,3
train/surprise/image0031500.jpg,1
train/surprise/image0031502.jpg,3
train/surprise/image0031506.jpg,3
train/surprise/image0031517.jpg,3
train/surprise/image0031530.jpg,3
train/surprise/image0031533.jpg,3
train/surprise/image0031538.jpg,3
train/surprise/image0031540.jpg,3
train/surprise/image0031541.jpg,3
train/surprise/image0031542.jpg,3
train/surprise/image0031543.jpg,3
train/surprise/image0031546.jpg,3
train/surprise/image0031551.jpg,3
train/surprise/image0031558.jpg,3
train/surprise/image0031561.jpg,3
train/surprise/image0031574.jpg,3
train/surprise/image0031579.jpg,4
train/surprise/image0031582.jpg,3
train/surprise/image0031584.jpg,6
train/surprise/image0031587.jpg,3
train/surprise/image0031593.jpg,2
train/surprise/image0031598.jpg,3
train/surprise/image0031601.jpg,3
train/surprise/image0031606.jpg,4
train/surprise/image0031610.jpg,3
train/surprise/image0031615.jpg,3
train/surprise/image0031622.jpg,3
train/surprise/image0031628.jpg,3
train/surprise/image0031635.jpg,3
train/surprise/image0031637.jpg,3
train/surprise/image0031639.jpg,3
train/surprise/image0031651.jpg,3
train/surprise/image0031668.jpg,4
train/surprise/image0031669.jpg,3
train/surprise/image0031677.jpg,4
train/surprise/image0031681.jpg,3
train/surprise/image0031690.jpg,3
train/surprise/image0031691.jpg,4
train/surprise/image0031692.jpg,3
train/surprise/image0031700.jpg,3
train/surprise/image0031702.jpg,3
train/surprise/image0031709.jpg,3
train/surprise/image0031710.jpg,3
train/surprise/image0031712.jpg,3
train/surprise/image0031713.jpg,3
train/surprise/image0031714.jpg,3
train/surprise/image0031717.jpg,3
train/surprise/image0031721.jpg,3
train/surprise/image0031722.jpg,4
train/surprise/image0031752.jpg,3
train/surprise/image0031756.jpg,3
train/surprise/image0031757.jpg,3
train/surprise/image0031763.jpg,3
train/surprise/image0031764.jpg,4
train/surprise/image0031765.jpg,4
train/surprise/image0031769.jpg,3
train/surprise/image0031774.jpg,3
train/surprise/image0031775.jpg,3
train/surprise/image0031778.jpg,3
train/surprise/image0031782.jpg,3
train/surprise/image0031785.jpg,3
train/surprise/image0031786.jpg,3
train/surprise/image0031789.jpg,6
train/surprise/image0031792.jpg,3
train/surprise/image0031796.jpg,3
train/surprise/image0031799.jpg,7
train/surprise/image0031800.jpg,3
train/surprise/image0031803.jpg,3
train/surprise/image0031805.jpg,3
train/surprise/image0031811.jpg,3
train/surprise/image0031814.jpg,3
train/surprise/image0031817.jpg,3
train/surprise/image0031826.jpg,5
train/surprise/image0031827.jpg,4
train/surprise/image0031836.jpg,3
train/surprise/image0031840.jpg,3
train/surprise/image0031842.jpg,4
train/surprise/image0031852.jpg,3
train/surprise/image0031856.jpg,0
train/surprise/image0031862.jpg,6
train/surprise/image0031865.jpg,3
train/surprise/image0031867.jpg,4
train/surprise/image0031870.jpg,4
train/surprise/image0031871.jpg,3
train/surprise/image0031872.jpg,3
train/surprise/image0031874.jpg,3
train/surprise/image0031876.jpg,3
train/surprise/image0031877.jpg,6
train/surprise/image0031879.jpg,3
train/surprise/image0031882.jpg,1
train/surprise/image0031887.jpg,0
train/surprise/image0031891.jpg,3
train/surprise/image0031892.jpg,3
train/surprise/image0031893.jpg,0
train/surprise/image0031895.jpg,3
train/surprise/image0031897.jpg,3
train/surprise/image0031901.jpg,3
train/surprise/image0031903.jpg,3
train/surprise/image0031915.jpg,1
train/surprise/image0031916.jpg,4
train/surprise/image0031918.jpg,4
train/surprise/image0031920.jpg,3
train/surprise/image0031930.jpg,4
train/surprise/image0031931.jpg,3
train/surprise/image0031932.jpg,3
train/surprise/image0031936.jpg,3
train/surprise/image0031937.jpg,3
train/surprise/image0031938.jpg,3
train/surprise/image0031939.jpg,3
train/surprise/image0031945.jpg,3
train/surprise/image0031946.jpg,2
train/surprise/image0031949.jpg,3
train/surprise/image0031952.jpg,3
train/surprise/image0031953.jpg,3
train/surprise/image0031958.jpg,4
train/surprise/image0031962.jpg,4
train/surprise/image0031968.jpg,3
train/surprise/image0031970.jpg,3
train/surprise/image0031978.jpg,3
train/surprise/image0031980.jpg,2
train/surprise/image0031982.jpg,3
train/surprise/image0031983.jpg,4
train/surprise/image0031984.jpg,4
train/surprise/image0031985.jpg,3
train/surprise/image0031988.jpg,3
train/surprise/image0031993.jpg,3
train/surprise/image0031994.jpg,4
train/surprise/image0031997.jpg,0
train/surprise/image0031998.jpg,3
train/surprise/image0032003.jpg,3
train/surprise/image0032004.jpg,3
train/surprise/image0032005.jpg,3
train/surprise/image0032006.jpg,0
train/surprise/image0032007.jpg,3
train/surprise/image0032009.jpg,3
train/surprise/image0032011.jpg,3
train/surprise/image0032012.jpg,3
train/surprise/image0032013.jpg,3
train/surprise/image0032016.jpg,3
train/surprise/image0032019.jpg,3
train/surprise/image0032020.jpg,3
train/surprise/image0032021.jpg,0
train/surprise/image0032024.jpg,4
train/surprise/image0032025.jpg,3
train/surprise/image0032026.jpg,3
train/surprise/image0032031.jpg,3
train/surprise/image0032033.jpg,3
train/surprise/image0032036.jpg,3
train/surprise/image0032040.jpg,3
train/surprise/image0032042.jpg,3
train/surprise/image0032044.jpg,3
train/surprise/image0032048.jpg,3
train/surprise/image0032049.jpg,3
train/surprise/image0032055.jpg,3
train/surprise/image0032060.jpg,3
train/surprise/image0032062.jpg,3
train/surprise/image0032063.jpg,3
train/surprise/image0032066.jpg,4
train/surprise/image0032067.jpg,3
train/surprise/image0032068.jpg,3
train/surprise/image0032069.jpg,3
train/surprise/image0032071.jpg,3
train/surprise/image0032077.jpg,5
train/surprise/image0032079.jpg,3
train/surprise/image0032081.jpg,1
train/surprise/image0032082.jpg,1
train/surprise/image0032084.jpg,0
train/surprise/image0032086.jpg,3
train/surprise/image0032095.jpg,4
train/surprise/image0032097.jpg,3
train/surprise/image0032107.jpg,3
train/surprise/image0032110.jpg,3
train/surprise/image0032116.jpg,4
train/surprise/image0032117.jpg,3
train/surprise/image0032118.jpg,5
train/surprise/image0032119.jpg,3
train/surprise/image0032123.jpg,3
train/surprise/image0032124.jpg,3
train/surprise/image0032128.jpg,3
train/surprise/image0032136.jpg,0
train/surprise/image0032146.jpg,3
train/surprise/image0032156.jpg,3
train/surprise/image0032157.jpg,3
train/surprise/image0032159.jpg,3
train/surprise/image0032163.jpg,4
train/surprise/image0032171.jpg,3
train/surprise/image0032173.jpg,3
train/surprise/image0032174.jpg,3
train/surprise/image0032177.jpg,3
train/surprise/image0032183.jpg,1
train/surprise/image0032195.jpg,1
train/surprise/image0032197.jpg,3
train/surprise/image0032198.jpg,6
train/surprise/image0032200.jpg,3
train/surprise/image0032201.jpg,4
train/surprise/image0032207.jpg,4
train/surprise/image0032208.jpg,3
train/surprise/image0032211.jpg,3
train/surprise/image0032212.jpg,3
train/surprise/image0032223.jpg,3
train/surprise/image0032229.jpg,3
train/surprise/image0032235.jpg,3
train/surprise/image0032237.jpg,3
train/surprise/image0032238.jpg,4
train/surprise/image0032246.jpg,3
train/surprise/image0032247.jpg,4
train/surprise/image0032250.jpg,3
train/surprise/image0032251.jpg,3
train/surprise/image0032253.jpg,5
train/surprise/image0032255.jpg,3
train/surprise/image0032257.jpg,4
train/surprise/image0032260.jpg,4
train/surprise/image0032261.jpg,6
train/surprise/image0032263.jpg,0
train/surprise/image0032268.jpg,4
train/surprise/image0032275.jpg,3
train/surprise/image0032280.jpg,3
train/surprise/image0032281.jpg,3
train/surprise/image0032283.jpg,3
train/surprise/image0032285.jpg,3
train/surprise/image0032286.jpg,3
train/surprise/image0032293.jpg,3
train/surprise/image0032296.jpg,4
train/surprise/image0032300.jpg,3
train/surprise/image0032301.jpg,3
train/surprise/image0032308.jpg,7
train/surprise/image0032309.jpg,3
train/surprise/image0032314.jpg,3
train/surprise/image0032317.jpg,4
train/surprise/image0032323.jpg,3
train/surprise/image0032327.jpg,3
train/surprise/image0032329.jpg,3
train/surprise/image0032332.jpg,3
train/surprise/image0032337.jpg,3
train/surprise/image0032342.jpg,3
train/surprise/image0032347.jpg,3
train/surprise/image0032352.jpg,3
train/surprise/image0032353.jpg,3
train/surprise/image0032355.jpg,3
train/surprise/image0032361.jpg,3
train/surprise/image0032362.jpg,3
train/surprise/image0032373.jpg,3
train/surprise/image0032379.jpg,3
train/surprise/image0032407.jpg,3
train/surprise/image0032409.jpg,3
train/surprise/image0032410.jpg,3
train/surprise/image0032418.jpg,3
train/surprise/image0032426.jpg,3
train/surprise/image0032436.jpg,4
train/surprise/image0032441.jpg,3
train/surprise/image0032443.jpg,3
train/surprise/image0032445.jpg,4
train/surprise/image0032449.jpg,3
train/surprise/image0032452.jpg,3
train/surprise/image0032455.jpg,3
train/surprise/image0032457.jpg,3
train/surprise/image0032461.jpg,3
train/surprise/image0032462.jpg,3
train/surprise/image0032471.jpg,0
train/surprise/image0032474.jpg,3
train/surprise/image0032476.jpg,6
train/surprise/image0032482.jpg,3
train/surprise/image0032492.jpg,3
train/surprise/image0032497.jpg,3
train/surprise/image0032508.jpg,3
train/surprise/image0032516.jpg,3
train/surprise/image0032525.jpg,3
train/surprise/image0032527.jpg,1
train/surprise/image0032541.jpg,4
train/surprise/image0032565.jpg,3
train/surprise/image0032568.jpg,3
train/surprise/image0032571.jpg,5
train/surprise/image0032590.jpg,3
train/surprise/image0032594.jpg,3
train/surprise/image0032595.jpg,3
train/surprise/image0032602.jpg,3
train/surprise/image0032608.jpg,3
train/surprise/image0032612.jpg,3
train/surprise/image0032614.jpg,3
train/surprise/image0032615.jpg,3
train/surprise/image0032617.jpg,3
train/surprise/image0032619.jpg,3
train/surprise/image0032629.jpg,3
train/surprise/image0032632.jpg,5
train/surprise/image0032633.jpg,4
train/surprise/image0032634.jpg,3
train/surprise/image0032639.jpg,3
train/surprise/image0032642.jpg,6
train/surprise/image0032643.jpg,3
train/surprise/image0032645.jpg,5
train/surprise/image0032665.jpg,3
train/surprise/image0032667.jpg,3
train/surprise/image0032668.jpg,3
train/surprise/image0032669.jpg,7
train/surprise/image0032670.jpg,3
train/surprise/image0032674.jpg,3
train/surprise/image0032675.jpg,3
train/surprise/image0032682.jpg,3
train/surprise/image0032690.jpg,7
train/surprise/image0032692.jpg,3
train/surprise/image0032694.jpg,3
train/surprise/image0032698.jpg,3
train/surprise/image0032703.jpg,3
train/surprise/image0032706.jpg,3
train/surprise/image0032714.jpg,3
train/surprise/image0032715.jpg,6
train/surprise/image0032716.jpg,3
train/surprise/image0032718.jpg,3
train/surprise/image0032720.jpg,3
train/surprise/image0032721.jpg,3
train/surprise/image0032727.jpg,1
train/surprise/image0032728.jpg,1
train/surprise/image0032732.jpg,3
train/surprise/image0032734.jpg,6
train/surprise/image0032757.jpg,3
train/surprise/image0032764.jpg,3
train/surprise/image0032765.jpg,3
train/surprise/image0032773.jpg,3
train/surprise/image0032775.jpg,3
train/surprise/image0032780.jpg,3
train/surprise/image0032785.jpg,3
train/surprise/image0032787.jpg,3
train/surprise/image0032790.jpg,3
train/surprise/image0032794.jpg,4
train/surprise/image0032799.jpg,3
train/surprise/image0032801.jpg,3
train/surprise/image0032806.jpg,3
train/surprise/image0032807.jpg,4
train/surprise/image0032813.jpg,4
train/surprise/image0032816.jpg,3
train/surprise/image0032823.jpg,3
train/surprise/image0032824.jpg,5
train/surprise/image0032825.jpg,3
train/surprise/image0032826.jpg,3
train/surprise/image0032830.jpg,3
train/surprise/image0032834.jpg,3
train/surprise/image0032837.jpg,3
train/surprise/image0032841.jpg,3
train/surprise/image0032842.jpg,4
train/surprise/image0032844.jpg,4
train/surprise/image0032853.jpg,3
train/surprise/image0032860.jpg,3
train/surprise/image0032863.jpg,4
train/surprise/image0032865.jpg,3
train/surprise/image0032867.jpg,3
train/surprise/image0032875.jpg,3
train/surprise/image0032877.jpg,3
train/surprise/image0032883.jpg,3
train/surprise/image0032885.jpg,3
train/surprise/image0032894.jpg,7
train/surprise/image0032896.jpg,3
train/surprise/image0032898.jpg,6
train/surprise/image0032903.jpg,3
train/surprise/image0032909.jpg,3
train/surprise/image0032911.jpg,3
train/surprise/image0032924.jpg,4
train/surprise/image0032925.jpg,3
train/surprise/image0032926.jpg,3
train/surprise/image0032927.jpg,4
train/surprise/image0032928.jpg,7
train/surprise/image0032930.jpg,3
train/surprise/image0032936.jpg,4
train/surprise/image0032938.jpg,3
train/surprise/image0032940.jpg,3
train/surprise/image0032947.jpg,3
train/surprise/image0032948.jpg,3
train/surprise/image0032950.jpg,4
train/surprise/image0032952.jpg,3
train/surprise/image0032953.jpg,3
train/surprise/image0032954.jpg,4
train/surprise/image0032957.jpg,3
train/surprise/image0032959.jpg,3
train/surprise/image0032960.jpg,3
train/surprise/image0032962.jpg,1
train/surprise/image0032963.jpg,3
train/surprise/image0032969.jpg,3
train/surprise/image0032973.jpg,7
train/surprise/image0032975.jpg,3
train/surprise/image0032976.jpg,4
train/surprise/image0032986.jpg,1
train/surprise/image0032989.jpg,4
train/surprise/image0032992.jpg,3
train/surprise/image0033000.jpg,3
train/surprise/image0033004.jpg,4
train/surprise/image0033009.jpg,3
train/surprise/image0033012.jpg,5
train/surprise/image0033015.jpg,6
train/surprise/image0033023.jpg,3
train/surprise/image0033024.jpg,3
train/surprise/image0033026.jpg,3
train/surprise/image0033033.jpg,3
train/surprise/image0033041.jpg,3
train/surprise/image0033045.jpg,3
train/surprise/image0033047.jpg,3
train/surprise/image0033050.jpg,3
train/surprise/image0033053.jpg,3
train/surprise/image0033055.jpg,3
train/surprise/image0033059.jpg,3
train/surprise/image0033062.jpg,0
train/surprise/image0033071.jpg,3
train/surprise/image0033073.jpg,3
train/surprise/image0033077.jpg,3
train/surprise/image0033085.jpg,3
train/surprise/image0033086.jpg,3
train/surprise/image0033092.jpg,3
train/surprise/image0033098.jpg,3
train/surprise/image0033099.jpg,3
train/surprise/image0033100.jpg,3
train/surprise/image0033101.jpg,3
train/surprise/image0033105.jpg,3
train/surprise/image0033106.jpg,3
train/surprise/image0033109.jpg,3
train/surprise/image0033111.jpg,4
train/surprise/image0033113.jpg,6
train/surprise/image0033114.jpg,3
train/surprise/image0033116.jpg,3
train/surprise/image0033117.jpg,3
train/surprise/image0033127.jpg,3
train/surprise/image0033128.jpg,5
train/surprise/image0033131.jpg,3
train/surprise/image0033139.jpg,3
train/surprise/image0033142.jpg,1
train/surprise/image0033143.jpg,3
train/surprise/image0033147.jpg,3
train/surprise/image0033148.jpg,4
train/surprise/image0033149.jpg,4
train/surprise/image0033150.jpg,3
train/surprise/image0033152.jpg,7
train/surprise/image0033153.jpg,3
train/surprise/image0033154.jpg,3
train/surprise/image0033157.jpg,3
train/surprise/image0033161.jpg,3
train/surprise/image0033162.jpg,3
train/surprise/image0033164.jpg,3
train/surprise/image0033166.jpg,3
train/surprise/image0033167.jpg,6
train/surprise/image0033175.jpg,4
train/surprise/image0033179.jpg,3
train/surprise/image0033180.jpg,3
train/surprise/image0033181.jpg,3
train/surprise/image0033183.jpg,3
train/surprise/image0033186.jpg,3
train/surprise/image0033187.jpg,0
train/surprise/image0033194.jpg,3
train/surprise/image0033195.jpg,4
train/surprise/image0033197.jpg,3
train/surprise/image0033199.jpg,5
train/surprise/image0033202.jpg,3
train/surprise/image0033211.jpg,2
train/surprise/image0033214.jpg,3
train/surprise/image0033215.jpg,3
train/surprise/image0033218.jpg,3
train/surprise/image0033219.jpg,1
train/surprise/image0033225.jpg,3
train/surprise/image0033227.jpg,4
train/surprise/image0033228.jpg,3
train/surprise/image0033229.jpg,3
train/surprise/image0033230.jpg,3
train/surprise/image0033235.jpg,4
train/surprise/image0033236.jpg,3
train/surprise/image0033239.jpg,3
train/surprise/image0033244.jpg,3
train/surprise/image0033246.jpg,3
train/surprise/image0033251.jpg,1
train/surprise/image0033256.jpg,3
train/surprise/image0033260.jpg,3
train/surprise/image0033261.jpg,3
train/surprise/image0033263.jpg,2
train/surprise/image0033264.jpg,3
train/surprise/image0033265.jpg,3
train/surprise/image0033273.jpg,4
train/surprise/image0033282.jpg,6
train/surprise/image0033284.jpg,4
train/surprise/image0033291.jpg,3
train/surprise/image0033295.jpg,3
train/surprise/image0033298.jpg,3
train/surprise/image0033299.jpg,4
train/surprise/image0033301.jpg,3
train/surprise/image0033302.jpg,4
train/surprise/image0033303.jpg,1
train/surprise/image0033304.jpg,0
train/surprise/image0033312.jpg,3
train/surprise/image0033316.jpg,3
train/surprise/image0033318.jpg,3
train/surprise/image0033321.jpg,3
train/surprise/image0033322.jpg,3
train/surprise/image0033323.jpg,3
train/surprise/image0033325.jpg,3
train/surprise/image0033326.jpg,3
train/surprise/image0033327.jpg,3
train/surprise/image0033332.jpg,5
train/surprise/image0033333.jpg,0
train/surprise/image0033336.jpg,0
train/surprise/image0033339.jpg,3
train/surprise/image0033341.jpg,1
train/surprise/image0033343.jpg,3
train/surprise/image0033349.jpg,3
train/surprise/image0033350.jpg,3
train/surprise/image0033352.jpg,3
train/surprise/image0033353.jpg,4
train/surprise/image0033360.jpg,3
train/surprise/image0033361.jpg,3
train/surprise/image0033362.jpg,3
train/surprise/image0033363.jpg,3
train/surprise/image0033368.jpg,3
train/surprise/image0033372.jpg,4
train/surprise/image0033386.jpg,4
train/surprise/image0033387.jpg,3
train/surprise/image0033396.jpg,3
train/surprise/image0033400.jpg,4
train/surprise/image0033402.jpg,1
train/surprise/image0033403.jpg,0
train/surprise/image0033404.jpg,4
train/surprise/image0033407.jpg,3
train/surprise/image0033412.jpg,3
train/surprise/image0033415.jpg,5
train/surprise/image0033417.jpg,4
train/surprise/image0033423.jpg,0
train/surprise/image0033424.jpg,4
train/surprise/image0033425.jpg,3
train/surprise/image0033426.jpg,3
train/surprise/image0033427.jpg,3
train/surprise/image0033429.jpg,3
train/surprise/image0033430.jpg,3
train/surprise/image0033433.jpg,3
train/surprise/image0033434.jpg,3
train/surprise/image0033437.jpg,3
train/surprise/image0033439.jpg,4
train/surprise/image0033441.jpg,3
train/surprise/image0033442.jpg,4
train/surprise/image0033444.jpg,3
train/surprise/image0033447.jpg,3
train/surprise/image0033448.jpg,4
train/surprise/image0033454.jpg,3
train/surprise/image0033456.jpg,3
train/surprise/image0033457.jpg,3
train/surprise/image0033458.jpg,4
train/surprise/image0033460.jpg,0
train/surprise/image0033464.jpg,4
train/surprise/image0033468.jpg,4
train/surprise/image0033470.jpg,3
train/surprise/image0033471.jpg,3
train/surprise/image0033472.jpg,3
train/surprise/image0033473.jpg,4
train/surprise/image0033474.jpg,3
train/surprise/image0033475.jpg,4
train/surprise/image0033478.jpg,4
train/surprise/image0033480.jpg,3
train/surprise/image0033486.jpg,3
train/surprise/image0033500.jpg,4
train/surprise/image0033502.jpg,6
train/surprise/image0033503.jpg,3
train/surprise/image0033507.jpg,3
train/surprise/image0033509.jpg,3
train/surprise/image0033515.jpg,3
train/surprise/image0033516.jpg,7
train/surprise/image0033518.jpg,6
train/surprise/image0033521.jpg,2
train/surprise/image0033522.jpg,3
train/surprise/image0033524.jpg,3
train/surprise/image0033526.jpg,3
train/surprise/image0033529.jpg,3
train/surprise/image0033530.jpg,3
train/surprise/image0033532.jpg,0
train/surprise/image0033533.jpg,3
train/surprise/image0033537.jpg,3
train/surprise/image0033541.jpg,3
train/surprise/image0033544.jpg,7
train/surprise/image0033548.jpg,3
train/surprise/image0033550.jpg,3
train/surprise/image0033551.jpg,3
train/surprise/image0033556.jpg,4
train/surprise/image0033557.jpg,3
train/surprise/image0033563.jpg,3
train/surprise/image0033564.jpg,4
train/surprise/image0033567.jpg,3
train/surprise/image0033568.jpg,3
train/surprise/image0033570.jpg,6
train/surprise/image0033573.jpg,3
train/surprise/image0033589.jpg,3
train/surprise/image0033591.jpg,3
train/surprise/image0033592.jpg,6
train/surprise/image0033596.jpg,2
train/surprise/image0033599.jpg,3
train/surprise/image0033600.jpg,3
train/surprise/image0033603.jpg,3
train/surprise/image0033606.jpg,3
train/surprise/image0033608.jpg,3
train/surprise/image0033612.jpg,5
train/surprise/image0033613.jpg,6
train/surprise/image0033615.jpg,3
train/surprise/image0033616.jpg,3
train/surprise/image0033619.jpg,0
train/surprise/image0033623.jpg,3
train/surprise/image0033624.jpg,3
train/surprise/image0033625.jpg,3
train/surprise/image0033627.jpg,3
train/surprise/image0033630.jpg,3
train/surprise/image0033631.jpg,3
train/surprise/image0033632.jpg,4
train/surprise/image0033638.jpg,3
train/surprise/image0033643.jpg,3
train/surprise/image0033645.jpg,3
train/surprise/image0033647.jpg,3
train/surprise/image0033650.jpg,3
train/surprise/image0033652.jpg,3
train/surprise/image0033654.jpg,0
train/surprise/image0033656.jpg,4
train/surprise/image0033657.jpg,2
train/surprise/image0033658.jpg,3
train/surprise/image0033662.jpg,3
train/surprise/image0033666.jpg,4
train/surprise/image0033674.jpg,3
train/surprise/image0033676.jpg,3
train/surprise/image0033684.jpg,3
train/surprise/image0033689.jpg,3
train/surprise/image0033690.jpg,3
train/surprise/image0033693.jpg,3
train/surprise/image0033694.jpg,3
train/surprise/image0033695.jpg,3
train/surprise/image0033698.jpg,3
train/surprise/image0033701.jpg,3
train/surprise/image0033702.jpg,3
train/surprise/image0033704.jpg,3
train/surprise/image0033707.jpg,3
train/surprise/image0033708.jpg,4
train/surprise/image0033712.jpg,3
train/surprise/image0033714.jpg,3
train/surprise/image0033719.jpg,3
train/surprise/image0033720.jpg,1
train/surprise/image0033726.jpg,3
train/surprise/image0033727.jpg,0
train/surprise/image0033729.jpg,3
train/surprise/image0033730.jpg,4
train/surprise/image0033734.jpg,4
train/surprise/image0033736.jpg,2
train/surprise/image0033737.jpg,3
train/surprise/image0033740.jpg,3
train/surprise/image0033741.jpg,2
train/surprise/image0033746.jpg,3
train/surprise/image0033751.jpg,3
train/surprise/image0033754.jpg,4
train/surprise/image0033756.jpg,3
train/surprise/image0033759.jpg,3
train/surprise/image0033766.jpg,4
train/surprise/image0033768.jpg,1
train/surprise/image0033776.jpg,3
train/surprise/image0033779.jpg,0
train/surprise/image0033782.jpg,3
train/surprise/image0033786.jpg,3
train/surprise/image0033787.jpg,3
train/surprise/image0033790.jpg,3
train/surprise/image0033798.jpg,4
train/surprise/image0033801.jpg,3
train/surprise/image0033802.jpg,0
train/surprise/image0033805.jpg,3
train/surprise/image0033807.jpg,4
train/surprise/image0033808.jpg,4
train/surprise/image0033809.jpg,3
train/surprise/image0033810.jpg,3
train/surprise/image0033811.jpg,3
train/surprise/image0033814.jpg,3
train/surprise/image0033821.jpg,3
train/surprise/image0033822.jpg,4
train/surprise/image0033824.jpg,4
train/surprise/image0033828.jpg,3
train/surprise/image0033832.jpg,3
train/surprise/image0033835.jpg,3
train/surprise/image0033836.jpg,3
train/surprise/image0033837.jpg,4
train/surprise/image0033838.jpg,3
train/surprise/image0033843.jpg,3
train/surprise/image0033844.jpg,3
train/surprise/image0033846.jpg,3
train/surprise/image0033847.jpg,3
train/surprise/image0033849.jpg,3
train/surprise/image0033851.jpg,3
train/surprise/image0033853.jpg,3
train/surprise/image0033858.jpg,4
train/surprise/image0033860.jpg,4
train/surprise/image0033862.jpg,3
train/surprise/image0033865.jpg,3
train/surprise/image0033868.jpg,3
train/surprise/image0033869.jpg,3
train/surprise/image0033870.jpg,6
train/surprise/image0033873.jpg,3
train/surprise/image0033876.jpg,4
train/surprise/image0033878.jpg,7
train/surprise/image0033880.jpg,5
train/surprise/image0033882.jpg,3
train/surprise/image0033883.jpg,3
train/surprise/image0033889.jpg,2
train/surprise/image0033891.jpg,3
train/surprise/image0033892.jpg,3
train/surprise/image0033894.jpg,4
train/surprise/image0033898.jpg,3
train/surprise/image0033900.jpg,4
train/surprise/image0033910.jpg,3
train/surprise/image0033915.jpg,3
train/surprise/image0033917.jpg,3
train/surprise/image0033918.jpg,3
train/surprise/image0033921.jpg,3
train/surprise/image0033922.jpg,3
train/surprise/image0033926.jpg,3
train/surprise/image0033931.jpg,3
train/surprise/image0033934.jpg,3
train/surprise/image0033935.jpg,3
train/surprise/image0033943.jpg,3
train/surprise/image0033945.jpg,4
train/surprise/image0033947.jpg,3
train/surprise/image0033948.jpg,3
train/surprise/image0033955.jpg,3
train/surprise/image0033957.jpg,3
train/surprise/image0033962.jpg,3
train/surprise/image0033964.jpg,3
train/surprise/image0033966.jpg,4
train/surprise/image0033971.jpg,4
train/surprise/image0033972.jpg,3
train/surprise/image0033981.jpg,3
train/surprise/image0033982.jpg,3
train/surprise/image0033983.jpg,5
train/surprise/image0033985.jpg,1
train/surprise/image0033988.jpg,4
train/surprise/image0033990.jpg,6
train/surprise/image0033992.jpg,3
train/surprise/image0033993.jpg,0
train/surprise/image0033994.jpg,3
train/surprise/image0033995.jpg,3
train/surprise/image0033998.jpg,3
train/surprise/image0034002.jpg,3
train/surprise/image0034004.jpg,3
train/surprise/image0034005.jpg,4
train/surprise/image0034014.jpg,4
train/surprise/image0034017.jpg,3
train/surprise/image0034019.jpg,3
train/surprise/image0034020.jpg,3
train/surprise/image0034021.jpg,3
train/surprise/image0034022.jpg,3
train/surprise/image0034023.jpg,3
train/surprise/image0034024.jpg,3
train/surprise/image0034028.jpg,4
train/surprise/image0034033.jpg,4
train/surprise/image0034038.jpg,3
train/surprise/image0034041.jpg,4
train/surprise/image0034042.jpg,3
train/surprise/image0034050.jpg,1
train/surprise/image0034051.jpg,3
train/surprise/image0034052.jpg,3
train/surprise/image0034055.jpg,5
train/surprise/image0034056.jpg,4
train/surprise/image0034057.jpg,3
train/surprise/image0034058.jpg,3
train/surprise/image0034061.jpg,6
train/surprise/image0034065.jpg,3
train/surprise/image0034067.jpg,3
train/surprise/image0034069.jpg,3
train/surprise/image0034072.jpg,3
train/surprise/image0034075.jpg,5
train/surprise/image0034076.jpg,3
train/surprise/image0034077.jpg,3
train/surprise/image0034080.jpg,4
train/surprise/image0034087.jpg,3
train/surprise/image0034088.jpg,4
train/surprise/image0034090.jpg,3
train/surprise/image0034092.jpg,3
train/surprise/image0034093.jpg,3
train/surprise/image0034094.jpg,4
train/surprise/image0034099.jpg,3
train/surprise/image0034103.jpg,3
train/surprise/image0034104.jpg,0
train/surprise/image0034105.jpg,4
train/surprise/image0034106.jpg,3
train/surprise/image0034108.jpg,3
train/surprise/image0034109.jpg,3
train/surprise/image0034114.jpg,3
train/surprise/image0034125.jpg,3
train/surprise/image0034128.jpg,4
train/surprise/image0034133.jpg,3
train/surprise/image0034135.jpg,3
train/surprise/image0034137.jpg,4
train/surprise/image0034146.jpg,4
train/surprise/image0034147.jpg,3
train/surprise/image0034148.jpg,3
train/surprise/image0034149.jpg,3
train/surprise/image0034150.jpg,4
train/surprise/image0034151.jpg,1
train/surprise/image0034152.jpg,3
train/surprise/image0034153.jpg,3
train/surprise/image0034155.jpg,3
train/surprise/image0034161.jpg,4
train/surprise/image0034163.jpg,3
train/surprise/image0034168.jpg,3
train/surprise/image0034171.jpg,3
train/surprise/image0034175.jpg,4
train/surprise/image0034176.jpg,3
train/surprise/image0034178.jpg,0
train/surprise/image0034180.jpg,3
train/surprise/image0034181.jpg,3
train/surprise/image0034183.jpg,3
train/surprise/image0034186.jpg,3
train/surprise/image0034194.jpg,1
train/surprise/image0034195.jpg,3
train/surprise/image0034197.jpg,3
train/surprise/image0034198.jpg,3
train/surprise/image0034200.jpg,3
train/surprise/image0034204.jpg,3
train/surprise/image0034206.jpg,3
train/surprise/image0034209.jpg,3
train/surprise/image0034217.jpg,3
train/surprise/image0034219.jpg,3
train/surprise/image0034220.jpg,2
train/surprise/image0034223.jpg,3
train/surprise/image0034224.jpg,3
train/surprise/image0034227.jpg,3
train/surprise/image0034232.jpg,3
train/surprise/image0034233.jpg,3
train/surprise/image0034234.jpg,3
train/surprise/image0034235.jpg,3
train/surprise/image0034237.jpg,6
train/surprise/image0034238.jpg,4
train/surprise/image0034239.jpg,3
train/surprise/image0034248.jpg,4
train/surprise/image0034251.jpg,3
train/surprise/image0034253.jpg,3
train/surprise/image0034255.jpg,4
train/surprise/image0034257.jpg,3
train/surprise/image0034258.jpg,4
train/surprise/image0034261.jpg,3
train/surprise/image0034263.jpg,4
train/surprise/image0034267.jpg,3
train/surprise/image0034268.jpg,3
train/surprise/image0034271.jpg,3
train/surprise/image0034275.jpg,3
train/surprise/image0034278.jpg,3
train/surprise/image0034286.jpg,3
train/surprise/image0034289.jpg,4
train/surprise/image0034294.jpg,3
train/surprise/image0034299.jpg,7
train/surprise/image0034301.jpg,3
train/surprise/image0034302.jpg,4
train/surprise/image0034303.jpg,3
train/surprise/image0034304.jpg,1
train/surprise/image0034305.jpg,0
train/surprise/image0034307.jpg,3
train/surprise/image0034308.jpg,3
train/surprise/image0034312.jpg,3
train/surprise/image0034314.jpg,4
train/surprise/image0034317.jpg,4
train/surprise/image0034318.jpg,3
train/surprise/image0034325.jpg,3
train/surprise/image0034327.jpg,3
train/surprise/image0034332.jpg,3
train/surprise/image0034334.jpg,4
train/surprise/image0034344.jpg,4
train/surprise/image0034345.jpg,3
train/surprise/image0034346.jpg,4
train/surprise/image0034352.jpg,7
train/surprise/image0034354.jpg,4
train/surprise/image0034355.jpg,3
train/surprise/image0034356.jpg,3
train/surprise/image0034357.jpg,3
train/surprise/image0034362.jpg,3
train/surprise/image0034363.jpg,4
train/surprise/image0034366.jpg,5
train/surprise/image0034369.jpg,6
train/surprise/image0034372.jpg,3
train/surprise/image0034376.jpg,3
train/surprise/image0034378.jpg,3
train/surprise/image0034383.jpg,4
train/surprise/image0034384.jpg,3
train/surprise/image0034386.jpg,3
train/surprise/image0034388.jpg,3
train/surprise/image0034390.jpg,0
train/surprise/image0034392.jpg,3
train/surprise/image0034398.jpg,3
train/surprise/image0034401.jpg,3
train/surprise/image0034407.jpg,3
train/surprise/image0034409.jpg,3
train/surprise/image0034415.jpg,3
train/surprise/image0034421.jpg,3
train/surprise/image0034426.jpg,3
train/surprise/image0034430.jpg,4
train/surprise/image0034432.jpg,4
train/surprise/image0034433.jpg,3
train/surprise/image0034434.jpg,3
train/surprise/image0034435.jpg,3
train/surprise/image0034439.jpg,3
train/surprise/image0034442.jpg,0
train/surprise/image0034444.jpg,3
train/surprise/image0034445.jpg,3
train/surprise/image0034447.jpg,1
train/surprise/image0034448.jpg,3
train/surprise/image0034449.jpg,4
train/surprise/image0034452.jpg,4
train/surprise/image0034456.jpg,3
train/surprise/image0034458.jpg,4
train/surprise/image0034461.jpg,3
train/surprise/image0034462.jpg,1
train/surprise/image0034465.jpg,3
train/surprise/image0034471.jpg,3
train/surprise/image0034472.jpg,3
train/surprise/image0034479.jpg,0
train/surprise/image0034480.jpg,1
train/surprise/image0034481.jpg,3
train/surprise/image0034483.jpg,4
train/surprise/image0034487.jpg,3
train/surprise/image0034493.jpg,3
train/surprise/image0034499.jpg,3
train/surprise/image0034503.jpg,3
train/surprise/image0034505.jpg,4
train/surprise/image0034507.jpg,4
train/surprise/image0034508.jpg,3
train/surprise/image0034509.jpg,3
train/surprise/image0034511.jpg,3
train/surprise/image0034512.jpg,6
train/surprise/image0034513.jpg,4
train/surprise/image0034514.jpg,1
train/surprise/image0034518.jpg,3
train/surprise/image0034521.jpg,1
train/surprise/image0034524.jpg,3
train/surprise/image0034528.jpg,3
train/surprise/image0034531.jpg,3
train/surprise/image0034535.jpg,3
train/surprise/image0034536.jpg,1
train/surprise/image0034537.jpg,3
train/surprise/image0034539.jpg,3
train/surprise/image0034541.jpg,3
train/surprise/image0034542.jpg,3
train/surprise/image0034547.jpg,6
train/surprise/image0034549.jpg,3
train/surprise/image0034552.jpg,3
train/surprise/image0034553.jpg,3
train/surprise/image0034555.jpg,4
train/surprise/image0034560.jpg,3
train/surprise/image0034563.jpg,3
train/surprise/image0034566.jpg,3
train/surprise/image0034568.jpg,3
train/surprise/image0034573.jpg,3
train/surprise/image0034576.jpg,3
train/surprise/image0034578.jpg,3
train/surprise/image0034581.jpg,3
train/surprise/image0034584.jpg,0
train/surprise/image0034586.jpg,4
train/surprise/image0034589.jpg,3
train/surprise/image0034594.jpg,3
train/surprise/image0034597.jpg,4
train/surprise/image0034599.jpg,3
train/surprise/image0034603.jpg,3
train/surprise/image0034604.jpg,3
train/surprise/image0034605.jpg,4
train/surprise/image0034607.jpg,1
train/surprise/image0034610.jpg,3
train/surprise/image0034611.jpg,3
train/surprise/image0034616.jpg,4
train/surprise/image0034617.jpg,4
train/surprise/image0034619.jpg,3
train/surprise/image0034622.jpg,2
train/surprise/image0034627.jpg,4
train/surprise/image0034628.jpg,2
train/surprise/image0034631.jpg,3
train/surprise/image0034632.jpg,3
train/surprise/image0034633.jpg,3
train/surprise/image0034635.jpg,6
train/surprise/image0034640.jpg,3
train/surprise/image0034642.jpg,3
train/surprise/image0034644.jpg,3
train/surprise/image0034645.jpg,3
train/surprise/image0034646.jpg,4
train/surprise/image0034649.jpg,4
train/surprise/image0034650.jpg,4
train/surprise/image0034651.jpg,3
train/surprise/image0034654.jpg,3
train/surprise/image0034655.jpg,4
train/surprise/image0034656.jpg,3
train/surprise/image0034659.jpg,3
train/surprise/image0034668.jpg,3
train/surprise/image0034679.jpg,3
train/surprise/image0034681.jpg,7
train/surprise/image0034684.jpg,3
train/surprise/image0034687.jpg,3
train/surprise/image0034692.jpg,3
train/surprise/image0034696.jpg,3
train/surprise/image0034698.jpg,3
train/surprise/image0034699.jpg,3
train/surprise/image0034700.jpg,3
train/surprise/image0034704.jpg,3
train/surprise/image0034706.jpg,3
train/surprise/image0034711.jpg,3
train/surprise/image0034717.jpg,4
train/surprise/image0034719.jpg,4
train/surprise/image0034722.jpg,2
train/surprise/image0034727.jpg,3
train/surprise/image0034731.jpg,3
train/surprise/image0034732.jpg,3
train/surprise/image0034733.jpg,2
train/surprise/image0034735.jpg,3
train/surprise/image0034741.jpg,3
train/surprise/image0034744.jpg,3
train/surprise/image0034747.jpg,3
train/surprise/image0034749.jpg,3
train/surprise/image0034750.jpg,1
train/surprise/image0034754.jpg,0
train/surprise/image0034759.jpg,0
train/surprise/image0034765.jpg,4
train/surprise/image0034767.jpg,3
train/surprise/image0034769.jpg,3
train/surprise/image0034772.jpg,3
train/surprise/image0034773.jpg,3
train/surprise/image0034778.jpg,3
train/surprise/image0034784.jpg,4
train/surprise/image0034788.jpg,2
train/surprise/image0034790.jpg,1
train/surprise/image0034792.jpg,3
train/surprise/image0034795.jpg,4
train/surprise/image0034799.jpg,3
train/surprise/image0034802.jpg,3
train/surprise/image0034803.jpg,3
train/surprise/image0034804.jpg,3
train/surprise/image0034809.jpg,5
train/surprise/image0034812.jpg,3
train/surprise/image0034817.jpg,3
train/surprise/image0034818.jpg,3
train/surprise/image0034822.jpg,3
train/surprise/image0034824.jpg,3
train/surprise/image0034827.jpg,3
train/surprise/image0034829.jpg,1
train/surprise/image0034831.jpg,0
train/surprise/image0034835.jpg,3
train/surprise/image0034841.jpg,4
train/surprise/image0034845.jpg,3
train/surprise/image0034846.jpg,3
train/surprise/image0034852.jpg,0
train/surprise/image0034853.jpg,3
train/surprise/image0034854.jpg,3
train/surprise/image0034864.jpg,3
train/surprise/image0034868.jpg,3
train/surprise/image0034874.jpg,4
train/surprise/image0034879.jpg,3
train/surprise/image0034882.jpg,3
train/surprise/image0034886.jpg,3
train/surprise/image0034887.jpg,3
train/surprise/image0034891.jpg,3
train/surprise/image0034892.jpg,3
train/surprise/image0034893.jpg,3
train/surprise/image0034896.jpg,3
train/surprise/image0034900.jpg,5
train/surprise/image0034901.jpg,4
train/surprise/image0034902.jpg,3
train/surprise/image0034903.jpg,3
train/surprise/image0034906.jpg,5
train/surprise/image0034908.jpg,3
train/surprise/image0034915.jpg,3
train/surprise/image0034920.jpg,3
train/surprise/image0034929.jpg,3
train/surprise/image0034931.jpg,1
train/surprise/image0034939.jpg,0
train/surprise/image0034946.jpg,1
train/surprise/image0034947.jpg,3
train/surprise/image0034951.jpg,3
train/surprise/image0034957.jpg,3
train/surprise/image0034960.jpg,3
train/surprise/image0034961.jpg,3
train/surprise/image0034966.jpg,3
train/surprise/image0034973.jpg,0
train/surprise/image0042075.jpg,5
